input_id,input_name,input_path,input_full_path,match_id,match_name,match_path,match_full_path,confidence,reasoning,method
12420,"Азіатська вермишель, лапша",,"Азіатська кухня > Азіатська вермишель, лапша",367,Рис та локшина,,Бакалія і консерви > Азійська кухня > Рис та локшина,0.9,Точне семантичне співпадіння - азійська локшина,semantic
12421,Азіатський суп,,Азіатська кухня > Азіатський суп,369,Азійські страви швидкого приготування,,Бакалія і консерви > Азійська кухня > Азійські страви швидкого приготування,0.7,Часткове семантичне співпадіння з азійськими стравами,semantic
12422,Азіатські приправи,,Азіатська кухня > Азіатські приправи,366,"Соуси, приправи",,"Бакалія і консерви > Азійська кухня > Соуси, приправи",1.0,Точне семантичне співпадіння з азійськими соусами та приправами,exact
12423,"Кокосове молоко, вершки",,"Азіатська кухня > Кокосове молоко, вершки",370,Набори для приготування,,Бакалія і консерви > Азійська кухня > Набори для приготування,0.6,Часткове семантичне співпадіння з наборами для приготування,semantic
12416,Водорості норі,,Азіатська кухня > Продукти для суші і ролів > Водорості норі,368,Водорості,,Бакалія і консерви > Азійська кухня > Водорості,0.9,Точне семантичне співпадіння з водоростями,semantic
12418,"Імбир, васабі",,"Азіатська кухня > Продукти для суші і ролів > Імбир, васабі",50,Імбир,,"Овочі та фрукти, зелень, гриби  > Овочі > Імбир",0.8,Часткове семантичне співпадіння з імбирем,semantic
12419,Набір для приготування,,Азіатська кухня > Продукти для суші і ролів > Набір для приготування,370,Набори для приготування,,Бакалія і консерви > Азійська кухня > Набори для приготування,1.0,Точне семантичне співпадіння з наборами для приготування,exact
12417,Оцет і соуси,,Азіатська кухня > Продукти для суші і ролів > Оцет і соуси,366,"Соуси, приправи",,"Бакалія і консерви > Азійська кухня > Соуси, приправи",1.0,Точне семантичне співпадіння з соусами та приправами,exact
12415,Рис для суші,,Азіатська кухня > Продукти для суші і ролів > Рис для суші,367,Рис та локшина,,Бакалія і консерви > Азійська кухня > Рис та локшина,1.0,Точне семантичне співпадіння з рисом,exact
12002,Вина безалкогольні,,Алкоголь > Вино > Вина безалкогольні,582,Тихі вина,,Алкоголь. Напої. Тютюн > Алкоголь > Тихі вина,0.6,Часткове семантичне співпадіння з винами,semantic
11999,Вина тихі білі,,Алкоголь > Вино > Вина тихі білі,582,Тихі вина,,Алкоголь. Напої. Тютюн > Алкоголь > Тихі вина,0.9,Точне співпадіння категорії тихих вин,semantic
12000,Вина тихі рожеві,,Алкоголь > Вино > Вина тихі рожеві,582,Тихі вина,,Алкоголь. Напої. Тютюн > Алкоголь > Тихі вина,0.9,Точне співпадіння категорії тихих вин,semantic
12001,"Вина тихі солодкі, кріплені",,"Алкоголь > Вино > Вина тихі солодкі, кріплені",582,Тихі вина,,Алкоголь. Напої. Тютюн > Алкоголь > Тихі вина,0.9,Точне співпадіння категорії тихих вин,semantic
11998,Вина тихі червоні,,Алкоголь > Вино > Вина тихі червоні,582,Тихі вина,,Алкоголь. Напої. Тютюн > Алкоголь > Тихі вина,0.9,Точне співпадіння категорії тихих вин,semantic
12003,"Шампанське, вина ігристі",,"Алкоголь > Вино > Шампанське, вина ігристі",590,Ігристі вина та шампанське,,Алкоголь. Напої. Тютюн > Алкоголь > Ігристі вина та шампанське,1.0,Точне співпадіння категорії ігристих вин та шампанського,exact
11987,Аперитив,,Алкоголь > Коктейльні напої > Аперитив,580,"Лікери, бальзами, біттери",,"Алкоголь. Напої. Тютюн > Алкоголь > Міцний алкоголь > Лікери, бальзами, біттери",0.8,Часткове співпадіння в категорії лікерів та біттерів,semantic
11988,Біттер,,Алкоголь > Коктейльні напої > Біттер,580,"Лікери, бальзами, біттери",,"Алкоголь. Напої. Тютюн > Алкоголь > Міцний алкоголь > Лікери, бальзами, біттери",1.0,Точне співпадіння категорії біттерів,exact
11989,Вермут,,Алкоголь > Коктейльні напої > Вермут,601,Вермути,,Алкоголь. Напої. Тютюн > Алкоголь > Вермути,1.0,Точне співпадіння категорії вермутів,exact
11990,Лікер,,Алкоголь > Коктейльні напої > Лікер,580,"Лікери, бальзами, біттери",,"Алкоголь. Напої. Тютюн > Алкоголь > Міцний алкоголь > Лікери, бальзами, біттери",1.0,Точне співпадіння категорії лікерів,exact
11991,Наливка,,Алкоголь > Коктейльні напої > Наливка,579,"Настоянки, наливки",,"Алкоголь. Напої. Тютюн > Алкоголь > Міцний алкоголь > Настоянки, наливки",1.0,Точне співпадіння категорії наливок,exact
11992,"Настоянка, бальзам",,"Алкоголь > Коктейльні напої > Настоянка, бальзам",580,"Лікери, бальзами, біттери",,"Алкоголь. Напої. Тютюн > Алкоголь > Міцний алкоголь > Лікери, бальзами, біттери",0.9,Точне семантичне співпадіння категорії бальзамів,semantic
11978,Абсент,,Алкоголь > Міцні напої > Абсент,577,Азійський алкоголь,,Алкоголь. Напої. Тютюн > Алкоголь > Міцний алкоголь > Азійський алкоголь,0.5,"Немає точної категорії для абсенту, часткове співпадіння з міцним алкоголем",general
11984,Безалкогольні міцні напої,,Алкоголь > Міцні напої > Безалкогольні міцні напої,614,Безалкогольні міцні напої,,Алкоголь. Напої. Тютюн > Алкоголь > Міцний алкоголь > Безалкогольні міцні напої,1.0,Точне співпадіння категорії,exact
11979,Віскі,,Алкоголь > Міцні напої > Віскі,572,Віскі,,Алкоголь. Напої. Тютюн > Алкоголь > Міцний алкоголь > Віскі,1.0,Точне співпадіння категорії,exact
11980,Горілка,,Алкоголь > Міцні напої > Горілка,578,Горілка,,Алкоголь. Напої. Тютюн > Алкоголь > Міцний алкоголь > Горілка,1.0,Точне співпадіння категорії,exact
11981,"Джин, женевер",,"Алкоголь > Міцні напої > Джин, женевер",575,Джин,,Алкоголь. Напої. Тютюн > Алкоголь > Міцний алкоголь > Джин,0.9,"Майже точне співпадіння, враховуючи женевер як різновид джину",semantic
11982,"Коньяк, бренді, арманьяк",,"Алкоголь > Міцні напої > Коньяк, бренді, арманьяк",573,"Коньяк, бренді",,"Алкоголь. Напої. Тютюн > Алкоголь > Міцний алкоголь > Коньяк, бренді",0.9,Точне співпадіння з незначною різницею у формулюванні,semantic
11983,Ром,,Алкоголь > Міцні напої > Ром,574,Ром,,Алкоголь. Напої. Тютюн > Алкоголь > Міцний алкоголь > Ром,1.0,Точне співпадіння категорії,exact
11985,"Текіла, мескаль",,"Алкоголь > Міцні напої > Текіла, мескаль",576,"Текіла, агавові дистиляти",,"Алкоголь. Напої. Тютюн > Алкоголь > Міцний алкоголь > Текіла, агавові дистиляти",0.9,"Майже точне співпадіння, враховуючи агавові дистиляти",semantic
12008,Безалкогольне пиво,,Алкоголь > Пиво > Безалкогольне пиво,602,Пиво,,Алкоголь. Напої. Тютюн > Алкоголь > Пиво,0.7,"Часткове співпадіння, немає окремої категорії для безалкогольного пива",general
12005,Вітчизняне крафтове пиво,,Алкоголь > Пиво > Вітчизняне крафтове пиво,602,Пиво,,Алкоголь. Напої. Тютюн > Алкоголь > Пиво,0.9,Точное соответствие в категории пива,exact
12006,Вітчизняне пиво,,Алкоголь > Пиво > Вітчизняне пиво,602,Пиво,,Алкоголь. Напої. Тютюн > Алкоголь > Пиво,0.9,Точное соответствие в категории пива,exact
12007,Імпортне пиво,,Алкоголь > Пиво > Імпортне пиво,602,Пиво,,Алкоголь. Напої. Тютюн > Алкоголь > Пиво,0.9,Точное соответствие в категории пива,exact
11994,Алкогольні коктейлі,,Алкоголь > Слабоалкогольні напої > Алкогольні коктейлі,610,Коктейлі,,"Алкоголь. Напої. Тютюн > Алкоголь > Слабоалкогольні напої, сидр > Коктейлі",1.0,Точное соответствие в категории слабоалкогольных коктейлей,exact
11995,Алкоенергетик,,Алкоголь > Слабоалкогольні напої > Алкоенергетик,609,Алкоенергетики,,"Алкоголь. Напої. Тютюн > Алкоголь > Слабоалкогольні напої, сидр > Алкоенергетики",1.0,Точное соответствие в категории алкоэнергетиков,exact
11996,Сидр,,Алкоголь > Слабоалкогольні напої > Сидр,608,Сидр та збитень,,"Алкоголь. Напої. Тютюн > Алкоголь > Слабоалкогольні напої, сидр > Сидр та збитень",1.0,Точное соответствие в категории сидра,exact
12035,Безглютенова продукція,,"Бакалія, консервація > Безглютенова продукція",300,Безглютенові продукти,,Здорове харчування > Безглютенові продукти,1.0,Точное соответствие в категории безглютеновых продуктов,exact
12065,"Борошно житнє, кукурудзяне, гречане і т.д.",,"Бакалія, консервація > Борошно, борошняні суміші > Борошно житнє, кукурудзяне, гречане і т.д.",328,Інші види борошна,,Бакалія і консерви > Борошно > Інші види борошна,0.9,Соответствие для нестандартных видов муки,semantic
12064,Борошно пшеничне,,"Бакалія, консервація > Борошно, борошняні суміші > Борошно пшеничне",322,Пшеничне борошно,,Бакалія і консерви > Борошно > Пшеничне борошно,1.0,Точное соответствие пшеничной муке,exact
12087,"Варення, повидло",,"Бакалія, консервація > Варення, сиропи, топінги > Варення, повидло",355,Варення та джеми,,"Бакалія і консерви > Консервовані фрукти, варення, мед > Варення та джеми",1.0,Точное соответствие в категории варенья,exact
12088,"Джем, конфітюр",,"Бакалія, консервація > Варення, сиропи, топінги > Джем, конфітюр",355,Варення та джеми,,"Бакалія і консерви > Консервовані фрукти, варення, мед > Варення та джеми",0.95,Точное семантическое совпадение категории варення и джемів,exact
12089,Сироп,,"Бакалія, консервація > Варення, сиропи, топінги > Сироп",357,Сиропи і топінги,,"Бакалія і консерви > Консервовані фрукти, варення, мед > Сиропи і топінги",0.9,Точное совпадение категории сиропів,exact
12090,Топінг,,"Бакалія, консервація > Варення, сиропи, топінги > Топінг",357,Сиропи і топінги,,"Бакалія і консерви > Консервовані фрукти, варення, мед > Сиропи і топінги",0.9,Точное совпадение категории топінгів,exact
12078,Гриби консервовані,,"Бакалія, консервація > Консервація, соління > Гриби консервовані",351,"Каперси, артишоки, закуски",,"Бакалія і консерви > Консервація > Каперси, артишоки, закуски",0.85,Семантическое совпадение консервованих грибів,semantic
12079,Консерви м'ясні,,"Бакалія, консервація > Консервація, соління > Консерви м'ясні",345,М'ясна,,Бакалія і консерви > Консервація > М'ясна,0.9,Точное совпадение категории м'ясних консервів,exact
12080,Консерви овочеві,,"Бакалія, консервація > Консервація, соління > Консерви овочеві",347,Овочева,,Бакалія і консерви > Консервація > Овочева,0.9,Точное совпадение категории овочевих консервів,exact
12081,Консерви рибні,,"Бакалія, консервація > Консервація, соління > Консерви рибні",346,Рибна,,Бакалія і консерви > Консервація > Рибна,0.9,Точное совпадение категории рибних консервів,exact
12082,"Консерви фруктові, ягідні",,"Бакалія, консервація > Консервація, соління > Консерви фруктові, ягідні",353,Фруктова консервація,,"Бакалія і консерви > Консервовані фрукти, варення, мед > Фруктова консервація",0.85,Семантическое совпадение фруктової консервації,semantic
12083,"Кукурудза, горошок",,"Бакалія, консервація > Консервація, соління > Кукурудза, горошок",348,"Горошок, кукурудза",,"Бакалія і консерви > Консервація > Горошок, кукурудза",0.95,Точное совпадение категорії кукурудзи та горошку,exact
12084,"Оливки, маслини",,"Бакалія, консервація > Консервація, соління > Оливки, маслини",350,Оливки,,Бакалія і консерви > Консервація > Оливки,0.9,Точное совпадение категорії оливок,exact
12085,"Соління, хумус",,"Бакалія, консервація > Консервація, соління > Соління, хумус",85,Соління,,"Овочі та фрукти, зелень, гриби  > Соління",0.7,Часткове семантичне співпадіння в категорії соління,semantic
12075,Крохмаль,,"Бакалія, консервація > Крохмаль, сода > Крохмаль",402,"Крохмаль, загущувач",,"Бакалія і консерви > Соуси і спеції > Все для випічки > Крохмаль, загущувач",0.9,Точне співпадіння в категорії крохмалю для випічки,exact
12076,Сода харчова,,"Бакалія, консервація > Крохмаль, сода > Сода харчова",393,Сода і розпушувач,,Бакалія і консерви > Соуси і спеції > Все для випічки > Сода і розпушувач,0.9,Точне співпадіння в категорії соди для випічки,exact
12060,Булгур,,"Бакалія, консервація > Крупи, бобові > Булгур",308,Булгур,,Бакалія і консерви > Крупи > Булгур,1.0,Повне точне співпадіння категорії,exact
12057,Горох,,"Бакалія, консервація > Крупи, бобові > Горох",312,Бобові,,Бакалія і консерви > Крупи > Бобові,0.8,Часткове семантичне співпадіння в категорії бобових,semantic
12058,Квасоля,,"Бакалія, консервація > Крупи, бобові > Квасоля",312,Бобові,,Бакалія і консерви > Крупи > Бобові,0.8,Часткове семантичне співпадіння в категорії бобових,semantic
12054,Крупа вівсяна,,"Бакалія, консервація > Крупи, бобові > Крупа вівсяна",310,Вівсяна крупа,,Бакалія і консерви > Крупи > Вівсяна крупа,1.0,Повне точне співпадіння категорії,exact
12050,Крупа гречана,,"Бакалія, консервація > Крупи, бобові > Крупа гречана",305,Гречка,,Бакалія і консерви > Крупи > Гречка,1.0,Повне точне співпадіння категорії,exact
12055,Крупа манна,,"Бакалія, консервація > Крупи, бобові > Крупа манна",307,Пшенична крупа,,Бакалія і консерви > Крупи > Пшенична крупа,0.7,Часткове семантичне співпадіння в категорії круп,semantic
12053,Крупа перлова,,"Бакалія, консервація > Крупи, бобові > Крупа перлова",313,Інші крупи,,Бакалія і консерви > Крупи > Інші крупи,0.6,Часткове семантичне співпадіння в категорії круп,general
12052,Крупа пшенична,,"Бакалія, консервація > Крупи, бобові > Крупа пшенична",307,Пшенична крупа,,Бакалія і консерви > Крупи > Пшенична крупа,1.0,Точное семантическое совпадение,exact
12061,Кукурудза,,"Бакалія, консервація > Крупи, бобові > Кукурудза",49,Кукурудза,,"Овочі та фрукти, зелень, гриби  > Овочі > Кукурудза",0.8,Кукуруза как овощ,semantic
12062,Кус-кус та інші види круп,,"Бакалія, консервація > Крупи, бобові > Кус-кус та інші види круп",309,Кускус,,Бакалія і консерви > Крупи > Кускус,1.0,Точное совпадение для кускуса,exact
12049,Рис,,"Бакалія, консервація > Крупи, бобові > Рис",306,Рис,,Бакалія і консерви > Крупи > Рис,1.0,Точное семантическое совпадение,exact
12059,Сочевиця,,"Бакалія, консервація > Крупи, бобові > Сочевиця",312,Бобові,,Бакалія і консерви > Крупи > Бобові,0.9,Сочевица как бобовая культура,semantic
12047,Макаронні вироби з борошна м`яких сортів,,"Бакалія, консервація > Макарони, паста > Макаронні вироби з борошна м`яких сортів",317,Макарони,,Бакалія і консерви > Макаронні вироби > Макарони,1.0,Точное совпадение для макаронных изделий,exact
12046,Макаронні вироби з борошна твердих сортів,,"Бакалія, консервація > Макарони, паста > Макаронні вироби з борошна твердих сортів",322,Пшеничне борошно,,Бакалія і консерви > Борошно > Пшеничне борошно,0.7,Частичное совпадение по типу муки,general
12091,Мед,,"Бакалія, консервація > Мед",356,Мед,,"Бакалія і консерви > Консервовані фрукти, варення, мед > Мед",1.0,Точное семантическое совпадение,exact
12037,"Вермішель, локшина",,"Бакалія, консервація > Продукти швидкого приготування > Вермішель, локшина",363,Локшина,,Бакалія і консерви > Їжа швидкого приготування > Локшина,0.9,Точне семантичне співпадіння для локшини швидкого приготування,semantic
12038,Каша швидкого приготування,,"Бакалія, консервація > Продукти швидкого приготування > Каша швидкого приготування",362,Каші,,Бакалія і консерви > Їжа швидкого приготування > Каші,0.9,Точне семантичне співпадіння для каш швидкого приготування,semantic
12039,Пюре швидкого приготування,,"Бакалія, консервація > Продукти швидкого приготування > Пюре швидкого приготування",364,Супи і пюре,,Бакалія і консерви > Їжа швидкого приготування > Супи і пюре,0.8,Часткове семантичне співпадіння для пюре,semantic
12040,"Суп, бульйон",,"Бакалія, консервація > Продукти швидкого приготування > Суп, бульйон",364,Супи і пюре,,Бакалія і консерви > Їжа швидкого приготування > Супи і пюре,0.9,Точне семантичне співпадіння для супів,semantic
12072,Сіль екстра,,"Бакалія, консервація > Сіль > Сіль екстра",335,Сіль,,"Бакалія і консерви > Сіль, цукор > Сіль",0.7,Загальна категорія солі,general
12071,Сіль кам`яна,,"Бакалія, консервація > Сіль > Сіль кам`яна",335,Сіль,,"Бакалія і консерви > Сіль, цукор > Сіль",0.7,Загальна категорія солі,general
12073,Сіль морська,,"Бакалія, консервація > Сіль > Сіль морська",335,Сіль,,"Бакалія і консерви > Сіль, цукор > Сіль",0.7,Загальна категорія солі,general
12092,Соєві продукти,,"Бакалія, консервація > Соєві продукти",315,Соя і соєві продукти,,Бакалія і консерви > Крупи > Соя і соєві продукти,0.9,Точне семантичне співпадіння для соєвих продуктів,semantic
12042,Готові сніданки,,"Бакалія, консервація > Сухі сніданки > Готові сніданки",361,Готові сніданки,,Бакалія і консерви > Їжа швидкого приготування > Готові сніданки,0.9,Точне семантичне співпадіння для готових сніданків,semantic
12043,"Гранола, мюслі",,"Бакалія, консервація > Сухі сніданки > Гранола, мюслі",360,Мюслі і гранола,,Бакалія і консерви > Їжа швидкого приготування > Мюслі і гранола,1.0,Точне семантичне співпадіння для гранола і мюслі,exact
12044,Пластівці,,"Бакалія, консервація > Сухі сніданки > Пластівці",359,Пластівці,,Бакалія і консерви > Їжа швидкого приготування > Пластівці,0.95,Точне семантичне співпадіння категорії пластівців,semantic
12067,Цукор-пісок,,"Бакалія, консервація > Цукор > Цукор-пісок",336,Цукор,,"Бакалія і консерви > Сіль, цукор > Цукор",0.9,Категорія цукру в новій структурі,general
12068,"Цукор-рафінад, шматковий, порційний",,"Бакалія, консервація > Цукор > Цукор-рафінад, шматковий, порційний",336,Цукор,,"Бакалія і консерви > Сіль, цукор > Цукор",0.9,Категорія цукру в новій структурі,general
12069,Цукрова пудра,,"Бакалія, консервація > Цукор > Цукрова пудра",397,Цукрова пудра,,Бакалія і консерви > Соуси і спеції > Все для випічки > Цукрова пудра,1.0,Точне співпадіння категорії цукрової пудри,exact
12010,"Вода мінеральна, питна",,"Безалкогольні напої > Вода мінеральна, питна",517,Мінеральна вода,,Алкоголь. Напої. Тютюн > Напої > Мінеральна вода,0.95,Точне семантичне співпадіння категорії мінеральної води,semantic
12012,Вода солодка газована,,Безалкогольні напої > Вода солодка > Вода солодка газована,525,Солодка вода,,Алкоголь. Напої. Тютюн > Напої > Солодка вода,0.9,Категорія солодкої води включає газовані напої,general
12013,Вода солодка негазована,,Безалкогольні напої > Вода солодка > Вода солодка негазована,525,Солодка вода,,Алкоголь. Напої. Тютюн > Напої > Солодка вода,0.9,Категорія солодкої води включає негазовані напої,general
12016,Енергетичні напої,,Безалкогольні напої > Енергетичні напої,541,Енергетичні напої,,Алкоголь. Напої. Тютюн > Напої > Енергетичні напої,1.0,Точне співпадіння категорії енергетичних напоїв,exact
12015,Квас,,Безалкогольні напої > Квас,539,Квас,,Алкоголь. Напої. Тютюн > Напої > Квас,1.0,Точне співпадіння категорії квасу,exact
12018,Сиропи для коктейлів,,Безалкогольні напої > Сиропи для коктейлів,543,Сиропи для коктейлів,,Алкоголь. Напої. Тютюн > Напої > Сиропи для коктейлів,1.0,Точне співпадіння категорії сиропів для коктейлів,exact
12014,"Соки, нектари",,"Безалкогольні напої > Соки, нектари",532,Соки і нектари,,Алкоголь. Напої. Тютюн > Напої > Соки і нектари,0.95,Точне семантичне співпадіння категорії соків і нектарів,exact
12017,"Холодні чай, кава",,"Безалкогольні напої > Холодні чай, кава",542,Холодні чаї та кава,,Алкоголь. Напої. Тютюн > Напої > Холодні чаї та кава,0.95,Точне семантичне співпадіння категорії холодних чаїв та кави,exact
12376,Заморожений корм для тварин,,Заморожені продукти > Заморожений корм для тварин,856,Фарш для тварин,,Для тварин > Для собак > Фарш для тварин,0.7,"Часткове семантичне співпадіння, але не повне",semantic
12371,"Заморожений чай, смузі",,"Заморожені продукти > Заморожений чай, смузі",567,Заморожені чаї та напої,,Заморожена продукція > Заморожені чаї та напої,0.9,Точне семантичне співпадіння категорії заморожених напоїв,exact
12355,Кролятина,,"Заморожені продукти > Заморожені м'ясо, птиця > Кролятина",568,Заморожене м'ясо,,Заморожена продукція > Заморожене м'ясо,0.8,Часткове семантичне співпадіння для заморожених м'ясних продуктів,semantic
12354,Птиця,,"Заморожені продукти > Заморожені м'ясо, птиця > Птиця",568,Заморожене м'ясо,,Заморожена продукція > Заморожене м'ясо,0.8,Часткове семантичне співпадіння для заморожених м'ясних продуктів,semantic
12353,Свинина,,"Заморожені продукти > Заморожені м'ясо, птиця > Свинина",568,Заморожене м'ясо,,Заморожена продукція > Заморожене м'ясо,0.8,Часткове семантичне співпадіння для заморожених м'ясних продуктів,semantic
12356,Яловичина та телятина,,"Заморожені продукти > Заморожені м'ясо, птиця > Яловичина та телятина",568,Заморожене м'ясо,,Заморожена продукція > Заморожене м'ясо,0.8,Часткове семантичне співпадіння для заморожених м'ясних продуктів,semantic
12349,Заморожені морепродукти,,"Заморожені продукти > Заморожені риба, морепродукти > Заморожені морепродукти",569,Заморожені морепродукти і риба,,Заморожена продукція > Заморожені морепродукти і риба,0.9,Точне семантичне співпадіння категорії заморожених морепродуктів,exact
12350,"Заморожені рибні палички, бургери",,"Заморожені продукти > Заморожені риба, морепродукти > Заморожені рибні палички, бургери",569,Заморожені морепродукти і риба,,Заморожена продукція > Заморожені морепродукти і риба,0.8,Часткове семантичне співпадіння для заморожених рибних продуктів,semantic
12348,Риба заморозка,,"Заморожені продукти > Заморожені риба, морепродукти > Риба заморозка",119,Заморожена риба,,Риба та морепродукти > Заморожена риба,0.95,Точное соответствие категории замороженной рыбы,exact
12373,Лід,,Заморожені продукти > Лід,566,Лід,,Заморожена продукція > Лід,1.0,Полное точное совпадение категории льда,exact
12372,Морозиво,,Заморожені продукти > Морозиво,556,Морозиво,,Заморожена продукція > Морозиво і десерти > Морозиво,1.0,Точное соответствие категории мороженого,exact
12358,"Вареники, пельмені",,"Заморожені продукти > Напівфабрикати > Вареники, пельмені",546,Пельмені,,Заморожена продукція > Напівфабрикати і страви заморожені > Пельмені,0.9,Близкое соответствие категории полуфабрикатов,semantic
12363,Готові страви,,Заморожені продукти > Напівфабрикати > Готові страви,551,Готові страви заморожені,,Заморожена продукція > Напівфабрикати і страви заморожені > Готові страви заморожені,1.0,Точное соответствие категории готовых замороженных блюд,exact
12364,Заморожена випічка,,Заморожені продукти > Напівфабрикати > Заморожена випічка,554,Випічка заморожена,,Заморожена продукція > Напівфабрикати і страви заморожені > Випічка заморожена,1.0,Точное соответствие категории замороженной выпечки,exact
12362,"Котлети, нагетси",,"Заморожені продукти > Напівфабрикати > Котлети, нагетси",552,М'ясні та овочеві напівфабрикати,,Заморожена продукція > Напівфабрикати і страви заморожені > М'ясні та овочеві напівфабрикати,0.85,Семантическое соответствие категории полуфабрикатов,semantic
12360,"Млинці, бендерики",,"Заморожені продукти > Напівфабрикати > Млинці, бендерики",550,Млинці заморожені,,Заморожена продукція > Напівфабрикати і страви заморожені > Млинці заморожені,0.95,Точное соответствие категории замороженных блинчиков,exact
12365,"Піца, основа для піци, кальцоне",,"Заморожені продукти > Напівфабрикати > Піца, основа для піци, кальцоне",553,Снеки заморожені,,Заморожена продукція > Напівфабрикати і страви заморожені > Снеки заморожені,0.7,"Частичное соответствие, но не идеальная категория",general
12359,"Равіолі, хінкалі",,"Заморожені продукти > Напівфабрикати > Равіолі, хінкалі",547,Хінкалі і равіолі,,Заморожена продукція > Напівфабрикати і страви заморожені > Хінкалі і равіолі,1.0,Точное соответствие категории равиоли и хинкали,exact
12361,Сирники,,Заморожені продукти > Напівфабрикати > Сирники,549,Сирники заморожені,,Заморожена продукція > Напівфабрикати і страви заморожені > Сирники заморожені,1.0,Точное совпадение категории заморожених сырников,exact
12370,Заморожені гриби,,"Заморожені продукти > Овочі, фрукти, гриби заморожені > Заморожені гриби",564,Гриби заморожені,,Заморожена продукція > Овочі і фрукти заморожені > Гриби заморожені,1.0,Точное совпадение категории замороженных грибов,exact
12368,Заморожені овочі,,"Заморожені продукти > Овочі, фрукти, гриби заморожені > Заморожені овочі",560,Овочі заморожені,,Заморожена продукція > Овочі і фрукти заморожені > Овочі заморожені,1.0,Точное совпадение категории замороженных овощей,exact
12367,Заморожені фрукти,,"Заморожені продукти > Овочі, фрукти, гриби заморожені > Заморожені фрукти",561,Фрукти заморожені,,Заморожена продукція > Овочі і фрукти заморожені > Фрукти заморожені,1.0,Точное совпадение категории замороженных фруктов,exact
12369,Заморожені ягоди,,"Заморожені продукти > Овочі, фрукти, гриби заморожені > Заморожені ягоди",562,Ягоди заморожені,,Заморожена продукція > Овочі і фрукти заморожені > Ягоди заморожені,1.0,Точное совпадение категории замороженных ягод,exact
12351,Равлики,,Заморожені продукти > Равлики,130,Заморожені равлики,,Риба та морепродукти > Заморожені равлики,1.0,Точное совпадение категории замороженных улиток,exact
12374,Тісто заморожене,,Заморожені продукти > Тісто заморожене,565,Тісто заморожене,,Заморожена продукція > Тісто заморожене,1.0,Точное совпадение категории замороженного теста,exact
12431,БАД,,Здорове і спортивне харчування > БАД,708,Вітаміни,,БАДи > Вітаміни і мінерали > Вітаміни,0.8,"Частичное совпадение с категорией БАДов, но не полностью",semantic
12427,"Варення, пюре, сиропи без цукру",,"Здорове і спортивне харчування > Дієтичні продукти > Варення, пюре, сиропи без цукру",301,Без доданого цукру,,Здорове харчування > Без доданого цукру,0.9,Высокая семантическая близость с категорией без добавленного сахара,semantic
12428,Діетичні кондитерські вироби,,Здорове і спортивне харчування > Дієтичні продукти > Діетичні кондитерські вироби,300,Безглютенові продукти,,Здорове харчування > Безглютенові продукти,0.6,Частково збігається тематика дієтичних продуктів,semantic
12429,Дієтичні харчові добавки,,Здорове і спортивне харчування > Дієтичні продукти > Дієтичні харчові добавки,302,Дієтичне харчування,,Здорове харчування > Дієтичне харчування,0.8,Майже точне семантичне співпадіння,semantic
12426,Цукрозамінники,,Здорове і спортивне харчування > Дієтичні продукти > Цукрозамінники,337,Цукрозамінники,,"Бакалія і консерви > Сіль, цукор > Цукрозамінники",0.7,Точне співпадіння категорії цукрозамінників,exact
12430,Спортивне харчування,,Здорове і спортивне харчування > Спортивне харчування,728,Амінокислоти,,БАДи > Спортивне харчування > Амінокислоти,0.9,Повне семантичне співпадіння категорії спортивного харчування,semantic
12700,Для гризунів,,Зоотовари > Для гризунів,863,Корм для гризунів,,Для тварин > Для гризунів > Корм для гризунів,0.9,Точне співпадіння категорії для гризунів,exact
12688,Аксесуари для кішок,,Зоотовари > Для кішок > Аксесуари для кішок,851,Аксесуари та іграшки для котів,,Для тварин > Для котів > Аксесуари та іграшки для котів,0.9,Майже точне співпадіння категорії аксесуарів для котів,semantic
12689,Іграшки для кішок,,Зоотовари > Для кішок > Іграшки для кішок,851,Аксесуари та іграшки для котів,,Для тварин > Для котів > Аксесуари та іграшки для котів,1.0,Точне співпадіння категорії іграшок для котів,exact
12690,Корм для кішок,,Зоотовари > Для кішок > Корм для кішок,849,Корм для котів,,Для тварин > Для котів > Корм для котів,1.0,Точне співпадіння категорії корму для котів,exact
12693,Наповнювачі для туалету,,Зоотовари > Для кішок > Наповнювачі для туалету,850,Наповнювачі і котячі туалети,,Для тварин > Для котів > Наповнювачі і котячі туалети,1.0,Точне семантичне співпадіння для категорії наповнювачів для котячих туалетів,exact
12702,Для птахів,,Зоотовари > Для птахів,859,Корм для папуг і птахів,,Для тварин > Для папуг та птахів > Корм для папуг і птахів,0.8,"Часткове співпадіння для категорії птахів, але потребує уточнення",semantic
12701,Для риб та рептилій,,Зоотовари > Для риб та рептилій,857,Для риб та рептилій,,Для тварин > Для риб та рептилій,1.0,Точне співпадіння категорії для риб та рептилій,exact
12695,Аксесуари для собак,,Зоотовари > Для собак > Аксесуари для собак,854,Аксесуари та іграшки для собак,,Для тварин > Для собак > Аксесуари та іграшки для собак,0.9,Майже повне семантичне співпадіння для аксесуарів собак,semantic
12696,Іграшки для собак,,Зоотовари > Для собак > Іграшки для собак,854,Аксесуари та іграшки для собак,,Для тварин > Для собак > Аксесуари та іграшки для собак,1.0,Точне співпадіння категорії іграшок для собак,exact
12697,Корм для собак,,Зоотовари > Для собак > Корм для собак,853,Корм для собак,,Для тварин > Для собак > Корм для собак,1.0,Точне співпадіння категорії корму для собак,exact
12698,"Косметика, гігієна для собак",,"Зоотовари > Для собак > Косметика, гігієна для собак",866,Грумінг,,Для тварин > Грумінг,0.7,"Часткове співпадіння з категорією грумінгу, але не повне",general
12324,Ковбаса варена,,"Ковбаса, м'ясні вироби > Варені ковбасні вироби > Ковбаса варена",136,Варена ковбаса,,М'ясо > Ковбаси і м'ясні делікатеси > Ковбаси > Варена ковбаса,1.0,Точне співпадіння категорії вареної ковбаси,exact
12325,Сардельки варені,,"Ковбаса, м'ясні вироби > Варені ковбасні вироби > Сардельки варені",134,Сардельки,,М'ясо > Ковбаси і м'ясні делікатеси > Сосиски і сардельки > Сардельки,1.0,Точне співпадіння категорії варених сардельок,exact
12326,Сосиски варені,,"Ковбаса, м'ясні вироби > Варені ковбасні вироби > Сосиски варені",133,Сосиски,,М'ясо > Ковбаси і м'ясні делікатеси > Сосиски і сардельки > Сосиски,0.9,Точное соответствие типу товару - сосиски,exact
12327,Шинка варена,,"Ковбаса, м'ясні вироби > Варені ковбасні вироби > Шинка варена",145,Шинка,,М'ясо > Ковбаси і м'ясні делікатеси > М'ясні делікатеси > Шинка,0.9,Точное соответствие типу товару - шинка,exact
12329,Варено-копчені ковбаси,,"Ковбаса, м'ясні вироби > Копчені ковбасні вироби > Варено-копчені ковбаси",138,"Сиров'ялена, сирокопчена ковбаса",,"М'ясо > Ковбаси і м'ясні делікатеси > Ковбаси > Сиров'ялена, сирокопчена ковбаса",0.8,Семантичне наближення до копчених ковбас,semantic
12330,Ковбаси запечені,,"Ковбаса, м'ясні вироби > Копчені ковбасні вироби > Ковбаси запечені",139,Запечена ковбаса,,М'ясо > Ковбаси і м'ясні делікатеси > Ковбаси > Запечена ковбаса,1.0,Точне співпадіння категорії,exact
12331,Ковбаси напівкопчені,,"Ковбаса, м'ясні вироби > Копчені ковбасні вироби > Ковбаси напівкопчені",137,Копчена ковбаса,,М'ясо > Ковбаси і м'ясні делікатеси > Ковбаси > Копчена ковбаса,0.9,Семантичне наближення до копчених ковбас,semantic
12332,Ковбаси сиров'ялені,,"Ковбаса, м'ясні вироби > Копчені ковбасні вироби > Ковбаси сиров'ялені",138,"Сиров'ялена, сирокопчена ковбаса",,"М'ясо > Ковбаси і м'ясні делікатеси > Ковбаси > Сиров'ялена, сирокопчена ковбаса",1.0,Точне співпадіння категорії,exact
12333,Ковбаси сирокопчені,,"Ковбаса, м'ясні вироби > Копчені ковбасні вироби > Ковбаси сирокопчені",138,"Сиров'ялена, сирокопчена ковбаса",,"М'ясо > Ковбаси і м'ясні делікатеси > Ковбаси > Сиров'ялена, сирокопчена ковбаса",1.0,Точне співпадіння категорії,exact
12335,Балик,,"Ковбаса, м'ясні вироби > М'ясні делікатеси > Балик",143,Балик,,М'ясо > Ковбаси і м'ясні делікатеси > М'ясні делікатеси > Балик,1.0,Точне співпадіння категорії,exact
12336,Бастурма,,"Ковбаса, м'ясні вироби > М'ясні делікатеси > Бастурма",150,Бастурма,,М'ясо > Ковбаси і м'ясні делікатеси > М'ясні делікатеси > Бастурма,1.0,Точне співпадіння категорії,exact
12337,Буженина,,"Ковбаса, м'ясні вироби > М'ясні делікатеси > Буженина",144,Буженина,,М'ясо > Ковбаси і м'ясні делікатеси > М'ясні делікатеси > Буженина,1.0,Точне співпадіння категорії,exact
12338,"Грудинка, бекон",,"Ковбаса, м'ясні вироби > М'ясні делікатеси > Грудинка, бекон",146,Грудинка і бекон,,М'ясо > Ковбаси і м'ясні делікатеси > М'ясні делікатеси > Грудинка і бекон,1.0,Точное семантическое совпадение категории грудинки и бекона,exact
12344,"Деликатеси копчені, запечені",,"Ковбаса, м'ясні вироби > М'ясні делікатеси > Деликатеси копчені, запечені",152,Копченості,,М'ясо > Ковбаси і м'ясні делікатеси > М'ясні делікатеси > Копченості,0.9,Близкое семантическое совпадение для копченых и запеченных деликатесов,semantic
12339,Курячі копченості,,"Ковбаса, м'ясні вироби > М'ясні делікатеси > Курячі копченості",152,Копченості,,М'ясо > Ковбаси і м'ясні делікатеси > М'ясні делікатеси > Копченості,0.9,Семантическое совпадение для копченых изделий из курицы,semantic
12340,Рулет,,"Ковбаса, м'ясні вироби > М'ясні делікатеси > Рулет",147,М'ясні рулети,,М'ясо > Ковбаси і м'ясні делікатеси > М'ясні делікатеси > М'ясні рулети,1.0,Точное совпадение категории мясных рулетов,exact
12342,"Хамон, прошуто, окорок",,"Ковбаса, м'ясні вироби > М'ясні делікатеси > Хамон, прошуто, окорок",156,Хамон,,М'ясо > Ковбаси і м'ясні делікатеси > Хамон,0.9,Семантическое совпадение для хамона и окорока,semantic
12343,"Шийка, коппа",,"Ковбаса, м'ясні вироби > М'ясні делікатеси > Шийка, коппа",149,Шийка копчена,,М'ясо > Ковбаси і м'ясні делікатеси > М'ясні делікатеси > Шийка копчена,1.0,Точное совпадение категории копченой шейки,exact
12341,Шинка делікатесна,,"Ковбаса, м'ясні вироби > М'ясні делікатеси > Шинка делікатесна",145,Шинка,,М'ясо > Ковбаси і м'ясні делікатеси > М'ясні делікатеси > Шинка,1.0,Точное совпадение категории деликатесной шинки,exact
12345,М'ясні субпродукти,,"Ковбаса, м'ясні вироби > М'ясні субпродукти",97,Субпродукти,,М'ясо > Субпродукти,1.0,Точное совпадение категории субпродуктов,exact
12458,Аксесуари для волосся,,"Краса, гігієна > Догляд за волоссям > Аксесуари для волосся",777,Аксесуари для волосся,,"Госптовари, non-food > Гігієна та краса > Догляд за волоссям > Аксесуари для волосся",1.0,Точное совпадение категории аксессуаров для волос,exact
12457,Засоби для укладання,,"Краса, гігієна > Догляд за волоссям > Засоби для укладання",775,Засоби для укладки,,"Госптовари, non-food > Гігієна та краса > Догляд за волоссям > Засоби для укладки",0.95,Точное семантическое совпадение категории засобів для укладання волосся,semantic
12456,Засоби для фарбування,,"Краса, гігієна > Догляд за волоссям > Засоби для фарбування",778,Фарба для волосся,,"Госптовари, non-food > Гігієна та краса > Догляд за волоссям > Фарба для волосся",0.95,Точное семантическое совпадение категории фарбування волосся,semantic
12454,"Кондиціонери, бальзами",,"Краса, гігієна > Догляд за волоссям > Кондиціонери, бальзами",773,Кондиціонери для волосся,,"Госптовари, non-food > Гігієна та краса > Догляд за волоссям > Кондиціонери для волосся",0.9,Близкое семантическое совпадение категорії кондиціонерів для волосся,semantic
12455,"Масло, спрей, маска для волосся",,"Краса, гігієна > Догляд за волоссям > Масло, спрей, маска для волосся",774,Маски для волосся,,"Госптовари, non-food > Гігієна та краса > Догляд за волоссям > Маски для волосся",0.8,"Часткове семантичне співпадіння, охоплено маски для волосся",general
12453,Шампуні,,"Краса, гігієна > Догляд за волоссям > Шампуні",772,Шампуні,,"Госптовари, non-food > Гігієна та краса > Догляд за волоссям > Шампуні",1.0,Повне точне співпадіння категорії шампунів,exact
12465,Аксесуари для макіяжу,,"Краса, гігієна > Догляд за обличчям і тілом > Аксесуари для макіяжу",802,Аксесуари для макіяжу,,"Госптовари, non-food > Гігієна та краса > Декоративна косметика > Аксесуари для макіяжу",0.95,Точне семантичне співпадіння категорії аксесуарів для макіяжу,semantic
12466,Декоративна косметика,,"Краса, гігієна > Догляд за обличчям і тілом > Декоративна косметика",801,Косметика,,"Госптовари, non-food > Гігієна та краса > Декоративна косметика > Косметика",0.9,Близьке семантичне співпадіння категорії декоративної косметики,semantic
12471,Засоби для ніг,,"Краса, гігієна > Догляд за обличчям і тілом > Засоби для ніг",790,Дезодоранти для ніг,,"Госптовари, non-food > Гігієна та краса > Догляд за руками і ногами > Дезодоранти для ніг",0.8,"Часткове семантичне співпадіння, охоплено засоби для ніг",general
12468,Засоби для обличчя,,"Краса, гігієна > Догляд за обличчям і тілом > Засоби для обличчя",766,Крем і сироватка для обличчя,,"Госптовари, non-food > Гігієна та краса > Догляд за обличчям > Крем і сироватка для обличчя",0.9,Близьке семантичне співпадіння категорії засобів для обличчя,semantic
12470,Засоби для рук,,"Краса, гігієна > Догляд за обличчям і тілом > Засоби для рук",786,Крем для рук і ніг,,"Госптовари, non-food > Гігієна та краса > Догляд за руками і ногами > Крем для рук і ніг",0.9,Точне семантичне співпадіння - засоби для догляду за руками,semantic
12469,Засоби для тіла,,"Краса, гігієна > Догляд за обличчям і тілом > Засоби для тіла",758,Крем для тіла,,"Госптовари, non-food > Гігієна та краса > Догляд за тілом > Крем для тіла",0.9,Точне семантичне співпадіння - засоби для догляду за тілом,semantic
12472,"Інструменти для манікюру, педикюру",,"Краса, гігієна > Догляд за обличчям і тілом > Інструменти для манікюру, педикюру",789,"Манікюр, педикюр",,"Госптовари, non-food > Гігієна та краса > Догляд за руками і ногами > Манікюр, педикюр",1.0,Точне семантичне співпадіння - інструменти для манікюру та педикюру,exact
12473,Косметичні набори,,"Краса, гігієна > Догляд за обличчям і тілом > Косметичні набори",798,Подарункові набори,,"Госптовари, non-food > Гігієна та краса > Подарункові набори",0.9,Точне семантичне співпадіння - косметичні набори,semantic
12474,Маски косметичні,,"Краса, гігієна > Догляд за обличчям і тілом > Маски косметичні",768,"Маски для обличчя, патчі",,"Госптовари, non-food > Гігієна та краса > Догляд за обличчям > Маски для обличчя, патчі",0.9,Точне семантичне співпадіння - косметичні маски,semantic
12476,Сонцезахисні засоби,,"Краса, гігієна > Догляд за обличчям і тілом > Сонцезахисні засоби",803,Сонцезахисні засоби,,"Госптовари, non-food > Гігієна та краса > Сонцезахисні засоби",1.0,Точне семантичне співпадіння - сонцезахисні засоби,exact
12460,Зубна паста,,"Краса, гігієна > Догляд за ротовою порожниною > Зубна паста",745,Зубна паста та ополіскувачі,,"Госптовари, non-food > Гігієна та краса > Особиста гігієна та здоров'я > Зубна паста та ополіскувачі",0.9,Точне семантичне співпадіння - зубна паста,semantic
12461,Зубна щітка,,"Краса, гігієна > Догляд за ротовою порожниною > Зубна щітка",746,Зубні щітки та нитка,,"Госптовари, non-food > Гігієна та краса > Особиста гігієна та здоров'я > Зубні щітки та нитка",0.9,Точне семантичне співпадіння - зубні щітки,semantic
12462,"Зубні нитки, флоси",,"Краса, гігієна > Догляд за ротовою порожниною > Зубні нитки, флоси",746,Зубні щітки та нитка,,"Госптовари, non-food > Гігієна та краса > Особиста гігієна та здоров'я > Зубні щітки та нитка",0.9,Точне семантичне співпадіння - зубні нитки,semantic
12463,Ополіскувач для рота,,"Краса, гігієна > Догляд за ротовою порожниною > Ополіскувач для рота",745,Зубна паста та ополіскувачі,,"Госптовари, non-food > Гігієна та краса > Особиста гігієна та здоров'я > Зубна паста та ополіскувачі",0.9,Точне семантичне співпадіння в категорії особистої гігієни,semantic
12482,Засоби для депіляції,,"Краса, гігієна > Засоби для гоління > Засоби для депіляції",783,Для депіляції,,"Госптовари, non-food > Гігієна та краса > Для гоління й депіляції > Для депіляції",1.0,Точне співпадіння категорії депіляції,exact
12478,Картриджі для гоління,,"Краса, гігієна > Засоби для гоління > Картриджі для гоління",780,Бритви і леза,,"Госптовари, non-food > Гігієна та краса > Для гоління й депіляції > Бритви і леза",0.8,Часткове співпадіння в категорії аксесуарів для гоління,general
12484,"Лосьйони, креми після гоління",,"Краса, гігієна > Засоби для гоління > Лосьйони, креми після гоління",782,Засоби після гоління,,"Госптовари, non-food > Гігієна та краса > Для гоління й депіляції > Засоби після гоління",1.0,Точне співпадіння категорії засобів після гоління,exact
12480,Одноразові станки,,"Краса, гігієна > Засоби для гоління > Одноразові станки",780,Бритви і леза,,"Госптовари, non-food > Гігієна та краса > Для гоління й депіляції > Бритви і леза",0.9,Семантичне співпадіння в категорії інструментів для гоління,semantic
12483,"Піни, креми, гелі для гоління",,"Краса, гігієна > Засоби для гоління > Піни, креми, гелі для гоління",781,Засоби для гоління,,"Госптовари, non-food > Гігієна та краса > Для гоління й депіляції > Засоби для гоління",1.0,Точне співпадіння категорії засобів для гоління,exact
12479,Станки для гоління,,"Краса, гігієна > Засоби для гоління > Станки для гоління",780,Бритви і леза,,"Госптовари, non-food > Гігієна та краса > Для гоління й депіляції > Бритви і леза",0.9,Семантичне співпадіння в категорії інструментів для гоління,semantic
12492,"Ватні диски, палички",,"Краса, гігієна > Засоби особистої гігієни > Ватні диски, палички",749,Ватні диски та палички,,"Госптовари, non-food > Гігієна та краса > Особиста гігієна та здоров'я > Ватні диски та палички",1.0,Точне співпадіння категорії ватних дисків і паличок,exact
12486,Гелі для душу,,"Краса, гігієна > Засоби особистої гігієни > Гелі для душу",757,Гелі для душу,,"Госптовари, non-food > Гігієна та краса > Догляд за тілом > Гелі для душу",1.0,Точне співпадіння категорії гелів для душу,exact
12490,"Губки, мочалки лазневі",,"Краса, гігієна > Засоби особистої гігієни > Губки, мочалки лазневі",763,Мочалки для душу,,"Госптовари, non-food > Гігієна та краса > Догляд за тілом > Мочалки для душу",0.95,Точне семантичне співпадіння - лазневі губки/мочалки відповідають категорії мочалок для душу,semantic
12494,Дезодоранти,,"Краса, гігієна > Засоби особистої гігієни > Дезодоранти",759,Дезодоранти,,"Госптовари, non-food > Гігієна та краса > Догляд за тілом > Дезодоранти",1.0,Точне співпадіння категорії дезодорантів,exact
12488,Засоби інтимної гігієни,,"Краса, гігієна > Засоби особистої гігієни > Засоби інтимної гігієни",750,Для інтимного життя,,"Госптовари, non-food > Гігієна та краса > Особиста гігієна та здоров'я > Для інтимного життя",0.95,Точне семантичне співпадіння щодо інтимної гігієни,semantic
12487,Мило,,"Краса, гігієна > Засоби особистої гігієни > Мило",760,Мило,,"Госптовари, non-food > Гігієна та краса > Догляд за тілом > Мило",1.0,Точне співпадіння категорії мила,exact
12491,"Пемзи, щітки, терки для тіла",,"Краса, гігієна > Засоби особистої гігієни > Пемзи, щітки, терки для тіла",755,"Антисептики, маски, пластирі, інше",,"Госптовари, non-food > Гігієна та краса > Особиста гігієна та здоров'я > Антисептики, маски, пластирі, інше",0.7,"Часткове співпадіння, але немає точної категорії для пемз і терок",general
12496,"Підгузки, пелюшки для дорослих",,"Краса, гігієна > Засоби особистої гігієни > Підгузки, пелюшки для дорослих",754,Підгузки для дорослих,,"Госптовари, non-food > Гігієна та краса > Особиста гігієна та здоров'я > Підгузки для дорослих",1.0,Точне співпадіння категорії підгузків для дорослих,exact
12495,"Прокладки, тампони",,"Краса, гігієна > Засоби особистої гігієни > Прокладки, тампони",748,"Прокладки, тампони, для інтимної гігієни",,"Госптовари, non-food > Гігієна та краса > Особиста гігієна та здоров'я > Прокладки, тампони, для інтимної гігієни",1.0,Точне співпадіння категорії прокладок і тампонів,exact
12493,"Серветки, носові хустинки",,"Краса, гігієна > Засоби особистої гігієни > Серветки, носові хустинки",752,Носові серветки,,"Госптовари, non-food > Гігієна та краса > Особиста гігієна та здоров'я > Носові серветки",0.9,Майже точне співпадіння для носових серветок,semantic
12489,"Сіль, піна для ванни",,"Краса, гігієна > Засоби особистої гігієни > Сіль, піна для ванни",761,"Піна, сіль, бомбочки для ванни",,"Госптовари, non-food > Гігієна та краса > Догляд за тілом > Піна, сіль, бомбочки для ванни",1.0,Точне співпадіння категорії солі та піни для ванни,exact
12502,Аксесуари мініаптеки,,"Краса, гігієна > Міні-аптека > Аксесуари мініаптеки",755,"Антисептики, маски, пластирі, інше",,"Госптовари, non-food > Гігієна та краса > Особиста гігієна та здоров'я > Антисептики, маски, пластирі, інше",0.8,Часткове співпадіння для аксесуарів медичного призначення,general
12503,Антисептики,,"Краса, гігієна > Міні-аптека > Антисептики",755,"Антисептики, маски, пластирі, інше",,"Госптовари, non-food > Гігієна та краса > Особиста гігієна та здоров'я > Антисептики, маски, пластирі, інше",0.95,Точне семантичне співпадіння в категорії особистої гігієни та здоров'я,semantic
12504,"Креми, бальзами",,"Краса, гігієна > Міні-аптека > Креми, бальзами",755,"Антисептики, маски, пластирі, інше",,"Госптовари, non-food > Гігієна та краса > Особиста гігієна та здоров'я > Антисептики, маски, пластирі, інше",0.7,"Часткове семантичне співпадіння, але не зовсім точна категорія",general
12508,Лубриканти,,"Краса, гігієна > Міні-аптека > Лубриканти",797,Презервативи та лубриканти,,"Госптовари, non-food > Гігієна та краса > Для чоловіків > Презервативи та лубриканти",0.95,Точне семантичне співпадіння в категорії інтимних товарів,exact
12505,Маски,,"Краса, гігієна > Міні-аптека > Маски",755,"Антисептики, маски, пластирі, інше",,"Госптовари, non-food > Гігієна та краса > Особиста гігієна та здоров'я > Антисептики, маски, пластирі, інше",0.8,Семантичне співпадіння в категорії особистої гігієни,semantic
12506,Пластир,,"Краса, гігієна > Міні-аптека > Пластир",755,"Антисептики, маски, пластирі, інше",,"Госптовари, non-food > Гігієна та краса > Особиста гігієна та здоров'я > Антисептики, маски, пластирі, інше",0.95,Точне семантичне співпадіння в категорії особистої гігієни,exact
12507,Презервативи,,"Краса, гігієна > Міні-аптека > Презервативи",797,Презервативи та лубриканти,,"Госптовари, non-food > Гігієна та краса > Для чоловіків > Презервативи та лубриканти",0.95,Точне семантичне співпадіння в категорії інтимних товарів,exact
12509,Тест-смужки,,"Краса, гігієна > Міні-аптека > Тест-смужки",755,"Антисептики, маски, пластирі, інше",,"Госптовари, non-food > Гігієна та краса > Особиста гігієна та здоров'я > Антисептики, маски, пластирі, інше",0.7,"Часткове семантичне співпадіння, але не зовсім точна категорія",general
12500,Паперові серветки,,"Краса, гігієна > Туалетний папір, паперові рушники > Паперові серветки",654,Серветки в коробці,,"Госптовари, non-food > Для дому > Паперові вироби > Серветки в коробці",0.9,Точне семантичне співпадіння в категорії паперових виробів,semantic
12499,Рушники паперові,,"Краса, гігієна > Туалетний папір, паперові рушники > Рушники паперові",652,Паперові рушники,,"Госптовари, non-food > Для дому > Паперові вироби > Паперові рушники",1.0,Точне семантичне співпадіння в категорії паперових виробів,exact
12498,Туалетний папір,,"Краса, гігієна > Туалетний папір, паперові рушники > Туалетний папір",650,Туалетний папір,,"Госптовари, non-food > Для дому > Паперові вироби > Туалетний папір",1.0,Точне семантичне співпадіння в категорії паперових виробів,exact
12409,"Вареники, гіози",,"Кулінарія > Вареники, гіози",225,"Вареники, пельмені, гйози, хінкалі",,"Готові страви і кулінарія > Другі страви > Вареники, пельмені, гйози, хінкалі",0.9,Точне семантичне співпадіння категорії готових страв,semantic
12400,Гарніри,,Кулінарія > Гарніри,223,Гарніри,,Готові страви і кулінарія > Другі страви > Гарніри,1.0,Точне співпадіння категорії гарнірів,exact
12403,Гриль,,Кулінарія > Гриль,224,Гриль,,Готові страви і кулінарія > Другі страви > Гриль,1.0,Точне співпадіння категорії страв на грилі,exact
12411,Десерти,,Кулінарія > Десерти,236,Десерти,,Готові страви і кулінарія > Десерти та напої > Десерти,0.9,Семантичне співпадіння категорії десертів,semantic
12401,М'ясні страви,,Кулінарія > М'ясні страви,221,М'ясні страви,,Готові страви і кулінарія > Другі страви > М'ясні страви,1.0,Точне співпадіння категорії м'ясних страв,exact
12410,Млинці,,Кулінарія > Млинці,217,Млинці,,"Готові страви і кулінарія > Млинці, сирники, запіканки > Млинці",1.0,Точне співпадіння категорії млинців,exact
12412,Напої,,Кулінарія > Напої,237,Готові напої,,Готові страви і кулінарія > Десерти та напої > Готові напої,0.8,Часткове семантичне співпадіння категорії напоїв,semantic
12408,Овочі мариновані,,Кулінарія > Овочі мариновані,234,Мариновані страви,,Готові страви і кулінарія > Салати та закуски > Мариновані страви,0.9,Семантичне співпадіння категорії маринованих овочів,semantic
12399,Перші страви,,Кулінарія > Перші страви,219,Перші страви,,Готові страви і кулінарія > Перші страви,1.0,Точне співпадіння категорії перших страв,exact
12397,"Гамбургери, бутерброди",,"Кулінарія > Піца, бургери, пиріжки > Гамбургери, бутерброди",229,Бургери і сендвічі,,"Готові страви і кулінарія > Суші, піца, бургери > Бургери і сендвічі",0.9,Семантичне співпадіння категорії бургерів і сендвічів,semantic
12398,Пиріжки,,"Кулінарія > Піца, бургери, пиріжки > Пиріжки",239,"Пироги, пиріжки, випічка",,"Готові страви і кулінарія > Пироги, пиріжки, випічка",0.9,Точне семантичне співпадіння категорії пиріжків,semantic
12396,Піца,,"Кулінарія > Піца, бургери, пиріжки > Піца",228,Піца,,"Готові страви і кулінарія > Суші, піца, бургери > Піца",1.0,Точне співпадіння категорії піци,exact
12402,Рибні страви,,Кулінарія > Рибні страви,222,Рибні страви,,Готові страви і кулінарія > Другі страви > Рибні страви,1.0,Точне співпадіння категорії рибних страв,exact
12407,Салати з майонезом,,Кулінарія > Салати > Салати з майонезом,232,Салати,,Готові страви і кулінарія > Салати та закуски > Салати,0.8,"Часткове співпадіння, але без деталізації типу заправки",general
12406,Салати з рослинною олією,,Кулінарія > Салати > Салати з рослинною олією,232,Салати,,Готові страви і кулінарія > Салати та закуски > Салати,0.8,"Часткове співпадіння, але без деталізації типу заправки",general
12404,Соуси,,Кулінарія > Соуси,233,Соуси порційні,,Готові страви і кулінарія > Салати та закуски > Соуси порційні,0.9,Майже точне співпадіння категорії соусів,semantic
12186,Кролик,,"М'ясо, птиця > Кролик",101,Кролятина,,М'ясо > Кролятина,1.0,Точне співпадіння категорії кролятини,exact
12191,Напівфабрикати м'ясні,,"М'ясо, птиця > Напівфабрикати м'ясні",99,М'ясні напівфабрикати,,М'ясо > М'ясні напівфабрикати,1.0,Точне співпадіння категорії м'ясних напівфабрикатів,exact
12179,Гуска,,"М'ясо, птиця > Птиця > Гуска",92,Качатина та гусятина,,М'ясо > М'ясо птиці > Качатина та гусятина,0.9,"Майже точне співпадіння, включено в категорію птиці",semantic
12180,Індичка,,"М'ясо, птиця > Птиця > Індичка",91,Індичатина,,М'ясо > М'ясо птиці > Індичатина,1.0,Точне співпадіння категорії індичатини,exact
12181,Качка,,"М'ясо, птиця > Птиця > Качка",92,Качатина та гусятина,,М'ясо > М'ясо птиці > Качатина та гусятина,0.9,Точне семантичне співпадіння категорії м'яса птиці,semantic
12182,Курка,,"М'ясо, птиця > Птиця > Курка",90,Курятина,,М'ясо > М'ясо птиці > Курятина,1.0,Точне співпадіння категорії курятини,exact
12183,Перепілка,,"М'ясо, птиця > Птиця > Перепілка",93,Перепілка,,М'ясо > М'ясо птиці > Перепілка,1.0,Точне співпадіння категорії перепілки,exact
12185,Свинина,,"М'ясо, птиця > Свинина",94,Свинина,,М'ясо > Свинина,1.0,Точне співпадіння категорії свинини,exact
12188,Стейки,,"М'ясо, птиця > Стейки",87,Стейки,,М'ясо > Стейки,1.0,Точне співпадіння категорії стейків,exact
12190,Субпродукти,,"М'ясо, птиця > Субпродукти",97,Субпродукти,,М'ясо > Субпродукти,1.0,Точне співпадіння категорії субпродуктів,exact
12187,Фарш,,"М'ясо, птиця > Фарш",95,Фарш,,М'ясо > Фарш,1.0,Точне співпадіння категорії фаршу,exact
12189,"Шашлик, гриль",,"М'ясо, птиця > Шашлик, гриль",88,М'ясо для шашлику та барбекю,,М'ясо > М'ясо для шашлику та барбекю,0.9,Семантично близька категорія для м'яса для гриля,semantic
12184,"Яловичина, телятина",,"М'ясо, птиця > Яловичина, телятина",98,Яловичина та телятина,,М'ясо > Яловичина та телятина,1.0,Точне співпадіння категорії яловичини та телятини,exact
12317,Безлактозна продукція,,"Молочна продукція, сир, яйця > Безлактозна продукція",275,Безлактозна молочна продукція,,Молочні продукти та яйця > Безлактозна молочна продукція,1.0,Точне співпадіння категорії безлактозної продукції,exact
12295,Бутербродна намазка,,"Молочна продукція, сир, яйця > Бутербродна намазка",170,Крем-сири,,Молочні продукти та яйця > Сири > Крем-сири,0.9,Бутербродна намазка семантично близька до крем-сирів,semantic
12298,Вершки,,"Молочна продукція, сир, яйця > Вершки",248,Вершки,,"Молочні продукти та яйця > Молоко, вершки > Вершки",1.0,Точне співпадіння категорії вершок,exact
12296,Дитячі молочні продукти,,"Молочна продукція, сир, яйця > Дитячі молочні продукти",272,Йогурти дитячі,,Молочні продукти та яйця > Молочні продукти для дітей > Йогурти дитячі,0.9,Найближча категорія для дитячих молочних продуктів,semantic
12316,Згущене молоко,,"Молочна продукція, сир, яйця > Згущене молоко",268,Згущене молоко,,Молочні продукти та яйця > Згущене молоко,1.0,Точне співпадіння категорії згущеного молока,exact
12307,Йогурти,,"Молочна продукція, сир, яйця > Йогуртно-десертна продукція > Йогурти",264,Йогурти,,"Молочні продукти та яйця > Йогурти, десерти > Йогурти",1.0,Точне співпадіння категорії йогуртів,exact
12308,Молочний бісквіт,,"Молочна продукція, сир, яйця > Йогуртно-десертна продукція > Молочний бісквіт",263,Бісквіти молочні,,"Молочні продукти та яйця > Йогурти, десерти > Бісквіти молочні",1.0,Точне співпадіння категорії молочних бісквітів,exact
12309,Молочні десерти,,"Молочна продукція, сир, яйця > Йогуртно-десертна продукція > Молочні десерти",265,Молочні і сиркові десерти,,"Молочні продукти та яйця > Йогурти, десерти > Молочні і сиркові десерти",1.0,Точне співпадіння категорії молочних десертів,exact
12311,Сирки глазуровані,,"Молочна продукція, сир, яйця > Йогуртно-десертна продукція > Сирки глазуровані",267,Глазуровані сирки,,Молочні продукти та яйця > Глазуровані сирки,1.0,Точне співпадіння категорії глазурованих сирків,exact
12303,Айран,,"Молочна продукція, сир, яйця > Кисломолочні напої > Айран",255,"Кефір, ряжанка, айран",,"Молочні продукти та яйця > Кисломолочні напої > Кефір, ряжанка, айран",1.0,Точне співпадіння категорії айрану,exact
12305,Закваска суха,,"Молочна продукція, сир, яйця > Кисломолочні напої > Закваска суха",257,Закваска,,Молочні продукти та яйця > Кисломолочні напої > Закваска,0.9,Точне семантичне співпадіння категорії заквасок,exact
12304,Інші кисломолочні напої,,"Молочна продукція, сир, яйця > Кисломолочні напої > Інші кисломолочні напої",256,Напої на сироватці,,Молочні продукти та яйця > Кисломолочні напої > Напої на сироватці,0.7,Часткове семантичне співпадіння для інших кисломолочних напоїв,semantic
12301,Кефір,,"Молочна продукція, сир, яйця > Кисломолочні напої > Кефір",255,"Кефір, ряжанка, айран",,"Молочні продукти та яйця > Кисломолочні напої > Кефір, ряжанка, айран",1.0,Точне співпадіння категорії кефіру,exact
12302,Ряжанка,,"Молочна продукція, сир, яйця > Кисломолочні напої > Ряжанка",255,"Кефір, ряжанка, айран",,"Молочні продукти та яйця > Кисломолочні напої > Кефір, ряжанка, айран",1.0,Точне співпадіння категорії ряжанки,exact
12314,Маргарин,,"Молочна продукція, сир, яйця > Масло, маргарин, спред > Маргарин",252,Маргарин,,"Молочні продукти та яйця > Масло, маргарин, спред > Маргарин",1.0,Точне співпадіння категорії маргарину,exact
12313,Масло вершкове,,"Молочна продукція, сир, яйця > Масло, маргарин, спред > Масло вершкове",251,Масло,,"Молочні продукти та яйця > Масло, маргарин, спред > Масло",1.0,Точне співпадіння категорії масла,exact
12315,Спред,,"Молочна продукція, сир, яйця > Масло, маргарин, спред > Спред",253,Спред,,"Молочні продукти та яйця > Масло, маргарин, спред > Спред",1.0,Точне співпадіння категорії спреду,exact
12297,Молоко,,"Молочна продукція, сир, яйця > Молоко",247,Молоко,,"Молочні продукти та яйця > Молоко, вершки > Молоко",1.0,Точне співпадіння категорії молока,exact
12318,Молочно-заморожена продукція,,"Молочна продукція, сир, яйця > Молочно-заморожена продукція",557,Десерти і торти заморожені,,Заморожена продукція > Морозиво і десерти > Десерти і торти заморожені,0.6,Часткове семантичне співпадіння з категорією заморожених десертів,semantic
12283,Крем-сир,,"Молочна продукція, сир, яйця > Сир > Крем-сир",170,Крем-сири,,Молочні продукти та яйця > Сири > Крем-сири,1.0,Точное совпадение типа сыра и категории,exact
12290,Напівтвердий сир,,"Молочна продукція, сир, яйця > Сир > Напівтвердий сир",167,"Напівтверді (тенеро, вершковий, інші)",,"Молочні продукти та яйця > Сири > Тверді і напівтверді сири > Напівтверді (тенеро, вершковий, інші)",0.9,Почти точное совпадение категории напівтвердих сыров,semantic
12285,Плавлений сир,,"Молочна продукція, сир, яйця > Сир > Плавлений сир",171,Сири плавлені,,Молочні продукти та яйця > Сири > Сири плавлені,1.0,Точное совпадение категории плавленых сыров,exact
12286,Розсільний сир,,"Молочна продукція, сир, яйця > Сир > Розсільний сир",163,"Сири розсільні (фета, моцарела, інші)",,"Молочні продукти та яйця > Сири > Сири розсільні (фета, моцарела, інші)",1.0,Точное совпадение категории рассольных сыров,exact
12287,Сир з пліснявою,,"Молочна продукція, сир, яйця > Сир > Сир з пліснявою",162,Сири з пліснявою,,Молочні продукти та яйця > Сири > Сири з пліснявою,1.0,Точное совпадение категории сыров с плесенью,exact
12289,Соус до сиру,,"Молочна продукція, сир, яйця > Сир > Соус до сиру",174,Соуси до сирів,,Молочні продукти та яйця > Сири > Соуси до сирів,1.0,Точное совпадение категории соусов к сыру,exact
12288,Твердий сир,,"Молочна продукція, сир, яйця > Сир > Твердий сир",165,"Витримані (пармезан, гауда, чеддер, інші)",,"Молочні продукти та яйця > Сири > Тверді і напівтверді сири > Витримані (пармезан, гауда, чеддер, інші)",0.9,Семантическое совпадение категории твердых сыров,semantic
12293,Сир кисломолочний,,"Молочна продукція, сир, яйця > Сирна  продукція > Сир кисломолочний",259,Сир кисломолочний,,"Молочні продукти та яйця > Сир кисломолочний, сирок > Сир кисломолочний",1.0,Точное совпадение категории кисломолочного сыра,exact
12294,Сиркова маса,,"Молочна продукція, сир, яйця > Сирна  продукція > Сиркова маса",260,Сиркова маса,,"Молочні продукти та яйця > Сир кисломолочний, сирок > Сиркова маса",1.0,Точное совпадение категории сырковой массы,exact
12299,Сметана,,"Молочна продукція, сир, яйця > Сметана",261,Сметана,,Молочні продукти та яйця > Сметана,1.0,Точное совпадение пути и семантики,exact
12320,Яйця курячі,,"Молочна продукція, сир, яйця > Яйця > Яйця курячі",243,Курячі яйця,,Молочні продукти та яйця > Яйця > Курячі яйця,1.0,Точное совпадение типа и семантики яиц,exact
12321,Яйця перепелині,,"Молочна продукція, сир, яйця > Яйця > Яйця перепелині",244,Перепелині яйця,,Молочні продукти та яйця > Яйця > Перепелині яйця,1.0,Точное совпадение типа и семантики яиц,exact
12223,Свіжі гриби,,"Овочі, фрукти, гриби > Гриби > Свіжі гриби",76,Печериці,,"Овочі та фрукти, зелень, гриби  > Гриби > Печериці",0.7,"Частичное совпадение - категория свежих грибов, но не точный тип",semantic
12224,Сушені гриби,,"Овочі, фрукти, гриби > Гриби > Сушені гриби",77,Сушені гриби,,"Овочі та фрукти, зелень, гриби  > Гриби > Сушені гриби",1.0,Точное совпадение пути и семантики,exact
12226,Зелень свіжа,,"Овочі, фрукти, гриби > Зелень, салати > Зелень свіжа",60,Зелень мікс,,"Овочі та фрукти, зелень, гриби  > Зелень і салати > Зелень мікс",0.8,Семантически близкая категория свежей зелени,semantic
12228,Мікрогрін,,"Овочі, фрукти, гриби > Зелень, салати > Мікрогрін",55,Мікрогрін,,"Овочі та фрукти, зелень, гриби  > Зелень і салати > Мікрогрін",1.0,Точное совпадение пути и семантики,exact
12227,Салати свіжі,,"Овочі, фрукти, гриби > Зелень, салати > Салати свіжі",56,Салати,,"Овочі та фрукти, зелень, гриби  > Зелень і салати > Салати",1.0,Точное совпадение типа и семантики салатов,exact
12221,Свіжі овочі,,"Овочі, фрукти, гриби > Овочі > Свіжі овочі",51,Овочеві набори,,"Овочі та фрукти, зелень, гриби  > Овочі > Овочеві набори",0.7,Семантически близкая категория овощей,semantic
12229,"Сухофрукти, цукати",,"Овочі, фрукти, гриби > Сухофрукти, цукати",83,Сухофрукти і цукати,,"Овочі та фрукти, зелень, гриби  > Горіхи і сухофрукти > Сухофрукти і цукати",1.0,Точное совпадение пути и семантики,exact
12218,"Свіжі фрукти, ягоди",,"Овочі, фрукти, гриби > Фрукти, ягоди > Свіжі фрукти, ягоди",31,Ягоди,,"Овочі та фрукти, зелень, гриби  > Ягоди",0.7,"Частково збігається категорія ягід, але не повністю охоплює всі фрукти",semantic
12684,Валики для одягу,,"Одяг, взуття, аксесуари > Аксесуари > Валики для одягу",645,Догляд за одягом і взуттям,,"Госптовари, non-food > Для дому > Господарчі товари > Догляд за одягом і взуттям",0.6,Часткова відповідність у догляді за одягом,semantic
12676,Головні убори,,"Одяг, взуття, аксесуари > Аксесуари > Головні убори",689,Головні убори і аксесуари,,"Госптовари, non-food > Для дому > Одяг і аксесуари > Головні убори і аксесуари",0.8,Точне співпадіння категорії головних уборів,exact
12672,Домашнє взуття,,"Одяг, взуття, аксесуари > Взуття > Домашнє взуття",687,Взуття і домашні капці,,"Госптовари, non-food > Для дому > Одяг і аксесуари > Взуття і домашні капці",0.8,Наиболее близкая категория для домашней обуви,semantic
12674,Засоби для догляду за взуттям,,"Одяг, взуття, аксесуари > Взуття > Засоби для догляду за взуттям",645,Догляд за одягом і взуттям,,"Госптовари, non-food > Для дому > Господарчі товари > Догляд за одягом і взуттям",0.9,Точное соответствие категории по уходу за обувью,exact
12669,Панчішно-шкарпеткові вироби,,"Одяг, взуття, аксесуари > Одяг > Панчішно-шкарпеткові вироби",686,Шкарпетки,,"Госптовари, non-food > Для дому > Одяг і аксесуари > Шкарпетки",0.7,Частичное соответствие для носков,semantic
12667,Спідня білизна жіноча,,"Одяг, взуття, аксесуари > Одяг > Спідня білизна жіноча",690,Білизна,,"Госптовари, non-food > Для дому > Одяг і аксесуари > Білизна",0.8,Наиболее подходящая категория для женского белья,semantic
12668,Спідня білизна чоловіча,,"Одяг, взуття, аксесуари > Одяг > Спідня білизна чоловіча",690,Білизна,,"Госптовари, non-food > Для дому > Одяг і аксесуари > Білизна",0.8,Наиболее подходящая категория для мужского белья,semantic
12619,Догляд за взуттям,,Побутова хімія > Догляд за взуттям,645,Догляд за одягом і взуттям,,"Госптовари, non-food > Для дому > Господарчі товари > Догляд за одягом і взуттям",0.9,Точное соответствие категории ухода за обувью,exact
12616,Засіб для посудомийних машин,,Побутова хімія > Засіб для посудомийних машин,630,Для миття посуду,,"Госптовари, non-food > Для дому > Побутова хімія > Для миття посуду",0.8,Близкая категория для средств мытья посуды,semantic
12603,Гель для прання,,Побутова хімія > Засоби для прання > Гель для прання,627,"Пральні порошки, гелі, капсули",,"Госптовари, non-food > Для дому > Побутова хімія > Пральні порошки, гелі, капсули",1.0,Точное соответствие категории гелей для стирки,exact
12604,Капсули для прання,,Побутова хімія > Засоби для прання > Капсули для прання,627,"Пральні порошки, гелі, капсули",,"Госптовари, non-food > Для дому > Побутова хімія > Пральні порошки, гелі, капсули",1.0,Точное соответствие категории капсул для стирки,exact
12605,Кондиціонери-ополіскувачі,,Побутова хімія > Засоби для прання > Кондиціонери-ополіскувачі,628,Ополіскувачі для білизни,,"Госптовари, non-food > Для дому > Побутова хімія > Ополіскувачі для білизни",0.9,Близкая категория для кондиционеров-ополаскивателей,semantic
12606,Плямовивідники для одягу,,Побутова хімія > Засоби для прання > Плямовивідники для одягу,629,"Плямовивідники, відбілювачі",,"Госптовари, non-food > Для дому > Побутова хімія > Плямовивідники, відбілювачі",1.0,Точное соответствие категории пятновыводителей,exact
12602,Порошок для прання,,Побутова хімія > Засоби для прання > Порошок для прання,627,"Пральні порошки, гелі, капсули",,"Госптовари, non-food > Для дому > Побутова хімія > Пральні порошки, гелі, капсули",0.95,Точне семантичне співпадіння для категорії прального порошку,semantic
12611,Миючі та чистячі засоби для дому,,Побутова хімія > Засоби для прибирання > Миючі та чистячі засоби для дому,631,Для прибирання,,"Госптовари, non-food > Для дому > Побутова хімія > Для прибирання",0.9,Точне семантичне співпадіння для категорії засобів для прибирання,semantic
12610,Чистка та дезінфекція ванної та туалету,,Побутова хімія > Засоби для прибирання > Чистка та дезінфекція ванної та туалету,631,Для прибирання,,"Госптовари, non-food > Для дому > Побутова хімія > Для прибирання",0.85,Часткове семантичне співпадіння для категорії прибирання,semantic
12617,Засоби для ручного миття посуду,,Побутова хімія > Засоби для ручного миття посуду,630,Для миття посуду,,"Госптовари, non-food > Для дому > Побутова хімія > Для миття посуду",1.0,Точне семантичне співпадіння,exact
12618,Засоби захисту від комах,,Побутова хімія > Засоби захисту від комах,634,Інсектициди,,"Госптовари, non-food > Для дому > Побутова хімія > Інсектициди",0.9,Точне семантичне співпадіння для категорії засобів від комах,semantic
12613,Автоматичні,,Побутова хімія > Освіжувачі повітря > Автоматичні,633,Аромадифузори,,"Госптовари, non-food > Для дому > Побутова хімія > Аромадифузори",0.8,Часткове семантичне співпадіння для категорії освіжувачів повітря,semantic
12614,Аерозолі та гелі,,Побутова хімія > Освіжувачі повітря > Аерозолі та гелі,632,Освіжувачі повітря,,"Госптовари, non-food > Для дому > Побутова хімія > Освіжувачі повітря",1.0,Точне семантичне співпадіння,exact
12201,"В'ялена, сушена риба та морепродукти",,"Риба, морепродукти > Готова риба, морепродукти > В'ялена, сушена риба та морепродукти",113,В'ялена та сушена риба,,Риба та морепродукти > Копчена і в'ялена риба > В'ялена та сушена риба,0.95,Точне семантичне співпадіння для категорії в'яленої риби,semantic
12194,Власні копченості,,"Риба, морепродукти > Готова риба, морепродукти > Власні копченості",112,Копчена риба та морепродукти,,Риба та морепродукти > Копчена і в'ялена риба > Копчена риба та морепродукти,0.9,Семантичне співпадіння для категорії копчених морепродуктів,semantic
12195,Ікра,,"Риба, морепродукти > Готова риба, морепродукти > Ікра",121,Ікра інших риб,,Риба та морепродукти > Ікра > Ікра інших риб,0.9,Точне семантичне співпадіння для категорії ікри,semantic
12199,"Крабові палички, сурімі охолоджені",,"Риба, морепродукти > Готова риба, морепродукти > Крабові палички, сурімі охолоджені",127,Крабові палички,,Риба та морепродукти > Крабові палички,0.9,Точне співпадіння за типом товару - крабові палички,exact
12204,"Морська капуста, водорості",,"Риба, морепродукти > Готова риба, морепродукти > Морська капуста, водорості",109,Морська капуста та салати,,"Риба та морепродукти > Приготовлена риба, салати і пресерви > Морська капуста та салати",0.95,Майже повне співпадіння за категорією морської капусти,semantic
12196,"Пресерви, суші",,"Риба, морепродукти > Готова риба, морепродукти > Пресерви, суші",107,Пресерви рибні,,"Риба та морепродукти > Приготовлена риба, салати і пресерви > Пресерви рибні",0.85,Часткове співпадіння за категорією пресервів,semantic
12202,Риба гарячего копчення,,"Риба, морепродукти > Готова риба, морепродукти > Риба гарячего копчення",112,Копчена риба та морепродукти,,Риба та морепродукти > Копчена і в'ялена риба > Копчена риба та морепродукти,0.9,Точне співпадіння за категорією копченої риби,exact
12198,Риба холодного копчення,,"Риба, морепродукти > Готова риба, морепродукти > Риба холодного копчення",112,Копчена риба та морепродукти,,Риба та морепродукти > Копчена і в'ялена риба > Копчена риба та морепродукти,0.9,Точне співпадіння за категорією копченої риби,exact
12197,Рибна паста,,"Риба, морепродукти > Готова риба, морепродукти > Рибна паста",110,Рибні пасти,,"Риба та морепродукти > Приготовлена риба, салати і пресерви > Рибні пасти",0.95,Точне співпадіння за категорією рибних паст,exact
12200,"Снекі рибні, із морепродуктів",,"Риба, морепродукти > Готова риба, морепродукти > Снекі рибні, із морепродуктів",108,Рибні закуски,,"Риба та морепродукти > Приготовлена риба, салати і пресерви > Рибні закуски",0.9,Точне співпадіння за категорією рибних снеків,exact
12203,"Солона риба, маринована",,"Риба, морепродукти > Готова риба, морепродукти > Солона риба, маринована",106,Слабосолена риба,,"Риба та морепродукти > Приготовлена риба, салати і пресерви > Слабосолена риба",0.85,Часткове співпадіння за категорією солоної риби,semantic
12213,"Крабові палички, сурімі заморожені",,"Риба, морепродукти > Заморожена риба, морепродукти > Крабові палички, сурімі заморожені",127,Крабові палички,,Риба та морепродукти > Крабові палички,0.9,Точне співпадіння за типом товару - крабові палички,exact
12212,Морепродукти заморожені,,"Риба, морепродукти > Заморожена риба, морепродукти > Морепродукти заморожені",125,Заморожені морепродукти та молюски,,Риба та морепродукти > Морепродукти та молюски > Заморожені морепродукти та молюски,0.95,Точне співпадіння за категорією заморожених морепродуктів,exact
12214,Равлики заморожені,,"Риба, морепродукти > Заморожена риба, морепродукти > Равлики заморожені",130,Заморожені равлики,,Риба та морепродукти > Заморожені равлики,1.0,Точное совпадение категории заморожених равликов,exact
12211,Риба заморожена,,"Риба, морепродукти > Заморожена риба, морепродукти > Риба заморожена",119,Заморожена риба,,Риба та морепродукти > Заморожена риба,1.0,Точное совпадение категории замороженной рыбы,exact
12215,"Напівфабрикати рибні, із морепродуктів",,"Риба, морепродукти > Напівфабрикати рибні, із морепродуктів",128,Рибні напівфабрикати,,Риба та морепродукти > Рибні напівфабрикати,0.9,Близкое семантическое совпадение полуфабрикатов из рыбы и морепродуктов,semantic
12206,"Лососеві, форель",,"Риба, морепродукти > Охолоджені риба, морепродукти > Лососеві, форель",115,Лосось і форель,,Риба та морепродукти > Свіжа риба > Лосось і форель,0.9,Точное совпадение категории лосося и форели,semantic
12209,Морепродукти та молюски,,"Риба, морепродукти > Охолоджені риба, морепродукти > Морепродукти та молюски",126,Охолоджені морепродукти та молюски,,Риба та морепродукти > Морепродукти та молюски > Охолоджені морепродукти та молюски,1.0,Точное совпадение категории охлажденных морепродуктов и моллюсков,exact
12207,Морська риба,,"Риба, морепродукти > Охолоджені риба, морепродукти > Морська риба",116,Морська риба,,Риба та морепродукти > Свіжа риба > Морська риба,1.0,Точное совпадение категории морской рыбы,exact
12208,Річкова риба,,"Риба, морепродукти > Охолоджені риба, морепродукти > Річкова риба",117,Річкова риба,,Риба та морепродукти > Свіжа риба > Річкова риба,1.0,Точное совпадение категории речной рыбы,exact
12132,Бісквіти,,"Солодощі, снеки > Борошняні кондитерські вироби > Бісквіти",436,"Бісквіти, рулети, кекси",,"Бакалія і консерви > Солодощі > Печиво, вафлі, бісквіти > Бісквіти, рулети, кекси",0.9,Семантическое совпадение категории бисквитов,semantic
12133,Вафлі,,"Солодощі, снеки > Борошняні кондитерські вироби > Вафлі",435,Вафлі,,"Бакалія і консерви > Солодощі > Печиво, вафлі, бісквіти > Вафлі",1.0,Точное совпадение категории вафель,exact
12134,Галети,,"Солодощі, снеки > Борошняні кондитерські вироби > Галети",434,Печиво,,"Бакалія і консерви > Солодощі > Печиво, вафлі, бісквіти > Печиво",0.8,Семантическое совпадение галет с печеньем,semantic
12135,Кекси,,"Солодощі, снеки > Борошняні кондитерські вироби > Кекси",198,Кекси і мафіни,,Хліб та випічка > Випічка > Кекси і мафіни,0.95,Точне семантичне співпадіння категорії кексів,semantic
12136,Крекер,,"Солодощі, снеки > Борошняні кондитерські вироби > Крекер",477,Крекери та солоне печиво,,Бакалія і консерви > Снеки та чипси > Соломка і крекери > Крекери та солоне печиво,0.9,Найближча категорія для крекерів,semantic
12137,Круасани,,"Солодощі, снеки > Борошняні кондитерські вироби > Круасани",193,Круасани,,Хліб та випічка > Випічка > Круасани,1.0,Точне співпадіння категорії круасанів,exact
12138,Маффіни,,"Солодощі, снеки > Борошняні кондитерські вироби > Маффіни",198,Кекси і мафіни,,Хліб та випічка > Випічка > Кекси і мафіни,1.0,Точне співпадіння категорії мафінів,exact
12139,Печиво,,"Солодощі, снеки > Борошняні кондитерські вироби > Печиво",434,Печиво,,"Бакалія і консерви > Солодощі > Печиво, вафлі, бісквіти > Печиво",1.0,Точне співпадіння категорії печива,exact
12140,Пряники,,"Солодощі, снеки > Борошняні кондитерські вироби > Пряники",214,Пряники,,"Хліб та випічка > Сушка, хлібці, пряники > Пряники",1.0,Точне співпадіння категорії пряників,exact
12141,Рулети,,"Солодощі, снеки > Борошняні кондитерські вироби > Рулети",195,Здобна випічка,,Хліб та випічка > Випічка > Здобна випічка,0.8,"Часткове семантичне співпадіння, найближча категорія",semantic
12142,Соломка,,"Солодощі, снеки > Борошняні кондитерські вироби > Соломка",211,Соломка,,"Хліб та випічка > Сушка, хлібці, пряники > Соломка",1.0,Точне співпадіння категорії соломки,exact
12143,Сухарі,,"Солодощі, снеки > Борошняні кондитерські вироби > Сухарі",209,Сухарі,,"Хліб та випічка > Сушка, хлібці, пряники > Сухарі",1.0,Точне співпадіння категорії сухарів,exact
12144,Сушка,,"Солодощі, снеки > Борошняні кондитерські вироби > Сушка",208,Сушка,,"Хліб та випічка > Сушка, хлібці, пряники > Сушка",1.0,Точне співпадіння категорії сушки,exact
12145,Трубочки,,"Солодощі, снеки > Борошняні кондитерські вироби > Трубочки",415,Печиво,,Бакалія і консерви > Солодощі > Власна Кондитерська > Печиво,0.7,Часткове семантичне співпадіння в категорії борошняних кондитерських виробів,semantic
12146,Хлібні палички,,"Солодощі, снеки > Борошняні кондитерські вироби > Хлібні палички",473,Сухарики і грінки,,"Бакалія і консерви > Снеки та чипси > Грінки, сухарики, хлібці > Сухарики і грінки",0.9,Точне семантичне співпадіння з категорією хлібців та сухариків,semantic
12130,Зефір,,"Солодощі, снеки > Власна кондитерська > Зефір",439,Зефір,,"Бакалія і консерви > Солодощі > Зефір, мармелад, пастила > Зефір",1.0,Точне співпадіння категорії зефіру,exact
12129,"Кекси, рулети, печиво",,"Солодощі, снеки > Власна кондитерська > Кекси, рулети, печиво",415,Печиво,,Бакалія і консерви > Солодощі > Власна Кондитерська > Печиво,0.9,Точне семантичне співпадіння з категорією печива,semantic
12128,Тістечка,,"Солодощі, снеки > Власна кондитерська > Тістечка",408,Тістечка,,Бакалія і консерви > Солодощі > Власна Кондитерська > Тістечка,1.0,Точне співпадіння категорії тістечок,exact
12127,Торти,,"Солодощі, снеки > Власна кондитерська > Торти",407,Торти,,Бакалія і консерви > Солодощі > Власна Кондитерська > Торти,1.0,Точне співпадіння категорії тортів,exact
12175,Горіхи,,"Солодощі, снеки > Горіхи",81,Горіхи,,"Овочі та фрукти, зелень, гриби  > Горіхи і сухофрукти > Горіхи",1.0,Точне співпадіння категорії горіхів,exact
12159,Драже,,"Солодощі, снеки > Драже",430,Драже,,Бакалія і консерви > Солодощі > Цукерки > Драже,1.0,Точне співпадіння категорії драже,exact
12166,Жувальна гумка,,"Солодощі, снеки > Жувальна гумка",453,Жувальна гумка,,Бакалія і консерви > Солодощі > Жувальна гумка,1.0,Точне співпадіння категорії жувальної гумки,exact
12161,Зефір,,"Солодощі, снеки > Зефір, мармелад > Зефір",439,Зефір,,"Бакалія і консерви > Солодощі > Зефір, мармелад, пастила > Зефір",1.0,Точне співпадіння категорії зефіру,exact
12162,Мармелад,,"Солодощі, снеки > Зефір, мармелад > Мармелад",441,Мармелад,,"Бакалія і консерви > Солодощі > Зефір, мармелад, пастила > Мармелад",1.0,Точное семантическое совпадение категории мармелада,exact
12176,Насіння,,"Солодощі, снеки > Насіння",484,Гарбузове насіння,,Бакалія і консерви > Снеки та чипси > Насіння смажене > Гарбузове насіння,0.9,Семантическое совпадение с категорией смаженого насіння,semantic
12165,"Пасти шоколадні, горіхові",,"Солодощі, снеки > Пасти шоколадні, горіхові",354,Пасти шоколадно-горіхові,,"Бакалія і консерви > Консервовані фрукти, варення, мед > Пасти шоколадно-горіхові",1.0,Точное совпадение категории шоколадно-горіхових паст,exact
12167,Попкорн,,"Солодощі, снеки > Попкорн",487,Попкорн,,Бакалія і консерви > Снеки та чипси > Кукурудзяні палички і попкорн > Попкорн,1.0,Точное совпадение категории попкорна,exact
12173,М'ясні снеки,,"Солодощі, снеки > Рибні, м'ясні снеки > М'ясні снеки",479,М'ясні чипси і снеки,,Бакалія і консерви > Снеки та чипси > М'ясні чипси і снеки,0.9,Семантическое совпадение с категорией м'ясних снеків,semantic
12174,Рибні снеки,,"Солодощі, снеки > Рибні, м'ясні снеки > Рибні снеки",478,Рибні снеки,,Бакалія і консерви > Снеки та чипси > Рибні снеки,1.0,Точное совпадение категории рибних снеків,exact
12171,Сирні снеки,,"Солодощі, снеки > Сирні снеки",480,Сирні снеки,,Бакалія і консерви > Снеки та чипси > Сирні снеки,1.0,Точное совпадение категории сирних снеків,exact
12170,"Снеки кукурудзяні, палички",,"Солодощі, снеки > Снеки кукурудзяні, палички",486,Кукурудзяні палички,,Бакалія і консерви > Снеки та чипси > Кукурудзяні палички і попкорн > Кукурудзяні палички,1.0,Точное совпадение категории кукурудзяних паличок,exact
12164,Солодка вата,,"Солодощі, снеки > Солодка вата",443,Солодка вата,,"Бакалія і консерви > Солодощі > Зефір, мармелад, пастила > Солодка вата",1.0,Точное совпадение категории солодкої вати,exact
12168,"Сухарики, соломка",,"Солодощі, снеки > Сухарики, соломка",476,Соломка солона,,Бакалія і консерви > Снеки та чипси > Соломка і крекери > Соломка солона,0.9,Семантическое совпадение с категорией соломки,semantic
12163,"Східні солодощі, халва",,"Солодощі, снеки > Східні солодощі, халва",450,Халва,,Бакалія і консерви > Солодощі > Східні солодощі > Халва,0.95,Точне семантичне співпадіння категорії східних солодощів,semantic
12148,Коржі для торту,,"Солодощі, снеки > Торти, тістечка > Коржі для торту",205,Коржі для тортів,,"Хліб та випічка > Коржі, основа для піци > Коржі для тортів",0.9,Точне співпадіння за типом коржів для тортів,exact
12149,Тістечка,,"Солодощі, снеки > Торти, тістечка > Тістечка",418,Тістечка,,"Бакалія і консерви > Солодощі > Торти, тістечка > Тістечка",1.0,Повне точне співпадіння категорії тістечок,exact
12150,Торти,,"Солодощі, снеки > Торти, тістечка > Торти",417,Торти,,"Бакалія і консерви > Солодощі > Торти, тістечка > Торти",1.0,Повне точне співпадіння категорії тортів,exact
12156,"Батончики фруктові, злакові",,"Солодощі, снеки > Цукерки > Батончики фруктові, злакові",489,Батончики,,Бакалія і консерви > Снеки та чипси > Батончики,0.8,"Часткове семантичне співпадіння, найближча категорія снеків",semantic
12157,Цукерки в коробках,,"Солодощі, снеки > Цукерки > Цукерки в коробках",426,Цукерки в коробці,,Бакалія і консерви > Солодощі > Цукерки > Цукерки в коробці,0.95,Майже точне співпадіння категорії цукерок у коробці,exact
12158,"Цукерки вагові, фасовані",,"Солодощі, снеки > Цукерки > Цукерки вагові, фасовані",426,Цукерки в коробці,,Бакалія і консерви > Солодощі > Цукерки > Цукерки в коробці,0.7,"Часткове семантичне співпадіння, немає точної категорії для вагових цукерок",semantic
12169,Чипси,,"Солодощі, снеки > Чипси",470,Картопляні чипси,,Бакалія і консерви > Снеки та чипси > Чипси > Картопляні чипси,0.9,Точне співпадіння за категорією чипсів,exact
12152,Батончик шоколадний,,"Солодощі, снеки > Шоколад > Батончик шоколадний",421,Шоколадні батончики,,Бакалія і консерви > Солодощі > Шоколад > Шоколадні батончики,1.0,Повне точне співпадіння категорії шоколадних батончиків,exact
12153,Шоколадна плитка,,"Солодощі, снеки > Шоколад > Шоколадна плитка",422,"Шоколад, плитка",,"Бакалія і консерви > Солодощі > Шоколад > Шоколад, плитка",1.0,Повне точне співпадіння категорії шоколадної плитки,exact
12154,"Яйце шоколадне, фігурки",,"Солодощі, снеки > Шоколад > Яйце шоколадне, фігурки",420,Шоколадні фігурки,,Бакалія і консерви > Солодощі > Шоколад > Шоколадні фігурки,0.95,Точное семантическое совпадение шоколадных фигурок,semantic
12104,Васабі,,"Соуси, спеції, рослинна олія > Гірчиця, хрін > Васабі",382,Хрін,,"Бакалія і консерви > Соуси і спеції > Соуси, заправки > Хрін",0.6,"Частичное совпадение, но нет точной категории для васаби",general
12105,Гірчиця,,"Соуси, спеції, рослинна олія > Гірчиця, хрін > Гірчиця",381,Гірчиця,,"Бакалія і консерви > Соуси і спеції > Соуси, заправки > Гірчиця",1.0,Точное совпадение категории гірчиці,exact
12106,Хрін,,"Соуси, спеції, рослинна олія > Гірчиця, хрін > Хрін",382,Хрін,,"Бакалія і консерви > Соуси і спеції > Соуси, заправки > Хрін",1.0,Точное совпадение категории хрону,exact
12114,"Ароматизатори, екстракти",,"Соуси, спеції, рослинна олія > Інгредієнти для випічки > Ароматизатори, екстракти",392,Ароматизатори,,Бакалія і консерви > Соуси і спеції > Все для випічки > Ароматизатори,0.95,Точное семантическое совпадение ароматизаторов,semantic
12115,Готові суміші для випічки,,"Соуси, спеції, рослинна олія > Інгредієнти для випічки > Готові суміші для випічки",403,Заготовки для десертів,,Бакалія і консерви > Соуси і спеції > Все для випічки > Заготовки для десертів,0.8,Близкое семантическое совпадение для готовых смесей,semantic
12117,Дріжджі,,"Соуси, спеції, рослинна олія > Інгредієнти для випічки > Дріжджі",394,Дріжджі,,Бакалія і консерви > Соуси і спеції > Все для випічки > Дріжджі,1.0,Точное совпадение категории дрожжей,exact
12120,Желе,,"Соуси, спеції, рослинна олія > Інгредієнти для випічки > Желе",401,"Кисіль, желе, пудинги",,"Бакалія і консерви > Соуси і спеції > Все для випічки > Кисіль, желе, пудинги",0.95,Точное семантическое совпадение желе,semantic
12118,Згущувачі,,"Соуси, спеції, рослинна олія > Інгредієнти для випічки > Згущувачі",402,"Крохмаль, загущувач",,"Бакалія і консерви > Соуси і спеції > Все для випічки > Крохмаль, загущувач",0.9,Близкое семантическое совпадение для загустителей,semantic
12119,Какао для випічки,,"Соуси, спеції, рослинна олія > Інгредієнти для випічки > Какао для випічки",398,Какао-порошок,,Бакалія і консерви > Соуси і спеції > Все для випічки > Какао-порошок,0.95,Точное семантическое совпадение какао для выпечки,semantic
12121,"Кисілі, кондитерські концентрати",,"Соуси, спеції, рослинна олія > Інгредієнти для випічки > Кисілі, кондитерські концентрати",401,"Кисіль, желе, пудинги",,"Бакалія і консерви > Соуси і спеції > Все для випічки > Кисіль, желе, пудинги",0.9,Точное семантическое совпадение для кондитерских концентратов и киселей,semantic
12122,"Кондитерські вершки, крем",,"Соуси, спеції, рослинна олія > Інгредієнти для випічки > Кондитерські вершки, крем",399,Крем для випічки,,Бакалія і консерви > Соуси і спеції > Все для випічки > Крем для випічки,0.9,Точное семантическое совпадение для кондитерских кремов,semantic
12123,"Прикраси випічки, десертів",,"Соуси, спеції, рослинна олія > Інгредієнти для випічки > Прикраси випічки, десертів",396,Начинки і посипки,,Бакалія і консерви > Соуси і спеції > Все для випічки > Начинки і посипки,0.8,Близкое семантическое совпадение для украшений и посыпок для выпечки,semantic
12124,Розпушувачі,,"Соуси, спеції, рослинна олія > Інгредієнти для випічки > Розпушувачі",393,Сода і розпушувач,,Бакалія і консерви > Соуси і спеції > Все для випічки > Сода і розпушувач,1.0,Точное совпадение для разрыхлителей,exact
12116,Сік концентрований,,"Соуси, спеції, рослинна олія > Інгредієнти для випічки > Сік концентрований",343,Сік-концентрат,,Бакалія і консерви > Олія та оцет > Сік-концентрат,0.9,Точное совпадение для концентрированного сока,exact
12097,"Заправка, маринади",,"Соуси, спеції, рослинна олія > Кетчуп, соус, маринад > Заправка, маринади",378,Заправки,,"Бакалія і консерви > Соуси і спеції > Соуси, заправки > Заправки",0.9,Точное семантическое совпадение для заправок и маринадов,semantic
12095,Кетчуп,,"Соуси, спеції, рослинна олія > Кетчуп, соус, маринад > Кетчуп",373,Кетчуп,,"Бакалія і консерви > Соуси і спеції > Соуси, заправки > Кетчуп",1.0,Точное совпадение для кетчупа,exact
12096,Соус,,"Соуси, спеції, рослинна олія > Кетчуп, соус, маринад > Соус",374,Соуси,,"Бакалія і консерви > Соуси і спеції > Соуси, заправки > Соуси",1.0,Точное совпадение для соусов,exact
12098,Томатна паста,,"Соуси, спеції, рослинна олія > Кетчуп, соус, маринад > Томатна паста",380,Томатна паста і пюре,,"Бакалія і консерви > Соуси і спеції > Соуси, заправки > Томатна паста і пюре",1.0,Точное совпадение для томатной пасты,exact
12101,Майонез,,"Соуси, спеції, рослинна олія > Майонез, майонезні соуси > Майонез",376,Майонез,,"Бакалія і консерви > Соуси і спеції > Соуси, заправки > Майонез",0.95,Точное семантическое совпадение в категории майонеза,exact
12102,Майонезні соуси,,"Соуси, спеції, рослинна олія > Майонез, майонезні соуси > Майонезні соуси",376,Майонез,,"Бакалія і консерви > Соуси і спеції > Соуси, заправки > Майонез",0.9,Близкое семантическое совпадение в категории майонеза,semantic
12111,Оцет,,"Соуси, спеції, рослинна олія > Оцет",342,Оцет,,Бакалія і консерви > Олія та оцет > Оцет,1.0,Точное совпадение категории оцета,exact
12110,Інші олії,,"Соуси, спеції, рослинна олія > Рослинна олія > Інші олії",341,Інші олії,,Бакалія і консерви > Олія та оцет > Інші олії,1.0,Точное совпадение категории других масел,exact
12109,Оливкова олія,,"Соуси, спеції, рослинна олія > Рослинна олія > Оливкова олія",340,Оливкова олія,,Бакалія і консерви > Олія та оцет > Оливкова олія,1.0,Точное совпадение категории оливкового масла,exact
12108,Соняшникова олія,,"Соуси, спеції, рослинна олія > Рослинна олія > Соняшникова олія",339,Соняшникова олія,,Бакалія і консерви > Олія та оцет > Соняшникова олія,1.0,Точное совпадение категории подсолнечного масла,exact
12112,"Спеції, приправи",,"Соуси, спеції, рослинна олія > Спеції, приправи",386,Спеції і трави,,Бакалія і консерви > Соуси і спеції > Спеції > Спеції і трави,0.9,Семантическое совпадение в категории специй,semantic
12537,Валізи,,"Товари для дачі, відпочинку > Багаж > Валізи",688,Валізи і сумки,,"Госптовари, non-food > Для дому > Одяг і аксесуари > Валізи і сумки",0.9,Семантическое совпадение в категории багажа и сумок,semantic
12538,Сумки для покупців,,"Товари для дачі, відпочинку > Багаж > Сумки для покупців",688,Валізи і сумки,,"Госптовари, non-food > Для дому > Одяг і аксесуари > Валізи і сумки",0.9,Семантическое совпадение в категории сумок,semantic
12539,"Сумки, рюкзаки",,"Товари для дачі, відпочинку > Багаж > Сумки, рюкзаки",688,Валізи і сумки,,"Госптовари, non-food > Для дому > Одяг і аксесуари > Валізи і сумки",0.9,Семантическое совпадение в категории сумок и рюкзаков,semantic
12513,Аксесуари для квітів,,"Товари для дачі, відпочинку > Сад, город > Аксесуари для квітів",622,Горщики для квітів і аксесуари,,"Госптовари, non-food > Квіти, товари для саду та городу > Горщики для квітів і аксесуари",0.9,Семантически близкие категории декоративных аксессуаров для цветов,semantic
12514,"Ґрунти, дренаж",,"Товари для дачі, відпочинку > Сад, город > Ґрунти, дренаж",618,"Ґрунти, добрива",,"Госптовари, non-food > Квіти, товари для саду та городу > Ґрунти, добрива",0.9,Точное соответствие категории грунтов,exact
12515,"Добрива, захист рослин",,"Товари для дачі, відпочинку > Сад, город > Добрива, захист рослин",618,"Ґрунти, добрива",,"Госптовари, non-food > Квіти, товари для саду та городу > Ґрунти, добрива",0.8,Семантически близкая категория удобрений,semantic
12512,Кімнатні рослини,,"Товари для дачі, відпочинку > Сад, город > Кімнатні рослини",621,Кімнатні рослини,,"Госптовари, non-food > Квіти, товари для саду та городу > Кімнатні рослини",1.0,Точное соответствие категории комнатных растений,exact
12516,Насіння,,"Товари для дачі, відпочинку > Сад, город > Насіння",624,Насіння і саджанці,,"Госптовари, non-food > Квіти, товари для саду та городу > Насіння і саджанці",0.9,Семантически близкая категория семян,semantic
12518,Саджанці,,"Товари для дачі, відпочинку > Сад, город > Саджанці",624,Насіння і саджанці,,"Госптовари, non-food > Квіти, товари для саду та городу > Насіння і саджанці",0.9,Семантически близкая категория саженцев,semantic
12519,Садові інструменти,,"Товари для дачі, відпочинку > Сад, город > Садові інструменти",620,Товари для саду та городу,,"Госптовари, non-food > Квіти, товари для саду та городу > Товари для саду та городу",0.8,Общая категория садовых инструментов,general
12517,Цибулини квітів,,"Товари для дачі, відпочинку > Сад, город > Цибулини квітів",624,Насіння і саджанці,,"Госптовари, non-food > Квіти, товари для саду та городу > Насіння і саджанці",0.7,Семантически близкая категория луковиц цветов,semantic
12522,Для зимового відпочинку,,"Товари для дачі, відпочинку > Товари для активного відпочинку > Для зимового відпочинку",705,Для туризму і спорту,,"Госптовари, non-food > Для дому > Пікнік і відпочинок > Для туризму і спорту",0.6,Частичное совпадение по товарам для активного отдыха и спорта,general
12523,Для пляжу і басейну,,"Товари для дачі, відпочинку > Товари для активного відпочинку > Для пляжу і басейну",705,Для туризму і спорту,,"Госптовари, non-food > Для дому > Пікнік і відпочинок > Для туризму і спорту",0.6,Частичное совпадение по товарам для активного отдыха и спорта,general
12524,Для туризму,,"Товари для дачі, відпочинку > Товари для активного відпочинку > Для туризму",705,Для туризму і спорту,,"Госптовари, non-food > Для дому > Пікнік і відпочинок > Для туризму і спорту",0.9,Точное совпадение по товарам для туризма,exact
12526,"Грилі, мангали, барбекю",,"Товари для дачі, відпочинку > Товари для пікніка > Грилі, мангали, барбекю",703,Мангали і решітки для гриля,,"Госптовари, non-food > Для дому > Пікнік і відпочинок > Мангали і решітки для гриля",0.9,Точное совпадение по грилям и мангалам,exact
12527,"Дрова, вугілля, брикети",,"Товари для дачі, відпочинку > Товари для пікніка > Дрова, вугілля, брикети",704,"Вугілля, дрова, розпалювачі",,"Госптовари, non-food > Для дому > Пікнік і відпочинок > Вугілля, дрова, розпалювачі",1.0,Полное точное совпадение,exact
12528,Засоби для розпалювання,,"Товари для дачі, відпочинку > Товари для пікніка > Засоби для розпалювання",704,"Вугілля, дрова, розпалювачі",,"Госптовари, non-food > Для дому > Пікнік і відпочинок > Вугілля, дрова, розпалювачі",0.9,Точное совпадение по средствам для розжига,exact
12529,Посуд для пікніка одноразовий,,"Товари для дачі, відпочинку > Товари для пікніка > Посуд для пікніка одноразовий",658,"Ложки, виделки, мішалки, ножі",,"Госптовари, non-food > Для дому > Одноразовий посуд > Ложки, виделки, мішалки, ножі",0.7,Частичное совпадение по одноразовой посуде,general
12530,Посуд для туризму,,"Товари для дачі, відпочинку > Товари для пікніка > Посуд для туризму",705,Для туризму і спорту,,"Госптовари, non-food > Для дому > Пікнік і відпочинок > Для туризму і спорту",0.8,Совпадение по посуду для туризма,semantic
12531,"Решітки, шампури",,"Товари для дачі, відпочинку > Товари для пікніка > Решітки, шампури",703,Мангали і решітки для гриля,,"Госптовари, non-food > Для дому > Пікнік і відпочинок > Мангали і решітки для гриля",1.0,Полное точное совпадение по решеткам,exact
12532,"Сірники, запальнички",,"Товари для дачі, відпочинку > Товари для пікніка > Сірники, запальнички",644,"Запальнички, сірники",,"Госптовари, non-food > Для дому > Господарчі товари > Запальнички, сірники",0.95,Точне семантичне співпадіння для категорії сірників та запальничок,exact
12533,"Стільці, гамаки, зонти пляжні",,"Товари для дачі, відпочинку > Товари для пікніка > Стільці, гамаки, зонти пляжні",705,Для туризму і спорту,,"Госптовари, non-food > Для дому > Пікнік і відпочинок > Для туризму і спорту",0.8,Часткове семантичне співпадіння для товарів для відпочинку та пікніка,semantic
12534,"Термосумки, акумулятори холоду",,"Товари для дачі, відпочинку > Товари для пікніка > Термосумки, акумулятори холоду",705,Для туризму і спорту,,"Госптовари, non-food > Для дому > Пікнік і відпочинок > Для туризму і спорту",0.7,Часткове семантичне співпадіння для товарів для відпочинку,semantic
12231,Аксесуари для новонароджених,,Товари для дітей > Аксесуари для новонароджених,846,Товари для мам,,Дитячі товари > Товари для мам,0.6,"Часткове семантичне співпадіння, але не точне",semantic
12239,Аксесуари для волосся дитячі,,Товари для дітей > Гігієна та догляд > Аксесуари для волосся дитячі,844,Дитячі головні убори і аксесуари,,"Дитячі товари > Дитячий одяг, взуття, текстиль > Дитячі головні убори і аксесуари",0.7,Часткове семантичне співпадіння для дитячих аксесуарів,semantic
12236,Вологі серветки,,Товари для дітей > Гігієна та догляд > Вологі серветки,823,Дитячі вологі серветки,,Дитячі товари > Дитячі вологі серветки,1.0,Точне семантичне співпадіння,exact
12235,Догляд за порожниною рота дитини,,Товари для дітей > Гігієна та догляд > Догляд за порожниною рота дитини,825,Догляд за зубками,,Дитячі товари > Дитяча косметика і догляд > Догляд за зубками,0.9,Точне семантичне співпадіння,semantic
12234,Догляд за шкірою дитини,,Товари для дітей > Гігієна та догляд > Догляд за шкірою дитини,827,"Креми, олійки, присипки",,"Дитячі товари > Дитяча косметика і догляд > Креми, олійки, присипки",0.9,Точне семантичне співпадіння,semantic
12233,Засоби для купання,,Товари для дітей > Гігієна та догляд > Засоби для купання,826,Дитяче купання,,Дитячі товари > Дитяча косметика і догляд > Дитяче купання,1.0,Точне семантичне співпадіння,exact
12241,Захист від комах для дітей,,Товари для дітей > Гігієна та догляд > Захист від комах для дітей,755,"Антисептики, маски, пластирі, інше",,"Госптовари, non-food > Гігієна та краса > Особиста гігієна та здоров'я > Антисептики, маски, пластирі, інше",0.6,Часткове семантичне співпадіння в категорії особистої гігієни,semantic
12238,Пелюшки,,Товари для дітей > Гігієна та догляд > Пелюшки,822,Пелюшки,,Дитячі товари > Підгузки і пелюшки > Пелюшки,1.0,Точне семантичне співпадіння,exact
12237,Підгузки,,Товари для дітей > Гігієна та догляд > Підгузки,821,Підгузки,,Дитячі товари > Підгузки і пелюшки > Підгузки,1.0,Точне семантичне співпадіння,exact
12242,Сонцезахисні засоби для дітей,,Товари для дітей > Гігієна та догляд > Сонцезахисні засоби для дітей,803,Сонцезахисні засоби,,"Госптовари, non-food > Гігієна та краса > Сонцезахисні засоби",0.7,Часткове семантичне співпадіння в категорії сонцезахисних засобів,semantic
12255,"Борошняні вироби, батончики",,"Товари для дітей > Дитяче харчування > Борошняні вироби, батончики",811,Печиво і снеки дитячі,,Дитячі товари > Дитяче харчування > Печиво і снеки дитячі,0.8,Семантичне співпадіння в категорії дитячих снеків,semantic
12252,Дитяча вода,,Товари для дітей > Дитяче харчування > Дитяча вода,810,Соки і напої дитячі,,Дитячі товари > Дитяче харчування > Соки і напої дитячі,0.7,Часткове семантичне співпадіння в категорії дитячих напоїв,semantic
12250,Дитячий суп,,Товари для дітей > Дитяче харчування > Дитячий суп,809,Супчики дитячі,,Дитячі товари > Дитяче харчування > Супчики дитячі,1.0,Точне семантичне співпадіння,exact
12254,Дитячий чай,,Товари для дітей > Дитяче харчування > Дитячий чай,810,Соки і напої дитячі,,Дитячі товари > Дитяче харчування > Соки і напої дитячі,0.7,Часткове семантичне співпадіння в категорії дитячих напоїв,semantic
12247,Дитячі каші,,Товари для дітей > Дитяче харчування > Дитячі каші,808,Каші дитячі,,Дитячі товари > Дитяче харчування > Каші дитячі,1.0,Точне семантичне співпадіння,exact
12251,Дитячі макаронні вироби,,Товари для дітей > Дитяче харчування > Дитячі макаронні вироби,813,Макарони дитячі,,Дитячі товари > Дитяче харчування > Макарони дитячі,1.0,Точное семантическое совпадение категории дитячих макаронних виробів,exact
12249,Дитячі пюре,,Товари для дітей > Дитяче харчування > Дитячі пюре,806,Пюре дитячі,,Дитячі товари > Дитяче харчування > Пюре дитячі,1.0,Точное семантическое совпадение категории дитячих пюре,exact
12253,Дитячі соки,,Товари для дітей > Дитяче харчування > Дитячі соки,810,Соки і напої дитячі,,Дитячі товари > Дитяче харчування > Соки і напої дитячі,0.9,"Высокое семантическое совпадение, включает детские соки",semantic
12245,Замінник грудного молока,,Товари для дітей > Дитяче харчування > Замінник грудного молока,807,Суміші дитячі,,Дитячі товари > Дитяче харчування > Суміші дитячі,0.9,Семантически близкая категория дитячих сумішей,semantic
12248,Молочні продукти для дітей,,Товари для дітей > Дитяче харчування > Молочні продукти для дітей,272,Йогурти дитячі,,Молочні продукти та яйця > Молочні продукти для дітей > Йогурти дитячі,0.8,Частичное совпадение в категории дитячих молочних продуктів,general
12246,Сухі суміші,,Товари для дітей > Дитяче харчування > Сухі суміші,807,Суміші дитячі,,Дитячі товари > Дитяче харчування > Суміші дитячі,1.0,Точное семантическое совпадение категории дитячих сумішей,exact
12261,Дитяче взуття,,"Товари для дітей > Дитячий одяг, взуття > Дитяче взуття",845,Дитяче взуття,,"Дитячі товари > Дитячий одяг, взуття, текстиль > Дитяче взуття",1.0,Точное семантическое совпадение категории дитячого взуття,exact
12260,"Колготки дитячі,  шкарпетки",,"Товари для дітей > Дитячий одяг, взуття > Колготки дитячі,  шкарпетки",843,Дитячі колготки,,"Дитячі товари > Дитячий одяг, взуття, текстиль > Дитячі колготки",0.9,"Частичное совпадение, включает дитячі колготки",semantic
12256,Дитячий посуд,,Товари для дітей > Дитячий посуд,817,Дитячий посуд,,Дитячі товари > Товари для годування > Дитячий посуд,1.0,Точное совпадение по типу товара - детский посуд,exact
12265,LEGO,,Товари для дітей > Іграшки > LEGO,834,Конструктори,,Дитячі товари > Іграшки та книги > Конструктори,0.9,"LEGO относится к конструкторам, высокая семантическая близость",semantic
12267,Активні ігри,,Товари для дітей > Іграшки > Активні ігри,840,Розваги на свіжому повітрі,,Дитячі товари > Іграшки та книги > Розваги на свіжому повітрі,0.8,Активные игры связаны с играми на свежем воздухе,semantic
12272,Бульбашки,,Товари для дітей > Іграшки > Бульбашки,832,Іграшки,,Дитячі товари > Іграшки та книги > Іграшки,0.7,"Общая категория игрушек, нет точного подраздела для мыльных пузырей",general
12269,Дитячий транспорт,,Товари для дітей > Іграшки > Дитячий транспорт,832,Іграшки,,Дитячі товари > Іграшки та книги > Іграшки,0.7,"Общая категория игрушек, нет специфического подраздела детского транспорта",general
12278,Залізні дороги,,Товари для дітей > Іграшки > Залізні дороги,834,Конструктори,,Дитячі товари > Іграшки та книги > Конструктори,0.6,"Железные дороги могут быть частью конструкторов, но точного совпадения нет",general
12270,Іграшки для малюків,,Товари для дітей > Іграшки > Іграшки для малюків,836,Іграшки для найменших,,Дитячі товари > Іграшки та книги > Іграшки для найменших,1.0,Точное совпадение по категории игрушек для самых маленьких,exact
12271,"Іграшки для піску, води",,"Товари для дітей > Іграшки > Іграшки для піску, води",832,Іграшки,,Дитячі товари > Іграшки та книги > Іграшки,0.7,"Общая категория игрушек, нет специфического подраздела для песка и воды",general
12280,Іграшкова зброя,,Товари для дітей > Іграшки > Іграшкова зброя,832,Іграшки,,Дитячі товари > Іграшки та книги > Іграшки,0.7,"Общая категория игрушек, нет специфического подраздела для игрушечного оружия",general
12268,Ігрові набори,,Товари для дітей > Іграшки > Ігрові набори,835,Дитяча творчість та ігри,,Дитячі товари > Іграшки та книги > Дитяча творчість та ігри,0.8,Игровые наборы близки к детскому творчеству и играм,semantic
12279,Конструктори,,Товари для дітей > Іграшки > Конструктори,834,Конструктори,,Дитячі товари > Іграшки та книги > Конструктори,1.0,Точное семантическое совпадение категории конструкторов,exact
12275,"Ляльки, аксесуари до них",,"Товари для дітей > Іграшки > Ляльки, аксесуари до них",832,Іграшки,,Дитячі товари > Іграшки та книги > Іграшки,0.8,"Частичное совпадение, категория игрушек включает кукол",semantic
12273,М'які іграшки,,Товари для дітей > Іграшки > М'які іграшки,833,М'які іграшки,,Дитячі товари > Іграшки та книги > М'які іграшки,1.0,Точное семантическое совпадение категории мягких игрушек,exact
12276,"Машинки, техніка, треки",,"Товари для дітей > Іграшки > Машинки, техніка, треки",832,Іграшки,,Дитячі товари > Іграшки та книги > Іграшки,0.8,"Частичное совпадение, категория игрушек включает машинки и технику",semantic
12266,Набори для творчості,,Товари для дітей > Іграшки > Набори для творчості,835,Дитяча творчість та ігри,,Дитячі товари > Іграшки та книги > Дитяча творчість та ігри,1.0,Точное семантическое совпадение категории наборов для творчества,exact
12263,Настільні ігри,,Товари для дітей > Іграшки > Настільні ігри,835,Дитяча творчість та ігри,,Дитячі товари > Іграшки та книги > Дитяча творчість та ігри,1.0,Точное семантическое совпадение категории настольных игр,exact
12264,Пазли,,Товари для дітей > Іграшки > Пазли,835,Дитяча творчість та ігри,,Дитячі товари > Іграшки та книги > Дитяча творчість та ігри,1.0,Точное семантическое совпадение категории пазлов,exact
12277,"Роботи, трансформери",,"Товари для дітей > Іграшки > Роботи, трансформери",832,Іграшки,,Дитячі товари > Іграшки та книги > Іграшки,0.8,"Частичное совпадение, категория игрушек включает роботов и трансформеров",semantic
12274,Фігурки,,Товари для дітей > Іграшки > Фігурки,832,Іграшки,,Дитячі товари > Іграшки та книги > Іграшки,0.8,"Частичное совпадение, категория игрушек включает фигурки",semantic
12750,"Запальнички, сірники, попільнички",,"Тютюнова продукція > Запальнички, сірники, попільнички",644,"Запальнички, сірники",,"Госптовари, non-food > Для дому > Господарчі товари > Запальнички, сірники",0.9,Высокая семантическая близость по категории бытовых принадлежностей,semantic
12745,Сигари і аксесуари,,Тютюнова продукція > Сигари і аксесуари,616,"Сигарети, стіки, жуйки",,"Алкоголь. Напої. Тютюн > Сигарети, стіки, жуйки",0.7,Часткове семантичне співпадіння в тютюновій групі,semantic
12744,Сигарили,,Тютюнова продукція > Сигарили,616,"Сигарети, стіки, жуйки",,"Алкоголь. Напої. Тютюн > Сигарети, стіки, жуйки",0.7,Часткове семантичне співпадіння в тютюновій групі,semantic
12748,Комплекти систем нагрівання тютюну,,Тютюнова продукція > Системи нагрівання тютюну > Комплекти систем нагрівання тютюну,616,"Сигарети, стіки, жуйки",,"Алкоголь. Напої. Тютюн > Сигарети, стіки, жуйки",0.6,Часткове семантичне співпадіння в тютюновій групі,semantic
12749,Тютюн для систем нагрівання,,Тютюнова продукція > Системи нагрівання тютюну > Тютюн для систем нагрівання,616,"Сигарети, стіки, жуйки",,"Алкоголь. Напої. Тютюн > Сигарети, стіки, жуйки",0.6,Часткове семантичне співпадіння в тютюновій групі,semantic
12746,Тютюн та аксесуари,,Тютюнова продукція > Тютюн та аксесуари,616,"Сигарети, стіки, жуйки",,"Алкоголь. Напої. Тютюн > Сигарети, стіки, жуйки",0.7,Часткове семантичне співпадіння в тютюновій групі,semantic
12743,Цигарки,,Тютюнова продукція > Цигарки,616,"Сигарети, стіки, жуйки",,"Алкоголь. Напої. Тютюн > Сигарети, стіки, жуйки",0.8,Пряме семантичне співпадіння в тютюновій групі,semantic
12385,Багет,,Хлібобулочні вироби > Багет,185,Багет,,Хліб та випічка > Хлібобулочні вироби > Багет,1.0,Точне співпадіння категорії та шляху,exact
12386,Батон,,Хлібобулочні вироби > Батон,186,Батон,,Хліб та випічка > Хлібобулочні вироби > Батон,1.0,Точне співпадіння категорії та шляху,exact
12390,"Булочки, здоба",,"Хлібобулочні вироби > Булочки, здоба",188,Булки,,Хліб та випічка > Хлібобулочні вироби > Булки,0.9,Майже точне семантичне співпадіння,semantic
12380,Батон та лаваш,,Хлібобулочні вироби > Власна випічка > Батон та лаваш,189,"Лаваш, тортилья",,"Хліб та випічка > Хлібобулочні вироби > Лаваш, тортилья",0.8,Часткове семантичне співпадіння,semantic
12381,Булочки та здоба,,Хлібобулочні вироби > Власна випічка > Булочки та здоба,178,Булочки і здоба власної пекарні,,Хліб та випічка > Власна випічка Сільпо > Булочки і здоба власної пекарні,0.95,Точне семантичне співпадіння категорії власної випічки булочок,semantic
12382,Випічка з листкового тіста,,Хлібобулочні вироби > Власна випічка > Випічка з листкового тіста,182,Круасани і листкові вироби власної пекарні,,Хліб та випічка > Власна випічка Сільпо > Круасани і листкові вироби власної пекарні,0.9,Семантичне співпадіння листкових виробів власної пекарні,semantic
12384,"Кекси, пампухи та донати",,"Хлібобулочні вироби > Власна випічка > Кекси, пампухи та донати",180,Донати і пампухи власної пекарні,,Хліб та випічка > Власна випічка Сільпо > Донати і пампухи власної пекарні,0.95,Точне семантичне співпадіння категорії донатів і пампушок,semantic
12383,Сендвічі та піца,,Хлібобулочні вироби > Власна випічка > Сендвічі та піца,181,Сендвічі власної пекарні,,Хліб та випічка > Власна випічка Сільпо > Сендвічі власної пекарні,0.85,"Часткове семантичне співпадіння, акцент на сендвічах",semantic
12379,Хліб та багети,,Хлібобулочні вироби > Власна випічка > Хліб та багети,177,Хліб і багети власної пекарні,,Хліб та випічка > Власна випічка Сільпо > Хліб і багети власної пекарні,1.0,Точне семантичне співпадіння категорії хліба і багетів,exact
12389,"Лаваш, тортилья",,"Хлібобулочні вироби > Лаваш, тортилья",189,"Лаваш, тортилья",,"Хліб та випічка > Хлібобулочні вироби > Лаваш, тортилья",1.0,Точне семантичне співпадіння категорії лаваш і тортилья,exact
12392,"Основа для піци, тарталетки",,"Хлібобулочні вироби > Основа для піци, тарталетки",204,Кошики та тарталетки,,"Хліб та випічка > Коржі, основа для піци > Кошики та тарталетки",0.9,Семантичне співпадіння з категорією тарталеток,semantic
12387,Хліб,,Хлібобулочні вироби > Хліб,184,Хліб,,Хліб та випічка > Хлібобулочні вироби > Хліб,1.0,Точне семантичне співпадіння категорії хліба,exact
12393,"Хлібці, грісіні",,"Хлібобулочні вироби > Хлібці, грісіні",212,Гріссіні та хлібні палички,,"Хліб та випічка > Сушка, хлібці, пряники > Гріссіні та хлібні палички",0.9,Семантичне співпадіння з категорією хлібних паличок,semantic
12388,Чіабата,,Хлібобулочні вироби > Чіабата,187,Чіабата,,Хліб та випічка > Хлібобулочні вироби > Чіабата,1.0,Точне співпадіння категорії та шляху,exact
12026,"Добавки до кави, розхідники",,"Чай, кава > Кава > Добавки до кави, розхідники",502,Сиропи і добавки до кави,,"Кава, чай > Кава > Сиропи і добавки до кави",0.9,Семантично близька категорія додатків до кави,semantic
12021,Кава в зернах,,"Чай, кава > Кава > Кава в зернах",494,Кава в зернах,,"Кава, чай > Кава > Кава в зернах",1.0,Точне співпадіння категорії та шляху,exact
12024,Кава в капсулах,,"Чай, кава > Кава > Кава в капсулах",495,Кава в капсулах,,"Кава, чай > Кава > Кава в капсулах",1.0,Точне співпадіння категорії та шляху,exact
12022,Кава мелена,,"Чай, кава > Кава > Кава мелена",497,Кава мелена,,"Кава, чай > Кава > Кава мелена",1.0,Точне співпадіння категорії та шляху,exact
12023,Кава розчинна,,"Чай, кава > Кава > Кава розчинна",498,Кава розчинна,,"Кава, чай > Кава > Кава розчинна",1.0,Точне співпадіння категорії та шляху,exact
12032,Какао,,"Чай, кава > Какао",514,"Какао, гарячий шоколад",,"Кава, чай > Какао, гарячий шоколад",0.9,Семантично близька категорія какао,semantic
12033,Цикорій,,"Чай, кава > Цикорій",515,Цикорій,,"Кава, чай > Цикорій",1.0,Точне співпадіння категорії та шляху,exact
12028,Чай розсипний,,"Чай, кава > Чай > Чай розсипний",510,Чай ваговий,,"Кава, чай > Чай > Чай ваговий",0.9,Практически идентичные категории чая навалом/россыпью,semantic
12030,Чай трав`яний,,"Чай, кава > Чай > Чай трав`яний",507,"Трав'яні, фруктові, плодові чаї",,"Кава, чай > Чай > Трав'яні, фруктові, плодові чаї",1.0,Точное соответствие категории трав'яних чаїв,exact
12031,Чай фруктово-ягідний,,"Чай, кава > Чай > Чай фруктово-ягідний",507,"Трав'яні, фруктові, плодові чаї",,"Кава, чай > Чай > Трав'яні, фруктові, плодові чаї",1.0,Точное соответствие категории фруктових чаїв,exact
12051,Крупа ячна,,"Бакалія, консервація > Крупи, бобові > Крупа ячна",Не найдено,Не найдено,,Не найдено,0.5,Нет точной категории для ячменной крупы,unmatched
12056,Пшоно,,"Бакалія, консервація > Крупи, бобові > Пшоно",Не найдено,Не найдено,,Не найдено,0.5,Нет точной категории для проса,unmatched
12375,"Тісто, паста охолоджені",,"Заморожені продукти > Тісто, паста охолоджені",Не найдено,Не найдено,,Не найдено,0.5,Нет точной категории для охлажденного теста и пасты,unmatched
12691,"Косметика, гігієна для кішок",,"Зоотовари > Для кішок > Косметика, гігієна для кішок",Не знайдено,Не найдено,,Не найдено,0.3,Немає точної відповідної категорії для косметики та гігієни для котів,unmatched
12692,Ласощі для кішок,,Зоотовари > Для кішок > Ласощі для кішок,Не знайдено,Не найдено,,Не найдено,0.4,Немає спеціальної категорії для ласощів для котів,unmatched
12699,Ласощі для собак,,Зоотовари > Для собак > Ласощі для собак,Не знайдено,Не найдено,,Не найдено,0.5,Немає точної категорії для ласощів для собак,unmatched
12432,Кошерні продукти,,Кошерні продукти,Не найдено,Не найдено,,Не найдено,0.0,Нет специфической категории кошерных продуктов в новой структуре,unmatched
12467,Дзеркала,,"Краса, гігієна > Догляд за обличчям і тілом > Дзеркала",Не найдено,Не найдено,,Не найдено,0.0,Немає відповідної категорії дзеркал у новій структурі,unmatched
12475,Парфумерні товари,,"Краса, гігієна > Догляд за обличчям і тілом > Парфумерні товари",Не знайдено,Не найдено,,Не найдено,0.5,Немає точної категорії для парфумерних товарів,unmatched
12481,"Помазок, щітка для гоління",,"Краса, гігієна > Засоби для гоління > Помазок, щітка для гоління",Не знайдено,Не найдено,,Не найдено,0.5,"Специфічна категорія аксесуарів для гоління, яка не має прямого відповідника",unmatched
12310,Молочні коктейлі,,"Молочна продукція, сир, яйця > Йогуртно-десертна продукція > Молочні коктейлі",Не знайдено,Не найдено,,Не найдено,0.5,Немає точної категорії для молочних коктейлів,unmatched
12291,Копчений сир,,"Молочна продукція, сир, яйця > Сир > Копчений сир",Не найдено,Не найдено,,Не найдено,0.3,Немає точної підкатегорії для копченого сиру в новій структурі,unmatched
12284,М'який сир,,"Молочна продукція, сир, яйця > Сир > М'який сир",Не найдено,Не найдено,,Не найдено,0.5,Нет точной категории для мягких сыров в новой структуре,unmatched
12219,Фруктові нарізки,,"Овочі, фрукти, гриби > Фрукти, ягоди > Фруктові нарізки",Не найдено,Не найдено,,Не найдено,0.3,Немає точної категорії для фруктових нарізок,unmatched
12682,Аксесуари для шиття,,"Одяг, взуття, аксесуари > Аксесуари > Аксесуари для шиття",Не найдено,Не найдено,,Не найдено,0.2,Немає відповідної категорії в новій структурі,unmatched
12683,Антистатики,,"Одяг, взуття, аксесуари > Аксесуари > Антистатики",Не найдено,Не найдено,,Не найдено,0.1,Немає відповідної категорії в новій структурі,unmatched
12681,"Гаманці, візитниці",,"Одяг, взуття, аксесуари > Аксесуари > Гаманці, візитниці",Не найдено,Не найдено,,Не найдено,0.3,Немає точної категорії для гаманців,unmatched
12680,"Окуляри, чохли для окулярів",,"Одяг, взуття, аксесуари > Аксесуари > Окуляри, чохли для окулярів",Не найдено,Не найдено,,Не найдено,0.2,Немає відповідної категорії для окулярів,unmatched
12679,"Парасолі, дощовики",,"Одяг, взуття, аксесуари > Аксесуари > Парасолі, дощовики",Не найдено,Не найдено,,Не найдено,0.3,Немає точної категорії для парасольок,unmatched
12678,"Рукавички, рукавиці",,"Одяг, взуття, аксесуари > Аксесуари > Рукавички, рукавиці",Не найдено,Не найдено,,Не найдено,0.3,Немає відповідної категорії для рукавичок,unmatched
12677,"Хустки, шарфи, пов'язки",,"Одяг, взуття, аксесуари > Аксесуари > Хустки, шарфи, пов'язки",Не найдено,Не найдено,,Не найдено,0.0,В новой структуре отсутствуют категории для текстильных аксессуаров,unmatched
12685,Чохли для взуття,,"Одяг, взуття, аксесуари > Аксесуари > Чохли для взуття",Не найдено,Не найдено,,Не найдено,0.0,В новой структуре нет специфической категории для чехлов обуви,unmatched
12671,"Взуття для басейну, пляжу",,"Одяг, взуття, аксесуари > Взуття > Взуття для басейну, пляжу",Не найдено,Не найдено,,Не найдено,0.0,В новой структуре нет специализированной категории для пляжной обуви,unmatched
12673,Повсякденне взуття,,"Одяг, взуття, аксесуари > Взуття > Повсякденне взуття",Не найдено,Не найдено,,Не найдено,0.0,В новой структуре нет специфической категории для повседневной обуви,unmatched
12665,Верхній одяг,,"Одяг, взуття, аксесуари > Одяг > Верхній одяг",Не найдено,Не найдено,,Не найдено,0.0,В новой структуре отсутствуют категории для верхней одежды,unmatched
12666,Текстильно-трикотажний одяг,,"Одяг, взуття, аксесуари > Одяг > Текстильно-трикотажний одяг",Не найдено,Не найдено,,Не найдено,0.0,Нет точной категории для текстильно-трикотажного одежды в новой структуре,unmatched
12615,Догляд за побутовою технікою,,Побутова хімія > Догляд за побутовою технікою,Не найдено,Не найдено,,Не найдено,0.0,Нет специфической категории для ухода за бытовой техникой,unmatched
12607,Засоби для пом`якшення води,,Побутова хімія > Засоби для прання > Засоби для пом`якшення води,Не найдено,Не найдено,,Не найдено,0.0,Нет специфической категории для средств смягчения воды,unmatched
12608,Мило господарське,,Побутова хімія > Засоби для прання > Мило господарське,Не найдено,Не найдено,,Не найдено,0.0,Нет специфической категории для хозяйственного мыла,unmatched
12099,В'ялені помідори,,"Соуси, спеції, рослинна олія > Кетчуп, соус, маринад > В'ялені помідори",Не найдено,Не найдено,,Не найдено,0.0,Нет точной категории для вяленых помидоров,unmatched
12520,Біопрепарати для очищення,,"Товари для дачі, відпочинку > Сад, город > Біопрепарати для очищення",Не найдено,Не найдено,,Не найдено,0.2,Нет точной категории для биопрепаратов в новой структуре,unmatched
12535,Спортивні товари,,"Товари для дачі, відпочинку > Спортивні товари",Не найдено,Не найдено,,Не найдено,0.3,Нет точной категории спортивных товаров в новой структуре,unmatched
12540,Тара,,"Товари для дачі, відпочинку > Тара",Не найдено,Не найдено,,Не найдено,0.2,Нет точной категории для тары в новой структуре,unmatched
12243,Дитячі автомобільні крісла,,Товари для дітей > Гігієна та догляд > Дитячі автомобільні крісла,Не знайдено,Не найдено,,Не найдено,0.0,Немає відповідної категорії в новій структурі,unmatched
12240,Прання дитячого одягу,,Товари для дітей > Гігієна та догляд > Прання дитячого одягу,Не знайдено,Не найдено,,Не найдено,0.3,Немає точної категорії для прання дитячого одягу,unmatched
12258,Галантерея дитяча,,"Товари для дітей > Дитячий одяг, взуття > Галантерея дитяча",Не найдено,Не найдено,,Не найдено,0.0,Нет точной категории для дитячої галантереї,unmatched
12259,Дитячий одяг,,"Товари для дітей > Дитячий одяг, взуття > Дитячий одяг",Не найдено,Не найдено,,Не найдено,0.0,Нет точной категории для дитячого одягу,unmatched
12391,Маца,,Хлібобулочні вироби > Маца,Не знайдено,Не найдено,,Не найдено,0.0,Немає відповідної категорії в новій структурі,unmatched
12025,Кавовий напій,,"Чай, кава > Кава > Кавовий напій",Не знайдено,Не найдено,,Не найдено,0.5,Немає точної відповідної категорії для кавового напою,unmatched
12029,Чай пакетований,,"Чай, кава > Чай > Чай пакетований",Не знайдено,Не найдено,,Не найдено,0.7,Немає точної категорії для пакетованого чаю,unmatched
