input_id,input_name,input_path,input_full_path,match_id,match_name,match_path,match_full_path,confidence,reasoning,method
5996,Безалкогольне вино,,Алкоголь > Вино > Безалкогольне вино,582,Тихі вина,,Алкоголь. Напої. Тютюн > Алкоголь > Тихі вина,0.7,Найближча категорія для безалкогольного вина,semantic
5990,Біле тихе вино,,Алкоголь > Вино > Біле тихе вино,582,Тихі вина,,Алкоголь. Напої. Тютюн > Алкоголь > Тихі вина,1.0,Точне співпадіння категорії тихих вин,exact
5995,Вермут,,Алкоголь > Вино > Вермут,601,Вермути,,Алкоголь. Напої. Тютюн > Алкоголь > Вермути,1.0,Точне співпадіння категорії вермутів,exact
5992,Кагор,,Алкоголь > Вино > Кагор,582,Тихі вина,,Алкоголь. Напої. Тютюн > Алкоголь > Тихі вина,0.9,Різновид тихого вина,semantic
5994,Портвейн,,Алкоголь > Вино > Портвейн,582,Тихі вина,,Алкоголь. Напої. Тютюн > Алкоголь > Тихі вина,0.9,Різновид тихого вина,semantic
5991,Рожеве тихе вино,,Алкоголь > Вино > Рожеве тихе вино,582,Тихі вина,,Алкоголь. Напої. Тютюн > Алкоголь > Тихі вина,1.0,Точне співпадіння категорії тихих вин,exact
5993,Херес,,Алкоголь > Вино > Херес,582,Тихі вина,,Алкоголь. Напої. Тютюн > Алкоголь > Тихі вина,0.9,Різновид тихого вина,semantic
5989,Червоне тихе вино,,Алкоголь > Вино > Червоне тихе вино,582,Тихі вина,,Алкоголь. Напої. Тютюн > Алкоголь > Тихі вина,1.0,Точне співпадіння категорії тихих вин,exact
6017,Бальзам,,Алкоголь > Лікер та Бальзам > Бальзам,580,"Лікери, бальзами, біттери",,"Алкоголь. Напої. Тютюн > Алкоголь > Міцний алкоголь > Лікери, бальзами, біттери",1.0,Точне співпадіння категорії лікерів та бальзамів,exact
6016,Лікер,,Алкоголь > Лікер та Бальзам > Лікер,580,"Лікери, бальзами, біттери",,"Алкоголь. Напої. Тютюн > Алкоголь > Міцний алкоголь > Лікери, бальзами, біттери",1.0,Точне співпадіння категорії лікерів та бальзамів,exact
6009,Абсент,,Алкоголь > Міцний алкоголь > Абсент,580,"Лікери, бальзами, біттери",,"Алкоголь. Напої. Тютюн > Алкоголь > Міцний алкоголь > Лікери, бальзами, біттери",0.7,"Абсент - це лікер, тому найближча категорія - лікери та біттери",semantic
6003,Бренді,,Алкоголь > Міцний алкоголь > Бренді,573,"Коньяк, бренді",,"Алкоголь. Напої. Тютюн > Алкоголь > Міцний алкоголь > Коньяк, бренді",1.0,Точне співпадіння категорії бренді,exact
6006,Бурбон,,Алкоголь > Міцний алкоголь > Бурбон,572,Віскі,,Алкоголь. Напої. Тютюн > Алкоголь > Міцний алкоголь > Віскі,0.8,"Бурбон є різновидом віскі, тому підходить категорія віскі",semantic
5998,Віскі,,Алкоголь > Міцний алкоголь > Віскі,572,Віскі,,Алкоголь. Напої. Тютюн > Алкоголь > Міцний алкоголь > Віскі,1.0,Точне співпадіння категорії віскі,exact
5999,Горілка,,Алкоголь > Міцний алкоголь > Горілка,578,Горілка,,Алкоголь. Напої. Тютюн > Алкоголь > Міцний алкоголь > Горілка,1.0,Точне співпадіння категорії горілки,exact
6008,Граппа,,Алкоголь > Міцний алкоголь > Граппа,580,"Лікери, бальзами, біттери",,"Алкоголь. Напої. Тютюн > Алкоголь > Міцний алкоголь > Лікери, бальзами, біттери",0.6,"Граппа - спиртний напій, який важко точно класифікувати",general
6002,Джин,,Алкоголь > Міцний алкоголь > Джин,575,Джин,,Алкоголь. Напої. Тютюн > Алкоголь > Міцний алкоголь > Джин,1.0,Точне співпадіння категорії джину,exact
6001,Коньяк,,Алкоголь > Міцний алкоголь > Коньяк,573,"Коньяк, бренді",,"Алкоголь. Напої. Тютюн > Алкоголь > Міцний алкоголь > Коньяк, бренді",1.0,Точне співпадіння категорії коньяку,exact
6004,Настоянки,,Алкоголь > Міцний алкоголь > Настоянки,579,"Настоянки, наливки",,"Алкоголь. Напої. Тютюн > Алкоголь > Міцний алкоголь > Настоянки, наливки",1.0,Точне співпадіння категорії настоянок,exact
6000,Ром,,Алкоголь > Міцний алкоголь > Ром,574,Ром,,Алкоголь. Напої. Тютюн > Алкоголь > Міцний алкоголь > Ром,1.0,Точне співпадіння категорії рому,exact
6005,Текіла,,Алкоголь > Міцний алкоголь > Текіла,576,"Текіла, агавові дистиляти",,"Алкоголь. Напої. Тютюн > Алкоголь > Міцний алкоголь > Текіла, агавові дистиляти",1.0,Точное совпадение категории текилы в структуре алкогольных напитков,exact
6007,Чача,,Алкоголь > Міцний алкоголь > Чача,577,Азійський алкоголь,,Алкоголь. Напої. Тютюн > Алкоголь > Міцний алкоголь > Азійський алкоголь,0.6,"Нет точной категории для чачи, ближайшее - азиатский алкоголь",general
5987,Безалкогольне пиво,,Алкоголь > Пиво > Безалкогольне пиво,602,Пиво,,Алкоголь. Напої. Тютюн > Алкоголь > Пиво,0.7,Безалкогольное пиво включено в общую категорию пива,semantic
5985,Ель,,Алкоголь > Пиво > Ель,602,Пиво,,Алкоголь. Напої. Тютюн > Алкоголь > Пиво,0.8,Ель как разновидность пива попадает в общую категорию пива,semantic
5983,Лагер,,Алкоголь > Пиво > Лагер,602,Пиво,,Алкоголь. Напої. Тютюн > Алкоголь > Пиво,0.8,Лагер как разновидность пива попадает в общую категорию пива,semantic
5986,Пивні мікси,,Алкоголь > Пиво > Пивні мікси,602,Пиво,,Алкоголь. Напої. Тютюн > Алкоголь > Пиво,0.7,Пивные миксы включены в общую категорию пива,semantic
5984,Пілснер,,Алкоголь > Пиво > Пілснер,602,Пиво,,Алкоголь. Напої. Тютюн > Алкоголь > Пиво,0.8,Пилснер как разновидность пива попадает в общую категорию пива,semantic
5981,Світле пиво,,Алкоголь > Пиво > Світле пиво,602,Пиво,,Алкоголь. Напої. Тютюн > Алкоголь > Пиво,0.8,Светлое пиво попадает в общую категорию пива,semantic
5982,Темне пиво,,Алкоголь > Пиво > Темне пиво,602,Пиво,,Алкоголь. Напої. Тютюн > Алкоголь > Пиво,0.8,Темное пиво попадает в общую категорию пива,semantic
6019,Сидр,,Алкоголь > Сидр і слабоалкогольні напої > Сидр,608,Сидр та збитень,,"Алкоголь. Напої. Тютюн > Алкоголь > Слабоалкогольні напої, сидр > Сидр та збитень",1.0,Точное совпадение категории сидра,exact
6020,Слабоалкогольні напої,,Алкоголь > Сидр і слабоалкогольні напої > Слабоалкогольні напої,610,Коктейлі,,"Алкоголь. Напої. Тютюн > Алкоголь > Слабоалкогольні напої, сидр > Коктейлі",0.9,Точне семантичне співпадіння в категорії слабоалкогольних напоїв,semantic
6014,Безалкогольне шампанське та ігристе вино,,Алкоголь > Шампанське та ігристе вино > Безалкогольне шампанське та ігристе вино,590,Ігристі вина та шампанське,,Алкоголь. Напої. Тютюн > Алкоголь > Ігристі вина та шампанське,0.8,Часткове співпадіння в категорії ігристих вин,general
6012,Біле шампанське та ігристе вино,,Алкоголь > Шампанське та ігристе вино > Біле шампанське та ігристе вино,590,Ігристі вина та шампанське,,Алкоголь. Напої. Тютюн > Алкоголь > Ігристі вина та шампанське,0.9,Точне співпадіння в категорії ігристих вин,exact
6013,Рожеве шампанське та ігристе вино,,Алкоголь > Шампанське та ігристе вино > Рожеве шампанське та ігристе вино,590,Ігристі вина та шампанське,,Алкоголь. Напої. Тютюн > Алкоголь > Ігристі вина та шампанське,0.9,Точне співпадіння в категорії ігристих вин,exact
6011,Червоне шампанське та ігристе вино,,Алкоголь > Шампанське та ігристе вино > Червоне шампанське та ігристе вино,590,Ігристі вина та шампанське,,Алкоголь. Напої. Тютюн > Алкоголь > Ігристі вина та шампанське,0.9,Точне співпадіння в категорії ігристих вин,exact
5652,Борошно,,Бакалія > Борошно,328,Інші види борошна,,Бакалія і консерви > Борошно > Інші види борошна,0.9,Точне співпадіння в категорії борошна,exact
5631,Ароматизатори харчові,,Бакалія > Для випічки та десертів > Ароматизатори харчові,392,Ароматизатори,,Бакалія і консерви > Соуси і спеції > Все для випічки > Ароматизатори,0.9,Точне співпадіння в категорії ароматизаторів для випічки,exact
5618,Желатин,,Бакалія > Для випічки та десертів > Желатин,392,Ароматизатори,,Бакалія і консерви > Соуси і спеції > Все для випічки > Ароматизатори,0.6,Часткове семантичне співпадіння в категорії для випічки,semantic
5617,Желе,,Бакалія > Для випічки та десертів > Желе,401,"Кисіль, желе, пудинги",,"Бакалія і консерви > Соуси і спеції > Все для випічки > Кисіль, желе, пудинги",0.9,Точне семантичне співпадіння для желе,semantic
5632,Згущувач,,Бакалія > Для випічки та десертів > Згущувач,402,"Крохмаль, загущувач",,"Бакалія і консерви > Соуси і спеції > Все для випічки > Крохмаль, загущувач",1.0,Точне співпадіння категорії,exact
5628,Кокосова стружка,,Бакалія > Для випічки та десертів > Кокосова стружка,396,Начинки і посипки,,Бакалія і консерви > Соуси і спеції > Все для випічки > Начинки і посипки,0.7,Часткове семантичне співпадіння в категорії посипок,semantic
5626,Крем та глазур,,Бакалія > Для випічки та десертів > Крем та глазур,399,Крем для випічки,,Бакалія і консерви > Соуси і спеції > Все для випічки > Крем для випічки,0.8,Семантичне співпадіння для кремів,semantic
5619,Крохмаль,,Бакалія > Для випічки та десертів > Крохмаль,402,"Крохмаль, загущувач",,"Бакалія і консерви > Соуси і спеції > Все для випічки > Крохмаль, загущувач",1.0,Точне співпадіння категорії,exact
5622,Лимонна кислота,,Бакалія > Для випічки та десертів > Лимонна кислота,395,Лимонна кислота,,Бакалія і консерви > Соуси і спеції > Все для випічки > Лимонна кислота,1.0,Точне співпадіння категорії,exact
5629,Мак,,Бакалія > Для випічки та десертів > Мак,396,Начинки і посипки,,Бакалія і консерви > Соуси і спеції > Все для випічки > Начинки і посипки,0.7,Часткове семантичне співпадіння в категорії посипок,semantic
5623,Посипка та декор,,Бакалія > Для випічки та десертів > Посипка та декор,396,Начинки і посипки,,Бакалія і консерви > Соуси і спеції > Все для випічки > Начинки і посипки,0.9,Точне семантичне співпадіння для посипок,semantic
5633,Пудинг і кисіль,,Бакалія > Для випічки та десертів > Пудинг і кисіль,401,"Кисіль, желе, пудинги",,"Бакалія і консерви > Соуси і спеції > Все для випічки > Кисіль, желе, пудинги",1.0,Точне співпадіння категорії,exact
5616,Розпушувач,,Бакалія > Для випічки та десертів > Розпушувач,393,Сода і розпушувач,,Бакалія і консерви > Соуси і спеції > Все для випічки > Сода і розпушувач,0.95,Точне семантичне співпадіння для розпушувача в категорії для випічки,semantic
5621,Сода,,Бакалія > Для випічки та десертів > Сода,393,Сода і розпушувач,,Бакалія і консерви > Соуси і спеції > Все для випічки > Сода і розпушувач,1.0,Точне співпадіння категорії соди для випічки,exact
5630,Суміш для випічки,,Бакалія > Для випічки та десертів > Суміш для випічки,331,Суміші для випічки,,Бакалія і консерви > Борошно > Суміші для випічки,0.9,Семантично близька категорія сумішей для випічки,semantic
5620,Цукрова пудра,,Бакалія > Для випічки та десертів > Цукрова пудра,397,Цукрова пудра,,Бакалія і консерви > Соуси і спеції > Все для випічки > Цукрова пудра,1.0,Точне співпадіння категорії цукрової пудри,exact
5636,Пресовані дріжджі,,Бакалія > Дріжджі > Пресовані дріжджі,394,Дріжджі,,Бакалія і консерви > Соуси і спеції > Все для випічки > Дріжджі,0.9,Семантично близька категорія дріжджів,semantic
5635,Сухі дріжджі,,Бакалія > Дріжджі > Сухі дріжджі,394,Дріжджі,,Бакалія і консерви > Соуси і спеції > Все для випічки > Дріжджі,0.9,Семантично близька категорія дріжджів,semantic
5678,Каші швидкого приготування,,Бакалія > Їжа швидкого приготування > Каші швидкого приготування,362,Каші,,Бакалія і консерви > Їжа швидкого приготування > Каші,0.95,Точне семантичне співпадіння для каш швидкого приготування,semantic
5675,Локшина швидкого приготування,,Бакалія > Їжа швидкого приготування > Локшина швидкого приготування,363,Локшина,,Бакалія і консерви > Їжа швидкого приготування > Локшина,1.0,Точне співпадіння категорії локшини,exact
5676,Пюре швидкого приготування,,Бакалія > Їжа швидкого приготування > Пюре швидкого приготування,364,Супи і пюре,,Бакалія і консерви > Їжа швидкого приготування > Супи і пюре,0.85,Семантично близька категорія пюре,semantic
5677,Супи та бульйони швидкого приготування,,Бакалія > Їжа швидкого приготування > Супи та бульйони швидкого приготування,364,Супи і пюре,,Бакалія і консерви > Їжа швидкого приготування > Супи і пюре,0.9,Практично повне семантичне співпадіння категорій швидкого приготування супів,semantic
5599,Булгур,,Бакалія > Крупа > Булгур,308,Булгур,,Бакалія і консерви > Крупи > Булгур,1.0,Точне співпадіння категорії та шляху,exact
5601,Вівсяна крупа,,Бакалія > Крупа > Вівсяна крупа,310,Вівсяна крупа,,Бакалія і консерви > Крупи > Вівсяна крупа,1.0,Точне співпадіння категорії та шляху,exact
5607,Горох,,Бакалія > Крупа > Горох,312,Бобові,,Бакалія і консерви > Крупи > Бобові,0.9,"Горох відноситься до бобових, тому підходить ця категорія",semantic
5598,Гречана крупа,,Бакалія > Крупа > Гречана крупа,305,Гречка,,Бакалія і консерви > Крупи > Гречка,1.0,Точне співпадіння категорії та шляху,exact
5606,Квасоля,,Бакалія > Крупа > Квасоля,312,Бобові,,Бакалія і консерви > Крупи > Бобові,0.9,"Квасоля відноситься до бобових, тому підходить ця категорія",semantic
5609,"Кіноа, амарант",,"Бакалія > Крупа > Кіноа, амарант",311,Суперфуди,,Бакалія і консерви > Крупи > Суперфуди,0.9,"Кіноа та амарант є корисними зерновими, що підпадають під категорію суперфудів",semantic
5604,Кукурудзяна крупа,,Бакалія > Крупа > Кукурудзяна крупа,313,Інші крупи,,Бакалія і консерви > Крупи > Інші крупи,0.8,"Немає точної категорії для кукурудзяної крупи, тому віднесено до інших круп",general
5603,Кус-кус,,Бакалія > Крупа > Кус-кус,309,Кускус,,Бакалія і консерви > Крупи > Кускус,1.0,Точне співпадіння категорії та шляху,exact
5605,Манка,,Бакалія > Крупа > Манка,307,Пшенична крупа,,Бакалія і консерви > Крупи > Пшенична крупа,0.9,Манка є різновидом пшеничної крупи,semantic
5612,Нут,,Бакалія > Крупа > Нут,312,Бобові,,Бакалія і консерви > Крупи > Бобові,0.9,Нут відноситься до бобових культур,semantic
5611,Перлова крупа,,Бакалія > Крупа > Перлова крупа,313,Інші крупи,,Бакалія і консерви > Крупи > Інші крупи,0.8,"Перлова крупа не має точної категорії, підходить до інших круп",general
5602,Пшенична крупа,,Бакалія > Крупа > Пшенична крупа,307,Пшенична крупа,,Бакалія і консерви > Крупи > Пшенична крупа,1.0,Точне співпадіння назви та категорії,exact
5608,Пшоняна крупа,,Бакалія > Крупа > Пшоняна крупа,313,Інші крупи,,Бакалія і консерви > Крупи > Інші крупи,0.8,"Пшоняна крупа не має точної категорії, підходить до інших круп",general
5597,Рис,,Бакалія > Крупа > Рис,306,Рис,,Бакалія і консерви > Крупи > Рис,1.0,Точне співпадіння назви та категорії,exact
5600,Сочевиця,,Бакалія > Крупа > Сочевиця,312,Бобові,,Бакалія і консерви > Крупи > Бобові,0.9,Сочевиця відноситься до бобових культур,semantic
5610,Ячмінна крупа,,Бакалія > Крупа > Ячмінна крупа,313,Інші крупи,,Бакалія і консерви > Крупи > Інші крупи,0.8,"Ячмінна крупа не має точної категорії, підходить до інших круп",general
5613,Макарони,,Бакалія > Макарони,317,Макарони,,Бакалія і консерви > Макаронні вироби > Макарони,1.0,Точне співпадіння назви та категорії,exact
5641,Інші рослинні олії,,Бакалія > Олія > Інші рослинні олії,341,Інші олії,,Бакалія і консерви > Олія та оцет > Інші олії,1.0,Точне співпадіння семантики категорії,semantic
5640,Кукурудзяна олія,,Бакалія > Олія > Кукурудзяна олія,341,Інші олії,,Бакалія і консерви > Олія та оцет > Інші олії,0.8,"Кукурудзяна олія не має окремої категорії, підходить до інших олій",general
5638,Оливкова олія,,Бакалія > Олія > Оливкова олія,340,Оливкова олія,,Бакалія і консерви > Олія та оцет > Оливкова олія,1.0,Точное совпадение пути и типа товара,exact
5639,Соняшникова олія,,Бакалія > Олія > Соняшникова олія,339,Соняшникова олія,,Бакалія і консерви > Олія та оцет > Соняшникова олія,1.0,Точное совпадение пути и типа товара,exact
5643,Бальзамічний оцет,,Бакалія > Оцет > Бальзамічний оцет,342,Оцет,,Бакалія і консерви > Олія та оцет > Оцет,0.7,"Общая категория оцта, без детализации типов",general
5646,Винний оцет,,Бакалія > Оцет > Винний оцет,342,Оцет,,Бакалія і консерви > Олія та оцет > Оцет,0.7,"Общая категория оцта, без детализации типов",general
5647,Спиртовий оцет,,Бакалія > Оцет > Спиртовий оцет,342,Оцет,,Бакалія і консерви > Олія та оцет > Оцет,0.7,"Общая категория оцта, без детализации типов",general
5645,Столовий оцет,,Бакалія > Оцет > Столовий оцет,342,Оцет,,Бакалія і консерви > Олія та оцет > Оцет,0.7,"Общая категория оцта, без детализации типов",general
5644,"Яблучний, фруктовий оцет",,"Бакалія > Оцет > Яблучний, фруктовий оцет",342,Оцет,,Бакалія і консерви > Олія та оцет > Оцет,0.7,"Общая категория оцта, без детализации типов",general
5673,Сік концентрований,,Бакалія > Сік концентрований,343,Сік-концентрат,,Бакалія і консерви > Олія та оцет > Сік-концентрат,1.0,Точное совпадение пути и типа товара,exact
5653,Сіль,,Бакалія > Сіль,335,Сіль,,"Бакалія і консерви > Сіль, цукор > Сіль",1.0,Точное совпадение пути и типа товара,exact
5661,Азійські страви швидкого приготування,,Бакалія > Смаки Азії > Азійські страви швидкого приготування,369,Азійські страви швидкого приготування,,Бакалія і консерви > Азійська кухня > Азійські страви швидкого приготування,1.0,Точное совпадение пути и семантики категории,exact
5667,Водорості та рисовий папір,,Бакалія > Смаки Азії > Водорості та рисовий папір,368,Водорості,,Бакалія і консерви > Азійська кухня > Водорості,0.9,"Высокое семантическое соответствие, небольшое различие в формулировке",semantic
5665,Імбир та васабі,,Бакалія > Смаки Азії > Імбир та васабі,50,Імбир,,"Овочі та фрукти, зелень, гриби  > Овочі > Імбир",0.5,"Частичное совпадение для имбиря, васаби не найдено",general
5662,Норі та інші азійські снеки,,Бакалія > Смаки Азії > Норі та інші азійські снеки,467,Чипси з норі,,Бакалія і консерви > Снеки та чипси > Чипси > Чипси з норі,0.7,"Частичное соответствие для чипсов норі, другие азиатские снеки не найдены",general
5664,Рис та локшина для азійських страв,,Бакалія > Смаки Азії > Рис та локшина для азійських страв,367,Рис та локшина,,Бакалія і консерви > Азійська кухня > Рис та локшина,1.0,Точное совпадение пути и семантики категории,exact
5666,Рисовий оцет,,Бакалія > Смаки Азії > Рисовий оцет,342,Оцет,,Бакалія і консерви > Олія та оцет > Оцет,0.6,"Общая категория оцта, специфика рисового оцта не учтена",general
5668,Соуси та приправи для Азійської кухні,,Бакалія > Смаки Азії > Соуси та приправи для Азійської кухні,366,"Соуси, приправи",,"Бакалія і консерви > Азійська кухня > Соуси, приправи",1.0,Точное совпадение пути и семантики категории,exact
5679,Соєві продукти,,Бакалія > Соєві продукти,315,Соя і соєві продукти,,Бакалія і консерви > Крупи > Соя і соєві продукти,1.0,Точное совпадение пути и семантики категории,exact
5658,Гранола,,Бакалія > Сухі сніданки та пластівці > Гранола,360,Мюслі і гранола,,Бакалія і консерви > Їжа швидкого приготування > Мюслі і гранола,1.0,Точное совпадение пути и семантики категории,exact
5659,Кранчі,,Бакалія > Сухі сніданки та пластівці > Кранчі,360,Мюслі і гранола,,Бакалія і консерви > Їжа швидкого приготування > Мюслі і гранола,0.9,"Кранчі є різновидом мюслі та граноли, тому підходить категорія швидкого приготування",semantic
5657,Мюслі,,Бакалія > Сухі сніданки та пластівці > Мюслі,360,Мюслі і гранола,,Бакалія і консерви > Їжа швидкого приготування > Мюслі і гранола,1.0,Точне співпадіння категорії мюслі,exact
5656,Пластівці,,Бакалія > Сухі сніданки та пластівці > Пластівці,359,Пластівці,,Бакалія і консерви > Їжа швидкого приготування > Пластівці,1.0,Точне співпадіння категорії пластівців,exact
5655,Сухі сніданки,,Бакалія > Сухі сніданки та пластівці > Сухі сніданки,361,Готові сніданки,,Бакалія і консерви > Їжа швидкого приготування > Готові сніданки,0.9,Сухі сніданки відповідають категорії готових сніданків,semantic
5671,Сиропи,,Бакалія > Топінги та сиропи > Сиропи,357,Сиропи і топінги,,"Бакалія і консерви > Консервовані фрукти, варення, мед > Сиропи і топінги",1.0,Точне співпадіння категорії сиропів,exact
5672,Топінги,,Бакалія > Топінги та сиропи > Топінги,357,Сиропи і топінги,,"Бакалія і консерви > Консервовані фрукти, варення, мед > Сиропи і топінги",1.0,Точне співпадіння категорії топінгів,exact
5649,Цукор-пісок,,Бакалія > Цукор та цукрозамінники > Цукор-пісок,336,Цукор,,"Бакалія і консерви > Сіль, цукор > Цукор",1.0,Точне співпадіння категорії цукру,exact
5650,Цукор-рафінад,,Бакалія > Цукор та цукрозамінники > Цукор-рафінад,336,Цукор,,"Бакалія і консерви > Сіль, цукор > Цукор",1.0,Точне співпадіння категорії цукру,exact
5651,Цукрозамінники,,Бакалія > Цукор та цукрозамінники > Цукрозамінники,337,Цукрозамінники,,"Бакалія і консерви > Сіль, цукор > Цукрозамінники",1.0,Точне співпадіння категорії цукрозамінників,exact
6191,Добавки для кави,,Гарячі напої > Кава > Добавки для кави,502,Сиропи і добавки до кави,,"Кава, чай > Кава > Сиропи і добавки до кави",1.0,Точне співпадіння категорії добавок для кави,exact
6185,Кава в зернах,,Гарячі напої > Кава > Кава в зернах,494,Кава в зернах,,"Кава, чай > Кава > Кава в зернах",1.0,Точное семантическое совпадение категории кофе в зернах,exact
6190,Кава в капсулах,,Гарячі напої > Кава > Кава в капсулах,495,Кава в капсулах,,"Кава, чай > Кава > Кава в капсулах",1.0,Точное семантическое совпадение категории кофе в капсулах,exact
6186,Кава мелена,,Гарячі напої > Кава > Кава мелена,497,Кава мелена,,"Кава, чай > Кава > Кава мелена",1.0,Точное семантическое совпадение категории молотого кофе,exact
6187,Кава розчинна,,Гарячі напої > Кава > Кава розчинна,498,Кава розчинна,,"Кава, чай > Кава > Кава розчинна",1.0,Точное семантическое совпадение категории растворимого кофе,exact
6188,Кава у дріпах,,Гарячі напої > Кава > Кава у дріпах,500,Дріп-кава,,"Кава, чай > Кава > Дріп-кава",0.9,Семантическое совпадение с незначительным расхождением в названии,semantic
6189,Кавові напої,,Гарячі напої > Кава > Кавові напої,502,Сиропи і добавки до кави,,"Кава, чай > Кава > Сиропи і добавки до кави",0.7,Частичное семантическое совпадение с добавками к кофе,semantic
6192,Какао-напої та гарячий шоколад,,Гарячі напої > Какао-напої та гарячий шоколад,514,"Какао, гарячий шоколад",,"Кава, чай > Какао, гарячий шоколад",1.0,Точное семантическое совпадение категории какао и горячего шоколада,exact
6194,Фільтри для чаю та кави,,Гарячі напої > Фільтри для чаю та кави,503,Все для приготування кави,,"Кава, чай > Кава > Все для приготування кави",0.8,Семантическое совпадение с категорией аксессуаров для кофе,semantic
6193,Цикорій,,Гарячі напої > Цикорій,515,Цикорій,,"Кава, чай > Цикорій",1.0,Точное семантическое совпадение категории цикория,exact
6183,Чай концентрований,,Гарячі напої > Чай > Чай концентрований,509,Чай розчинний,,"Кава, чай > Чай > Чай розчинний",0.8,Семантическое совпадение с растворимым чаем,semantic
6181,Чай пакетований,,Гарячі напої > Чай > Чай пакетований,510,Чай ваговий,,"Кава, чай > Чай > Чай ваговий",0.7,"Близька семантика, але не точне співпадіння",semantic
6182,Чай розсипний,,Гарячі напої > Чай > Чай розсипний,510,Чай ваговий,,"Кава, чай > Чай > Чай ваговий",0.9,Майже точне семантичне співпадіння,semantic
6220,Ватні диски та палички,,Гігієна та догляд > Ватні диски та палички,749,Ватні диски та палички,,"Госптовари, non-food > Гігієна та краса > Особиста гігієна та здоров'я > Ватні диски та палички",1.0,Точне співпадіння категорії,exact
6232,Вологі серветки,,Гігієна та догляд > Вологі серветки,751,Вологі серветки,,"Госптовари, non-food > Гігієна та краса > Особиста гігієна та здоров'я > Вологі серветки",1.0,Точне співпадіння категорії,exact
6200,Дезодорант для жінок,,Гігієна та догляд > Дезодорант та антиперспірант > Дезодорант для жінок,759,Дезодоранти,,"Госптовари, non-food > Гігієна та краса > Догляд за тілом > Дезодоранти",0.8,Семантично близька категорія,semantic
6201,Дезодорант для чоловіків,,Гігієна та догляд > Дезодорант та антиперспірант > Дезодорант для чоловіків,792,Дезодоранти для чоловіків,,"Госптовари, non-food > Гігієна та краса > Для чоловіків > Дезодоранти для чоловіків",1.0,Точне співпадіння категорії,exact
6244,Бальзам та кондиціонер для волосся,,Гігієна та догляд > Догляд за волоссям > Бальзам та кондиціонер для волосся,773,Кондиціонери для волосся,,"Госптовари, non-food > Гігієна та краса > Догляд за волоссям > Кондиціонери для волосся",0.9,Майже точне семантичне співпадіння,semantic
6247,Маска для волосся,,Гігієна та догляд > Догляд за волоссям > Маска для волосся,774,Маски для волосся,,"Госптовари, non-food > Гігієна та краса > Догляд за волоссям > Маски для волосся",1.0,Точне співпадіння категорії,exact
6248,Олія для волосся,,Гігієна та догляд > Догляд за волоссям > Олія для волосся,776,Спеціальний догляд,,"Госптовари, non-food > Гігієна та краса > Догляд за волоссям > Спеціальний догляд",0.7,Часткове семантичне співпадіння,semantic
6249,Спеціальний догляд за волоссям,,Гігієна та догляд > Догляд за волоссям > Спеціальний догляд за волоссям,776,Спеціальний догляд,,"Госптовари, non-food > Гігієна та краса > Догляд за волоссям > Спеціальний догляд",1.0,Точне співпадіння категорії,exact
6246,Спрей для волосся,,Гігієна та догляд > Догляд за волоссям > Спрей для волосся,775,Засоби для укладки,,"Госптовари, non-food > Гігієна та краса > Догляд за волоссям > Засоби для укладки",0.9,Спрей для волосся відноситься до засобів для укладки,semantic
6245,Сухий шампунь,,Гігієна та догляд > Догляд за волоссям > Сухий шампунь,776,Спеціальний догляд,,"Госптовари, non-food > Гігієна та краса > Догляд за волоссям > Спеціальний догляд",0.8,Сухий шампунь є спеціальним доглядом за волоссям,semantic
6243,Шампунь для волосся,,Гігієна та догляд > Догляд за волоссям > Шампунь для волосся,772,Шампуні,,"Госптовари, non-food > Гігієна та краса > Догляд за волоссям > Шампуні",1.0,Точне співпадіння категорії шампунів,exact
6236,Засоби для демакіяжу,,Гігієна та догляд > Догляд за обличчям > Засоби для демакіяжу,800,Засоби для зняття макіяжу,,"Госптовари, non-food > Гігієна та краса > Декоративна косметика > Засоби для зняття макіяжу",0.9,Засоби для демакіяжу відповідають категорії зняття макіяжу,semantic
6234,Крем для обличчя,,Гігієна та догляд > Догляд за обличчям > Крем для обличчя,766,Крем і сироватка для обличчя,,"Госптовари, non-food > Гігієна та краса > Догляд за обличчям > Крем і сироватка для обличчя",1.0,Точне співпадіння категорії кремів для обличчя,exact
6235,Маски для обличчя,,Гігієна та догляд > Догляд за обличчям > Маски для обличчя,768,"Маски для обличчя, патчі",,"Госптовари, non-food > Гігієна та краса > Догляд за обличчям > Маски для обличчя, патчі",1.0,Точне співпадіння категорії масок для обличчя,exact
6211,Зубна нитка та міжзубні щітки,,Гігієна та догляд > Догляд за ротовою порожниною > Зубна нитка та міжзубні щітки,746,Зубні щітки та нитка,,"Госптовари, non-food > Гігієна та краса > Особиста гігієна та здоров'я > Зубні щітки та нитка",1.0,Точне співпадіння категорії зубної нитки,exact
6206,Зубна паста,,Гігієна та догляд > Догляд за ротовою порожниною > Зубна паста,745,Зубна паста та ополіскувачі,,"Госптовари, non-food > Гігієна та краса > Особиста гігієна та здоров'я > Зубна паста та ополіскувачі",1.0,Точне співпадіння категорії зубної пасти,exact
6209,Зубна щітка електрична,,Гігієна та догляд > Догляд за ротовою порожниною > Зубна щітка електрична,747,Електричні зубні щітки,,"Госптовари, non-food > Гігієна та краса > Особиста гігієна та здоров'я > Електричні зубні щітки",1.0,Точне співпадіння категорії електричних зубних щіток,exact
6208,Зубна щітка мануальна,,Гігієна та догляд > Догляд за ротовою порожниною > Зубна щітка мануальна,746,Зубні щітки та нитка,,"Госптовари, non-food > Гігієна та краса > Особиста гігієна та здоров'я > Зубні щітки та нитка",1.0,Точне співпадіння категорії зубних щіток,exact
6210,Насадка для зубної щітки,,Гігієна та догляд > Догляд за ротовою порожниною > Насадка для зубної щітки,747,Електричні зубні щітки,,"Госптовари, non-food > Гігієна та краса > Особиста гігієна та здоров'я > Електричні зубні щітки",0.7,"Часткове семантичне співпадіння, пов'язане з гігієною порожнини рота",semantic
6207,Ополіскувач для ротової порожнини,,Гігієна та догляд > Догляд за ротовою порожниною > Ополіскувач для ротової порожнини,745,Зубна паста та ополіскувачі,,"Госптовари, non-food > Гігієна та краса > Особиста гігієна та здоров'я > Зубна паста та ополіскувачі",1.0,Точне семантичне співпадіння,exact
6241,Крем для рук,,Гігієна та догляд > Догляд за руками та нігтями > Крем для рук,786,Крем для рук і ніг,,"Госптовари, non-food > Гігієна та краса > Догляд за руками і ногами > Крем для рук і ніг",1.0,Точне семантичне співпадіння,exact
6260,Аксесуари для догляду за тілом,,Гігієна та догляд > Догляд за тілом > Аксесуари для догляду за тілом,763,Мочалки для душу,,"Госптовари, non-food > Гігієна та краса > Догляд за тілом > Мочалки для душу",0.6,Часткове семантичне співпадіння з аксесуарами для тіла,semantic
6257,Гель для душу,,Гігієна та догляд > Догляд за тілом > Гель для душу,757,Гелі для душу,,"Госптовари, non-food > Гігієна та краса > Догляд за тілом > Гелі для душу",1.0,Точне семантичне співпадіння,exact
6258,Лосьйон і крем для тіла,,Гігієна та догляд > Догляд за тілом > Лосьйон і крем для тіла,758,Крем для тіла,,"Госптовари, non-food > Гігієна та краса > Догляд за тілом > Крем для тіла",0.9,Майже точне семантичне співпадіння,semantic
6259,Скраб для тіла,,Гігієна та догляд > Догляд за тілом > Скраб для тіла,762,Скраб для тіла,,"Госптовари, non-food > Гігієна та краса > Догляд за тілом > Скраб для тіла",1.0,Точне семантичне співпадіння,exact
6231,Антисептики,,Гігієна та догляд > Домашня аптечка > Антисептики,755,"Антисептики, маски, пластирі, інше",,"Госптовари, non-food > Гігієна та краса > Особиста гігієна та здоров'я > Антисептики, маски, пластирі, інше",1.0,Точне семантичне співпадіння,exact
6230,Медичні товари,,Гігієна та догляд > Домашня аптечка > Медичні товари,755,"Антисептики, маски, пластирі, інше",,"Госптовари, non-food > Гігієна та краса > Особиста гігієна та здоров'я > Антисептики, маски, пластирі, інше",0.7,Часткове семантичне співпадіння з медичними товарами,semantic
6222,Бритви і леза,,Гігієна та догляд > Засоби для гоління і депіляції > Бритви і леза,780,Бритви і леза,,"Госптовари, non-food > Гігієна та краса > Для гоління й депіляції > Бритви і леза",1.0,Точне семантичне співпадіння,exact
6225,Все для депіляції,,Гігієна та догляд > Засоби для гоління і депіляції > Все для депіляції,783,Для депіляції,,"Госптовари, non-food > Гігієна та краса > Для гоління й депіляції > Для депіляції",1.0,Точное семантическое совпадение категории депиляции,exact
6223,Засоби для гоління,,Гігієна та догляд > Засоби для гоління і депіляції > Засоби для гоління,781,Засоби для гоління,,"Госптовари, non-food > Гігієна та краса > Для гоління й депіляції > Засоби для гоління",1.0,Точное семантическое совпадение средств для бритья,exact
6224,Засоби після гоління,,Гігієна та догляд > Засоби для гоління і депіляції > Засоби після гоління,782,Засоби після гоління,,"Госптовари, non-food > Гігієна та краса > Для гоління й депіляції > Засоби після гоління",1.0,Точное семантическое совпадение средств после бритья,exact
6217,Гель для інтимної гігієни,,Гігієна та догляд > Засоби для інтимної гігієни > Гель для інтимної гігієни,750,Для інтимного життя,,"Госптовари, non-food > Гігієна та краса > Особиста гігієна та здоров'я > Для інтимного життя",0.9,Семантически близкая категория для интимной гигиены,semantic
6214,Гігієнічні прокладки,,Гігієна та догляд > Засоби для інтимної гігієни > Гігієнічні прокладки,748,"Прокладки, тампони, для інтимної гігієни",,"Госптовари, non-food > Гігієна та краса > Особиста гігієна та здоров'я > Прокладки, тампони, для інтимної гігієни",1.0,Точное совпадение категории гигиенических прокладок,exact
6218,Підгузки та пелюшки для дорослих,,Гігієна та догляд > Засоби для інтимної гігієни > Підгузки та пелюшки для дорослих,754,Підгузки для дорослих,,"Госптовари, non-food > Гігієна та краса > Особиста гігієна та здоров'я > Підгузки для дорослих",1.0,Точное совпадение категории подгузников для взрослых,exact
6219,Серветки для інтимної гігієни,,Гігієна та догляд > Засоби для інтимної гігієни > Серветки для інтимної гігієни,750,Для інтимного життя,,"Госптовари, non-food > Гігієна та краса > Особиста гігієна та здоров'я > Для інтимного життя",0.9,Семантически близкая категория для интимной гигиены,semantic
6213,Тампони,,Гігієна та догляд > Засоби для інтимної гігієни > Тампони,748,"Прокладки, тампони, для інтимної гігієни",,"Госптовари, non-food > Гігієна та краса > Особиста гігієна та здоров'я > Прокладки, тампони, для інтимної гігієни",1.0,Точное совпадение категории тампонов,exact
6216,Урологічні прокладки та білизна,,Гігієна та догляд > Засоби для інтимної гігієни > Урологічні прокладки та білизна,748,"Прокладки, тампони, для інтимної гігієни",,"Госптовари, non-food > Гігієна та краса > Особиста гігієна та здоров'я > Прокладки, тампони, для інтимної гігієни",0.9,Семантически близкая категория для урологических прокладок,semantic
6215,Щоденні прокладки,,Гігієна та догляд > Засоби для інтимної гігієни > Щоденні прокладки,748,"Прокладки, тампони, для інтимної гігієни",,"Госптовари, non-food > Гігієна та краса > Особиста гігієна та здоров'я > Прокладки, тампони, для інтимної гігієни",1.0,Точное совпадение категории ежедневных прокладок,exact
6252,Засоби для тонування волосся,,Гігієна та догляд > Засоби для фарбування волосся > Засоби для тонування волосся,778,Фарба для волосся,,"Госптовари, non-food > Гігієна та краса > Догляд за волоссям > Фарба для волосся",0.9,Найближча категорія для фарбування та тонування волосся,semantic
6251,Фарба для волосся,,Гігієна та догляд > Засоби для фарбування волосся > Фарба для волосся,778,Фарба для волосся,,"Госптовари, non-food > Гігієна та краса > Догляд за волоссям > Фарба для волосся",1.0,Точне співпадіння категорії фарби для волосся,exact
6261,Косметика та парфумерія,,Гігієна та догляд > Косметика та парфумерія,801,Косметика,,"Госптовари, non-food > Гігієна та краса > Декоративна косметика > Косметика",0.8,Широка категорія косметики,general
6204,Кускове мило,,Гігієна та догляд > Мило > Кускове мило,760,Мило,,"Госптовари, non-food > Гігієна та краса > Догляд за тілом > Мило",1.0,Точне співпадіння категорії мила,exact
6203,Рідке мило,,Гігієна та догляд > Мило > Рідке мило,760,Мило,,"Госптовари, non-food > Гігієна та краса > Догляд за тілом > Мило",1.0,Точне співпадіння категорії мила,exact
6262,Подарунковий набір,,Гігієна та догляд > Подарунковий набір,798,Подарункові набори,,"Госптовари, non-food > Гігієна та краса > Подарункові набори",1.0,Точне співпадіння категорії подарункових наборів,exact
6238,Засоби для засмаги,,Гігієна та догляд > Сонцезахисні засоби > Засоби для засмаги,803,Сонцезахисні засоби,,"Госптовари, non-food > Гігієна та краса > Сонцезахисні засоби",0.9,Категорія сонцезахисних засобів,semantic
6239,Засоби після засмаги,,Гігієна та догляд > Сонцезахисні засоби > Засоби після засмаги,803,Сонцезахисні засоби,,"Госптовари, non-food > Гігієна та краса > Сонцезахисні засоби",0.9,Категорія сонцезахисних засобів,semantic
6255,Лак для волосся,,Гігієна та догляд > Стайлінг для волосся > Лак для волосся,775,Засоби для укладки,,"Госптовари, non-food > Гігієна та краса > Догляд за волоссям > Засоби для укладки",0.9,Категорія засобів для укладки волосся,semantic
6254,Мус та пінка для волосся,,Гігієна та догляд > Стайлінг для волосся > Мус та пінка для волосся,775,Засоби для укладки,,"Госптовари, non-food > Гігієна та краса > Догляд за волоссям > Засоби для укладки",0.9,Категорія засобів для укладки волосся,semantic
6228,Інтимний гель-змазка,,Гігієна та догляд > Товари для інтимного життя > Інтимний гель-змазка,750,Для інтимного життя,,"Госптовари, non-food > Гігієна та краса > Особиста гігієна та здоров'я > Для інтимного життя",0.9,Точне семантичне співпадіння для товарів інтимного призначення,semantic
6227,Презервативи,,Гігієна та догляд > Товари для інтимного життя > Презервативи,797,Презервативи та лубриканти,,"Госптовари, non-food > Гігієна та краса > Для чоловіків > Презервативи та лубриканти",0.9,Точне семантичне співпадіння для презервативів,semantic
6197,Туалетний папір в рулонах,,Гігієна та догляд > Туалетний папір > Туалетний папір в рулонах,650,Туалетний папір,,"Госптовари, non-food > Для дому > Паперові вироби > Туалетний папір",1.0,Точне співпадіння категорії туалетного паперу,exact
6198,Туалетний папір вологий,,Гігієна та догляд > Туалетний папір > Туалетний папір вологий,655,Вологі серветки,,"Госптовари, non-food > Для дому > Паперові вироби > Вологі серветки",0.8,"Часткове семантичне співпадіння, вологі серветки близькі до вологого туалетного паперу",semantic
5899,Випічка заморожена,,Заморозка > Випічка заморожена,554,Випічка заморожена,,Заморожена продукція > Напівфабрикати і страви заморожені > Випічка заморожена,1.0,Точне співпадіння категорії замороженої випічки,exact
5915,Десерти та торти заморожені,,Заморозка > Десерти та торти заморожені,557,Десерти і торти заморожені,,Заморожена продукція > Морозиво і десерти > Десерти і торти заморожені,1.0,Точне співпадіння категорії заморожених десертів,exact
5916,Заморожені салати,,Заморозка > Заморожені салати,551,Готові страви заморожені,,Заморожена продукція > Напівфабрикати і страви заморожені > Готові страви заморожені,0.7,"Часткове семантичне співпадіння, найближча категорія готових заморожених страв",semantic
5912,Лід,,Заморозка > Лід,566,Лід,,Заморожена продукція > Лід,1.0,Точне співпадіння категорії льоду,exact
5910,Баранина заморожена,,Заморозка > М'ясо та птиця заморожені > Баранина заморожена,568,Заморожене м'ясо,,Заморожена продукція > Заморожене м'ясо,0.8,"Семантичне співпадіння, категорія замороженого м'яса включає баранину",semantic
5911,Голуб і цесарка заморожені,,Заморозка > М'ясо та птиця заморожені > Голуб і цесарка заморожені,568,Заморожене м'ясо,,Заморожена продукція > Заморожене м'ясо,0.8,"Семантичне співпадіння, категорія замороженого м'яса включає різні види м'яса птиці",semantic
5908,Гусятина заморожена,,Заморозка > М'ясо та птиця заморожені > Гусятина заморожена,92,Качатина та гусятина,,М'ясо > М'ясо птиці > Качатина та гусятина,0.9,Точне семантичне співставлення для замороженої гусятини,semantic
5905,Індичатина заморожена,,Заморозка > М'ясо та птиця заморожені > Індичатина заморожена,91,Індичатина,,М'ясо > М'ясо птиці > Індичатина,0.9,Точне семантичне співставлення для замороженої індички,semantic
5903,Качатина заморожена,,Заморозка > М'ясо та птиця заморожені > Качатина заморожена,92,Качатина та гусятина,,М'ясо > М'ясо птиці > Качатина та гусятина,0.9,Точне семантичне співставлення для замороженої качки,semantic
5906,Кролятина заморожена,,Заморозка > М'ясо та птиця заморожені > Кролятина заморожена,101,Кролятина,,М'ясо > Кролятина,0.9,Точне семантичне співставлення для замороженої кролятини,semantic
5902,Курятина заморожена,,Заморозка > М'ясо та птиця заморожені > Курятина заморожена,90,Курятина,,М'ясо > М'ясо птиці > Курятина,0.9,Точне семантичне співставлення для замороженої курятини,semantic
5907,Перепілка заморожена,,Заморозка > М'ясо та птиця заморожені > Перепілка заморожена,93,Перепілка,,М'ясо > М'ясо птиці > Перепілка,0.9,Точне семантичне співставлення для замороженої перепілки,semantic
5909,Свинина заморожена,,Заморозка > М'ясо та птиця заморожені > Свинина заморожена,94,Свинина,,М'ясо > Свинина,0.9,Точне семантичне співставлення для замороженої свинини,semantic
5904,Яловичина заморожена,,Заморозка > М'ясо та птиця заморожені > Яловичина заморожена,98,Яловичина та телятина,,М'ясо > Яловичина та телятина,0.9,Точне семантичне співставлення для замороженої яловичини,semantic
5898,Морозиво,,Заморозка > Морозиво,556,Морозиво,,Заморожена продукція > Морозиво і десерти > Морозиво,1.0,Точне співставлення категорії морозива,exact
5894,Бургери,,Заморозка > Напівфабрикати та страви заморожені > Бургери,551,Готові страви заморожені,,Заморожена продукція > Напівфабрикати і страви заморожені > Готові страви заморожені,0.7,"Часткове семантичне співставлення, найближча категорія заморожених готових страв",general
5890,Вареники,,Заморозка > Напівфабрикати та страви заморожені > Вареники,548,Вареники,,Заморожена продукція > Напівфабрикати і страви заморожені > Вареники,1.0,Точное совпадение пути и семантики категории,exact
5893,Голубці,,Заморозка > Напівфабрикати та страви заморожені > Голубці,552,М'ясні та овочеві напівфабрикати,,Заморожена продукція > Напівфабрикати і страви заморожені > М'ясні та овочеві напівфабрикати,0.8,Семантически близкая категория для голубцов как мясо-овощного полуфабриката,semantic
5889,М'ясні напівфабрикати,,Заморозка > Напівфабрикати та страви заморожені > М'ясні напівфабрикати,552,М'ясні та овочеві напівфабрикати,,Заморожена продукція > Напівфабрикати і страви заморожені > М'ясні та овочеві напівфабрикати,1.0,Точное совпадение семантики категории мясных полуфабрикатов,exact
5891,"Млинці, сирники",,"Заморозка > Напівфабрикати та страви заморожені > Млинці, сирники",550,Млинці заморожені,,Заморожена продукція > Напівфабрикати і страви заморожені > Млинці заморожені,0.9,"Частичное совпадение с категорией замороженных блинов, сырники включены в другую категорию",semantic
5888,Пельмені,,Заморозка > Напівфабрикати та страви заморожені > Пельмені,546,Пельмені,,Заморожена продукція > Напівфабрикати і страви заморожені > Пельмені,1.0,Точное совпадение пути и семантики категории,exact
5896,Піца заморожена,,Заморозка > Напівфабрикати та страви заморожені > Піца заморожена,554,Випічка заморожена,,Заморожена продукція > Напівфабрикати і страви заморожені > Випічка заморожена,0.8,Семантически близкая категория замороженной выпечки,semantic
5892,Рибні палички та морепродукти,,Заморозка > Напівфабрикати та страви заморожені > Рибні палички та морепродукти,553,Снеки заморожені,,Заморожена продукція > Напівфабрикати і страви заморожені > Снеки заморожені,0.7,Частичное семантическое совпадение с замороженными снеками,semantic
5895,Чебуреки,,Заморозка > Напівфабрикати та страви заморожені > Чебуреки,552,М'ясні та овочеві напівфабрикати,,Заморожена продукція > Напівфабрикати і страви заморожені > М'ясні та овочеві напівфабрикати,0.8,Семантически близкая категория мясных полуфабрикатов,semantic
5886,Овочі та гриби заморожені,,Заморозка > Овочі та гриби заморожені,560,Овочі заморожені,,Заморожена продукція > Овочі і фрукти заморожені > Овочі заморожені,0.9,Точное совпадение семантики замороженных овощей,exact
5897,Риба та морепродукти заморожені,,Заморозка > Риба та морепродукти заморожені,569,Заморожені морепродукти і риба,,Заморожена продукція > Заморожені морепродукти і риба,1.0,Точное совпадение пути и семантики категории,exact
5914,Тісто заморожене,,Заморозка > Тісто > Тісто заморожене,565,Тісто заморожене,,Заморожена продукція > Тісто заморожене,1.0,Точное совпадение пути и семантики категории,exact
5900,Фрукти та ягоди заморожені,,Заморозка > Фрукти та ягоди заморожені,561,Фрукти заморожені,,Заморожена продукція > Овочі і фрукти заморожені > Фрукти заморожені,0.9,"Почти полное совпадение, небольшое различие в структуре пути",semantic
5513,Безглютенові товари,,Здорове харчування та спосіб життя > Безглютенові товари,300,Безглютенові продукти,,Здорове харчування > Безглютенові продукти,1.0,Точное совпадение семантики и смысла категории,exact
5514,Безлактозні товари,,Здорове харчування та спосіб життя > Безлактозні товари,299,Безлактозні продукти,,Здорове харчування > Безлактозні продукти,1.0,Точное совпадение семантики и смысла категории,exact
5515,Веганські товари,,Здорове харчування та спосіб життя > Веганські товари,298,Веганські продукти,,Здорове харчування > Веганські продукти,1.0,Точное совпадение семантики и смысла категории,exact
5516,Товари без доданого цукру,,Здорове харчування та спосіб життя > Товари без доданого цукру,301,Без доданого цукру,,Здорове харчування > Без доданого цукру,1.0,Точное совпадение семантики и смысла категории,exact
5517,Товари для діабетиків,,Здорове харчування та спосіб життя > Товари для діабетиків,302,Дієтичне харчування,,Здорове харчування > Дієтичне харчування,0.7,"Частичное совпадение, но не идеальное соответствие",semantic
6379,Ароматерапія,,Інтер'єр та текстиль > Ароматерапія,682,Аромати для дому,,"Госптовари, non-food > Для дому > Інтер'єр > Аромати для дому",0.8,"Близкое семантическое соответствие, связанное с ароматами",semantic
6385,Вази та картини,,Інтер'єр та текстиль > Вази та картини,683,"Вази, картини і декор",,"Госптовари, non-food > Для дому > Інтер'єр > Вази, картини і декор",1.0,Точное совпадение семантики и содержания категории,exact
6375,Постільні приналежності,,Інтер'єр та текстиль > Домашній текстиль > Постільні приналежності,672,Домашній текстиль,,"Госптовари, non-food > Для дому > Домашній текстиль",0.9,Точне співпадіння категорії домашнього текстилю,semantic
6374,Рушники,,Інтер'єр та текстиль > Домашній текстиль > Рушники,672,Домашній текстиль,,"Госптовари, non-food > Для дому > Домашній текстиль",0.9,Точне співпадіння категорії домашнього текстилю,semantic
6377,Скатертини,,Інтер'єр та текстиль > Домашній текстиль > Скатертини,672,Домашній текстиль,,"Госптовари, non-food > Для дому > Домашній текстиль",0.9,Точне співпадіння категорії домашнього текстилю,semantic
6376,Текстиль для кухні,,Інтер'єр та текстиль > Домашній текстиль > Текстиль для кухні,672,Домашній текстиль,,"Госптовари, non-food > Для дому > Домашній текстиль",0.9,Точне співпадіння категорії домашнього текстилю,semantic
6382,Гірлянди електричні,,Інтер'єр та текстиль > Новорічна продукція > Гірлянди електричні,643,"Батарейки, лампочки, ліхтарики",,"Госптовари, non-food > Для дому > Господарчі товари > Батарейки, лампочки, ліхтарики",0.7,Часткове співпадіння за електричними приладами,general
6383,Новорічні прикраси та декор,,Інтер'єр та текстиль > Новорічна продукція > Новорічні прикраси та декор,682,Аромати для дому,,"Госптовари, non-food > Для дому > Інтер'єр > Аромати для дому",0.8,Співпадіння за декоративними елементами,semantic
6378,"Свічки, підсвічники",,"Інтер'єр та текстиль > Свічки, підсвічники",680,Свічки і підсвічники,,"Госптовари, non-food > Для дому > Інтер'єр > Свічки і підсвічники",1.0,Точне співпадіння категорії свічок та підсвічників,exact
6351,"Альбоми для малювання, скетчбуки",,"Канцелярія > Зошити, блокноти, папір > Альбоми для малювання, скетчбуки",696,"Зошити, нотатники, альбоми",,"Госптовари, non-food > Для дому > Канцелярія, книги, журнали > Зошити, нотатники, альбоми",0.9,Точне співпадіння категорії альбомів,semantic
6352,Блокноти та записники,,"Канцелярія > Зошити, блокноти, папір > Блокноти та записники",696,"Зошити, нотатники, альбоми",,"Госптовари, non-food > Для дому > Канцелярія, книги, журнали > Зошити, нотатники, альбоми",0.9,Точне семантичне співпадіння для блокнотів та записників,semantic
6356,Бухгалтерська документація,,"Канцелярія > Зошити, блокноти, папір > Бухгалтерська документація",694,Канцелярські аксесуари,,"Госптовари, non-food > Для дому > Канцелярія, книги, журнали > Канцелярські аксесуари",0.7,"Часткове семантичне співпадіння, найближча категорія канцелярських аксесуарів",general
6354,Зошити,,"Канцелярія > Зошити, блокноти, папір > Зошити",696,"Зошити, нотатники, альбоми",,"Госптовари, non-food > Для дому > Канцелярія, книги, журнали > Зошити, нотатники, альбоми",1.0,Точне співпадіння категорії зошитів,exact
6358,Касова стрічка,,"Канцелярія > Зошити, блокноти, папір > Касова стрічка",695,Папір,,"Госптовари, non-food > Для дому > Канцелярія, книги, журнали > Папір",0.6,"Часткове співпадіння, найближча категорія паперу",general
6355,"Кольоровий папір, картон",,"Канцелярія > Зошити, блокноти, папір > Кольоровий папір, картон",695,Папір,,"Госптовари, non-food > Для дому > Канцелярія, книги, журнали > Папір",0.9,Точне семантичне співпадіння для паперу,semantic
6357,Конверти паперові,,"Канцелярія > Зошити, блокноти, папір > Конверти паперові",694,Канцелярські аксесуари,,"Госптовари, non-food > Для дому > Канцелярія, книги, журнали > Канцелярські аксесуари",0.8,Семантичне співпадіння з канцелярськими аксесуарами,semantic
6350,"Папір для нотаток, стікери",,"Канцелярія > Зошити, блокноти, папір > Папір для нотаток, стікери",695,Папір,,"Госптовари, non-food > Для дому > Канцелярія, книги, журнали > Папір",0.9,Точне семантичне співпадіння для паперу,semantic
6349,Папір офісний,,"Канцелярія > Зошити, блокноти, папір > Папір офісний",695,Папір,,"Госптовари, non-food > Для дому > Канцелярія, книги, журнали > Папір",1.0,Точне співпадіння категорії офісного паперу,exact
6353,Планери та ділові щоденники,,"Канцелярія > Зошити, блокноти, папір > Планери та ділові щоденники",696,"Зошити, нотатники, альбоми",,"Госптовари, non-food > Для дому > Канцелярія, книги, журнали > Зошити, нотатники, альбоми",0.9,Точне семантичне співпадіння для щоденників,semantic
6329,Гумки,,Канцелярія > Канцелярське приладдя > Гумки,694,Канцелярські аксесуари,,"Госптовари, non-food > Для дому > Канцелярія, книги, журнали > Канцелярські аксесуари",0.9,Точне семантичне співпадіння з канцелярськими аксесуарами,semantic
6339,Калькулятор,,Канцелярія > Канцелярське приладдя > Калькулятор,694,Канцелярські аксесуари,,"Госптовари, non-food > Для дому > Канцелярія, книги, журнали > Канцелярські аксесуари",0.9,Найближча категорія канцелярських аксесуарів,semantic
6340,Клей та клейові олівці,,Канцелярія > Канцелярське приладдя > Клей та клейові олівці,694,Канцелярські аксесуари,,"Госптовари, non-food > Для дому > Канцелярія, книги, журнали > Канцелярські аксесуари",0.9,Найближча категорія канцелярських аксесуарів,semantic
6335,Коректори,,Канцелярія > Канцелярське приладдя > Коректори,694,Канцелярські аксесуари,,"Госптовари, non-food > Для дому > Канцелярія, книги, журнали > Канцелярські аксесуари",0.9,Найближча категорія канцелярських аксесуарів,semantic
6331,Лінійки та транспортири,,Канцелярія > Канцелярське приладдя > Лінійки та транспортири,694,Канцелярські аксесуари,,"Госптовари, non-food > Для дому > Канцелярія, книги, журнали > Канцелярські аксесуари",0.9,Найближча категорія канцелярських аксесуарів,semantic
6338,Магніти,,Канцелярія > Канцелярське приладдя > Магніти,694,Канцелярські аксесуари,,"Госптовари, non-food > Для дому > Канцелярія, книги, журнали > Канцелярські аксесуари",0.9,Найближча категорія канцелярських аксесуарів,semantic
6336,"Ножиці, ножі, леза",,"Канцелярія > Канцелярське приладдя > Ножиці, ножі, леза",694,Канцелярські аксесуари,,"Госптовари, non-food > Для дому > Канцелярія, книги, журнали > Канцелярські аксесуари",0.9,Найближча категорія канцелярських аксесуарів,semantic
6334,Скотч та клейкі стрічки,,Канцелярія > Канцелярське приладдя > Скотч та клейкі стрічки,694,Канцелярські аксесуари,,"Госптовари, non-food > Для дому > Канцелярія, книги, журнали > Канцелярські аксесуари",0.9,Найближча категорія канцелярських аксесуарів,semantic
6337,"Скріпки, кнопки, зажими",,"Канцелярія > Канцелярське приладдя > Скріпки, кнопки, зажими",694,Канцелярські аксесуари,,"Госптовари, non-food > Для дому > Канцелярія, книги, журнали > Канцелярські аксесуари",0.9,Найближча категорія канцелярських аксесуарів,semantic
6333,"Степлери, дироколи, скоби",,"Канцелярія > Канцелярське приладдя > Степлери, дироколи, скоби",694,Канцелярські аксесуари,,"Госптовари, non-food > Для дому > Канцелярія, книги, журнали > Канцелярські аксесуари",0.9,Найближча категорія канцелярських аксесуарів,semantic
6330,Циркулі та лупи,,Канцелярія > Канцелярське приладдя > Циркулі та лупи,694,Канцелярські аксесуари,,"Госптовари, non-food > Для дому > Канцелярія, книги, журнали > Канцелярські аксесуари",0.9,Найближча категорія канцелярських аксесуарів,semantic
6332,Чинки,,Канцелярія > Канцелярське приладдя > Чинки,694,Канцелярські аксесуари,,"Госптовари, non-food > Для дому > Канцелярія, книги, журнали > Канцелярські аксесуари",0.9,Точне потрапляння в категорію канцелярських аксесуарів,semantic
6371,Лотки для паперу,,Канцелярія > Організація та зберігання канцелярії > Лотки для паперу,694,Канцелярські аксесуари,,"Госптовари, non-food > Для дому > Канцелярія, книги, журнали > Канцелярські аксесуари",0.9,Лотки для паперу є канцелярським аксесуаром,semantic
6370,Органайзери для ручок та канцелярії,,Канцелярія > Організація та зберігання канцелярії > Органайзери для ручок та канцелярії,694,Канцелярські аксесуари,,"Госптовари, non-food > Для дому > Канцелярія, книги, журнали > Канцелярські аксесуари",0.9,Органайзери є канцелярськими аксесуарами,semantic
6368,Папки та реєстратори,,Канцелярія > Організація та зберігання канцелярії > Папки та реєстратори,694,Канцелярські аксесуари,,"Госптовари, non-food > Для дому > Канцелярія, книги, журнали > Канцелярські аксесуари",0.9,Папки та реєстратори є канцелярськими аксесуарами,semantic
6369,Файли,,Канцелярія > Організація та зберігання канцелярії > Файли,694,Канцелярські аксесуари,,"Госптовари, non-food > Для дому > Канцелярія, книги, журнали > Канцелярські аксесуари",0.9,Файли є канцелярськими аксесуарами,semantic
6324,Маркери,,Канцелярія > Письмове приладдя > Маркери,693,"Ручки, олівці, маркери",,"Госптовари, non-food > Для дому > Канцелярія, книги, журнали > Ручки, олівці, маркери",1.0,Точне потрапляння в категорію маркерів,exact
6325,Олівці графітні,,Канцелярія > Письмове приладдя > Олівці графітні,693,"Ручки, олівці, маркери",,"Госптовари, non-food > Для дому > Канцелярія, книги, журнали > Ручки, олівці, маркери",1.0,Точне потрапляння в категорію олівців,exact
6326,Олівці кольорові,,Канцелярія > Письмове приладдя > Олівці кольорові,693,"Ручки, олівці, маркери",,"Госптовари, non-food > Для дому > Канцелярія, книги, журнали > Ручки, олівці, маркери",1.0,Точне потрапляння в категорію олівців,exact
6323,Ручки,,Канцелярія > Письмове приладдя > Ручки,693,"Ручки, олівці, маркери",,"Госптовари, non-food > Для дому > Канцелярія, книги, журнали > Ручки, олівці, маркери",1.0,Точне потрапляння в категорію ручок,exact
6327,Фломастери,,Канцелярія > Письмове приладдя > Фломастери,693,"Ручки, олівці, маркери",,"Госптовари, non-food > Для дому > Канцелярія, книги, журнали > Ручки, олівці, маркери",1.0,Точне потрапляння в категорію маркерів,exact
6345,Крейда,,Канцелярія > Творчість та малювання > Крейда,839,Шкільне приладдя та канцелярія,,Дитячі товари > Іграшки та книги > Шкільне приладдя та канцелярія,0.7,Часткове семантичне співпадіння в категорії шкільного приладдя,semantic
6347,Набори для малювання та творчості,,Канцелярія > Творчість та малювання > Набори для малювання та творчості,839,Шкільне приладдя та канцелярія,,Дитячі товари > Іграшки та книги > Шкільне приладдя та канцелярія,0.8,Повне семантичне співпадіння в категорії шкільного приладдя,semantic
6343,"Палітри, стакани-непроливайки",,"Канцелярія > Творчість та малювання > Палітри, стакани-непроливайки",839,Шкільне приладдя та канцелярія,,Дитячі товари > Іграшки та книги > Шкільне приладдя та канцелярія,0.7,Часткове семантичне співпадіння в категорії шкільного приладдя,semantic
6344,Пензлики для малювання,,Канцелярія > Творчість та малювання > Пензлики для малювання,839,Шкільне приладдя та канцелярія,,Дитячі товари > Іграшки та книги > Шкільне приладдя та канцелярія,0.7,Часткове семантичне співпадіння в категорії шкільного приладдя,semantic
6346,Пластилін,,Канцелярія > Творчість та малювання > Пластилін,839,Шкільне приладдя та канцелярія,,Дитячі товари > Іграшки та книги > Шкільне приладдя та канцелярія,0.8,Повне семантичне співпадіння в категорії шкільного приладдя,semantic
6342,Фарба для малювання,,Канцелярія > Творчість та малювання > Фарба для малювання,839,Шкільне приладдя та канцелярія,,Дитячі товари > Іграшки та книги > Шкільне приладдя та канцелярія,0.7,Часткове семантичне співпадіння в категорії шкільного приладдя,semantic
6366,Закладки,,Канцелярія > Шкільне приладдя > Закладки,839,Шкільне приладдя та канцелярія,,Дитячі товари > Іграшки та книги > Шкільне приладдя та канцелярія,0.9,Точне семантичне співпадіння в категорії шкільного приладдя,semantic
6365,Обкладинки для зошитів та підручників,,Канцелярія > Шкільне приладдя > Обкладинки для зошитів та підручників,839,Шкільне приладдя та канцелярія,,Дитячі товари > Іграшки та книги > Шкільне приладдя та канцелярія,0.9,Точне семантичне співпадіння в категорії шкільного приладдя,semantic
6363,Папки для школи,,Канцелярія > Шкільне приладдя > Папки для школи,839,Шкільне приладдя та канцелярія,,Дитячі товари > Іграшки та книги > Шкільне приладдя та канцелярія,0.9,Точне семантичне співпадіння в категорії шкільного приладдя,semantic
6362,Пенали шкільні,,Канцелярія > Шкільне приладдя > Пенали шкільні,839,Шкільне приладдя та канцелярія,,Дитячі товари > Іграшки та книги > Шкільне приладдя та канцелярія,0.9,Точне семантичне співпадіння в категорії шкільного приладдя,semantic
6364,Підставка для книг,,Канцелярія > Шкільне приладдя > Підставка для книг,839,Шкільне приладдя та канцелярія,,Дитячі товари > Іграшки та книги > Шкільне приладдя та канцелярія,0.9,Шкільне приладдя відповідає категорії дитячих канцелярських товарів,semantic
6360,Шкільні рюкзаки та портфелі,,Канцелярія > Шкільне приладдя > Шкільні рюкзаки та портфелі,697,"Пенали, портфелі, ранці, візитниці",,"Госптовари, non-food > Для дому > Канцелярія, книги, журнали > Пенали, портфелі, ранці, візитниці",0.9,Шкільні рюкзаки та портфелі точно відповідають цій категорії,exact
6361,Щоденники шкільні,,Канцелярія > Шкільне приладдя > Щоденники шкільні,696,"Зошити, нотатники, альбоми",,"Госптовари, non-food > Для дому > Канцелярія, книги, журнали > Зошити, нотатники, альбоми",0.8,Щоденники близькі до нотатників та альбомів,semantic
6072,Грибна консервація,,Консерви > Грибна консервація,351,"Каперси, артишоки, закуски",,"Бакалія і консерви > Консервація > Каперси, артишоки, закуски",1.0,Точне співпадіння категорії грибної консервації,exact
6059,Варення,,"Консерви > Джем, варення, повидло > Варення",355,Варення та джеми,,"Бакалія і консерви > Консервовані фрукти, варення, мед > Варення та джеми",1.0,Точне співпадіння категорії варення,exact
6058,Джем,,"Консерви > Джем, варення, повидло > Джем",355,Варення та джеми,,"Бакалія і консерви > Консервовані фрукти, варення, мед > Варення та джеми",1.0,Точне співпадіння категорії джему,exact
6062,Повидло,,"Консерви > Джем, варення, повидло > Повидло",355,Варення та джеми,,"Бакалія і консерви > Консервовані фрукти, варення, мед > Варення та джеми",0.9,Близька категорія консервованих фруктових виробів,semantic
6060,Протерта ягода,,"Консерви > Джем, варення, повидло > Протерта ягода",353,Фруктова консервація,,"Бакалія і консерви > Консервовані фрукти, варення, мед > Фруктова консервація",0.8,Семантично близька категорія фруктової консервації,semantic
6061,Пюре фруктове,,"Консерви > Джем, варення, повидло > Пюре фруктове",353,Фруктова консервація,,"Бакалія і консерви > Консервовані фрукти, варення, мед > Фруктова консервація",0.9,Точне співпадіння категорії фруктової консервації,semantic
6077,Консервована дичина,,Консерви > М'ясна консервація > Консервована дичина,155,М'ясо дичини,,М'ясо > Ковбаси і м'ясні делікатеси > М'ясні делікатеси > М'ясо дичини,0.9,Найближча категорія для консервованої дичини,semantic
6076,Консервована курятина та інші птахи,,Консерви > М'ясна консервація > Консервована курятина та інші птахи,345,М'ясна,,Бакалія і консерви > Консервація > М'ясна,0.8,Консервована м'ясна продукція з птиці,general
6075,Консервована свинина,,Консерви > М'ясна консервація > Консервована свинина,345,М'ясна,,Бакалія і консерви > Консервація > М'ясна,0.8,Консервована м'ясна продукція,general
6074,Консервована яловичина,,Консерви > М'ясна консервація > Консервована яловичина,345,М'ясна,,Бакалія і консерви > Консервація > М'ясна,0.8,Консервована м'ясна продукція,general
6071,Мед,,Консерви > Мед,356,Мед,,"Бакалія і консерви > Консервовані фрукти, варення, мед > Мед",1.0,Точне співпадіння категорії меду,exact
6034,Закуски,,Консерви > Овочева консервація > Закуски,351,"Каперси, артишоки, закуски",,"Бакалія і консерви > Консервація > Каперси, артишоки, закуски",0.9,Категорія закусок у консервації,semantic
6028,Ікра овочева,,Консерви > Овочева консервація > Ікра овочева,347,Овочева,,Бакалія і консерви > Консервація > Овочева,0.7,Овочева консервація загального типу,general
6032,Інші консервовані овочі,,Консерви > Овочева консервація > Інші консервовані овочі,347,Овочева,,Бакалія і консерви > Консервація > Овочева,0.8,Загальна категорія овочевої консервації,general
6030,Каперси,,Консерви > Овочева консервація > Каперси,351,"Каперси, артишоки, закуски",,"Бакалія і консерви > Консервація > Каперси, артишоки, закуски",1.0,Точне співпадіння категорії каперсів,exact
6026,Консервована квасоля,,Консерви > Овочева консервація > Консервована квасоля,347,Овочева,,Бакалія і консерви > Консервація > Овочева,0.8,Овочева консервація з квасолею,general
6023,Консервована кукурудза,,Консерви > Овочева консервація > Консервована кукурудза,348,"Горошок, кукурудза",,"Бакалія і консерви > Консервація > Горошок, кукурудза",0.95,Точне семантичне співпадіння - консервована кукурудза,semantic
6027,Консервований горох,,Консерви > Овочева консервація > Консервований горох,348,"Горошок, кукурудза",,"Бакалія і консерви > Консервація > Горошок, кукурудза",0.95,Точне семантичне співпадіння - консервований горошок,semantic
6031,Консервований перець,,Консерви > Овочева консервація > Консервований перець,347,Овочева,,Бакалія і консерви > Консервація > Овочева,0.9,Консервований перець входить до загальної овочевої консервації,general
6035,Консервовані баклажани,,Консерви > Овочева консервація > Консервовані баклажани,347,Овочева,,Бакалія і консерви > Консервація > Овочева,0.9,Консервовані баклажани входять до загальної овочевої консервації,general
6029,Консервовані бобові,,Консерви > Овочева консервація > Консервовані бобові,348,"Горошок, кукурудза",,"Бакалія і консерви > Консервація > Горошок, кукурудза",0.9,Бобові входять до категорії консервованих овочів,semantic
6025,Консервовані огірки,,Консерви > Овочева консервація > Консервовані огірки,347,Овочева,,Бакалія і консерви > Консервація > Овочева,0.9,Консервовані огірки входять до загальної овочевої консервації,general
6024,Консервовані помідори,,Консерви > Овочева консервація > Консервовані помідори,347,Овочева,,Бакалія і консерви > Консервація > Овочева,0.9,Консервовані помідори входять до загальної овочевої консервації,general
6033,Лечо,,Консерви > Овочева консервація > Лечо,347,Овочева,,Бакалія і консерви > Консервація > Овочева,0.9,Лечо входить до загальної овочевої консервації,general
6050,Маслини,,Консерви > Оливки та маслини > Маслини,350,Оливки,,Бакалія і консерви > Консервація > Оливки,0.95,Точне семантичне співпадіння - маслини/оливки,semantic
6051,Оливки,,Консерви > Оливки та маслини > Оливки,350,Оливки,,Бакалія і консерви > Консервація > Оливки,1.0,Точне семантичне співпадіння - оливки,exact
6053,М'ясний паштет,,Консерви > Паштет > М'ясний паштет,151,Паштети та намазки,,М'ясо > Ковбаси і м'ясні делікатеси > М'ясні делікатеси > Паштети та намазки,0.9,Точне семантичне співпадіння для м'ясних паштетів,semantic
6054,Паштет із птиці,,Консерви > Паштет > Паштет із птиці,151,Паштети та намазки,,М'ясо > Ковбаси і м'ясні делікатеси > М'ясні делікатеси > Паштети та намазки,0.9,Семантичне співпадіння для паштетів з птиці,semantic
6056,Печінковий паштет,,Консерви > Паштет > Печінковий паштет,151,Паштети та намазки,,М'ясо > Ковбаси і м'ясні делікатеси > М'ясні делікатеси > Паштети та намазки,0.9,Точне семантичне співпадіння для печінкових паштетів,semantic
6055,"Шпротний, рибний паштет",,"Консерви > Паштет > Шпротний, рибний паштет",110,Рибні пасти,,"Риба та морепродукти > Приготовлена риба, салати і пресерви > Рибні пасти",0.8,Близьке семантичне співпадіння для рибних паштетів,semantic
6047,Бички,,Консерви > Рибна консервація > Бички,107,Пресерви рибні,,"Риба та морепродукти > Приготовлена риба, салати і пресерви > Пресерви рибні",0.7,Часткове семантичне співпадіння для рибних консервів,semantic
6045,Інша консервована риба,,Консерви > Рибна консервація > Інша консервована риба,107,Пресерви рибні,,"Риба та морепродукти > Приготовлена риба, салати і пресерви > Пресерви рибні",0.7,Часткове семантичне співпадіння для рибних консервів,semantic
6039,Кілька консервована,,Консерви > Рибна консервація > Кілька консервована,107,Пресерви рибні,,"Риба та морепродукти > Приготовлена риба, салати і пресерви > Пресерви рибні",0.8,Точне семантичне співпадіння для консервованої риби,semantic
6043,Лосось консервований,,Консерви > Рибна консервація > Лосось консервований,107,Пресерви рибні,,"Риба та морепродукти > Приготовлена риба, салати і пресерви > Пресерви рибні",0.8,Точне семантичне співпадіння для консервованої риби,semantic
6046,Морепродукти консервовані,,Консерви > Рибна консервація > Морепродукти консервовані,107,Пресерви рибні,,"Риба та морепродукти > Приготовлена риба, салати і пресерви > Пресерви рибні",0.7,Часткове семантичне співпадіння для рибних консервів,semantic
6037,Печінка тріски консервована,,Консерви > Рибна консервація > Печінка тріски консервована,107,Пресерви рибні,,"Риба та морепродукти > Приготовлена риба, салати і пресерви > Пресерви рибні",0.7,Часткове семантичне співпадіння для рибних консервів,semantic
6044,Сайра консервована,,Консерви > Рибна консервація > Сайра консервована,107,Пресерви рибні,,"Риба та морепродукти > Приготовлена риба, салати і пресерви > Пресерви рибні",0.9,Рибні консерви відповідають категорії пресервів рибних,semantic
6038,Сардина консервована,,Консерви > Рибна консервація > Сардина консервована,107,Пресерви рибні,,"Риба та морепродукти > Приготовлена риба, салати і пресерви > Пресерви рибні",0.9,Рибні консерви відповідають категорії пресервів рибних,semantic
6042,Скумбрія консервована,,Консерви > Рибна консервація > Скумбрія консервована,107,Пресерви рибні,,"Риба та морепродукти > Приготовлена риба, салати і пресерви > Пресерви рибні",0.9,Рибні консерви відповідають категорії пресервів рибних,semantic
6040,Тунець консервований,,Консерви > Рибна консервація > Тунець консервований,107,Пресерви рибні,,"Риба та морепродукти > Приготовлена риба, салати і пресерви > Пресерви рибні",0.9,Рибні консерви відповідають категорії пресервів рибних,semantic
6041,Шпроти,,Консерви > Рибна консервація > Шпроти,107,Пресерви рибні,,"Риба та морепродукти > Приготовлена риба, салати і пресерви > Пресерви рибні",0.9,Рибні консерви відповідають категорії пресервів рибних,semantic
6070,Інші консервовані фрукти,,Консерви > Фруктова консервація > Інші консервовані фрукти,353,Фруктова консервація,,"Бакалія і консерви > Консервовані фрукти, варення, мед > Фруктова консервація",1.0,Точне співпадіння категорії фруктової консервації,exact
6068,Консервована вишня,,Консерви > Фруктова консервація > Консервована вишня,353,Фруктова консервація,,"Бакалія і консерви > Консервовані фрукти, варення, мед > Фруктова консервація",1.0,Точне співпадіння категорії фруктової консервації,exact
6066,Консервовані абрикоси,,Консерви > Фруктова консервація > Консервовані абрикоси,353,Фруктова консервація,,"Бакалія і консерви > Консервовані фрукти, варення, мед > Фруктова консервація",1.0,Точне співпадіння категорії фруктової консервації,exact
6064,Консервовані ананаси,,Консерви > Фруктова консервація > Консервовані ананаси,353,Фруктова консервація,,"Бакалія і консерви > Консервовані фрукти, варення, мед > Фруктова консервація",1.0,Точне співпадіння категорії фруктової консервації,exact
6069,Консервовані груші,,Консерви > Фруктова консервація > Консервовані груші,353,Фруктова консервація,,"Бакалія і консерви > Консервовані фрукти, варення, мед > Фруктова консервація",1.0,Точне співпадіння категорії фруктової консервації,exact
6065,Консервовані персики,,Консерви > Фруктова консервація > Консервовані персики,353,Фруктова консервація,,"Бакалія і консерви > Консервовані фрукти, варення, мед > Фруктова консервація",0.9,Точне семантичне співпадіння в категорії фруктової консервації,semantic
6067,Консервовані тропічні фрукти,,Консерви > Фруктова консервація > Консервовані тропічні фрукти,353,Фруктова консервація,,"Бакалія і консерви > Консервовані фрукти, варення, мед > Фруктова консервація",0.9,Точне семантичне співпадіння в категорії фруктової консервації,semantic
6048,Хумус,,Консерви > Хумус,375,Аджика,,"Бакалія і консерви > Соуси і спеції > Соуси, заправки > Аджика",0.6,Часткове семантичне співпадіння в категорії соусів,general
6294,"Відкривачки, штопори",,"Кухня > Кухонне приладдя > Відкривачки, штопори",669,Кухонне начиння,,"Госптовари, non-food > Для дому > Посуд > Кухонне начиння",0.7,Часткове семантичне співпадіння в категорії кухонного приладдя,semantic
6296,"Вінчики, пензлики",,"Кухня > Кухонне приладдя > Вінчики, пензлики",669,Кухонне начиння,,"Госптовари, non-food > Для дому > Посуд > Кухонне начиння",0.7,Часткове семантичне співпадіння в категорії кухонного приладдя,semantic
6289,Друшляки та сита,,Кухня > Кухонне приладдя > Друшляки та сита,669,Кухонне начиння,,"Госптовари, non-food > Для дому > Посуд > Кухонне начиння",0.8,Точне семантичне співпадіння в категорії кухонного приладдя,semantic
6304,Інше кухонне приладдя,,Кухня > Кухонне приладдя > Інше кухонне приладдя,669,Кухонне начиння,,"Госптовари, non-food > Для дому > Посуд > Кухонне начиння",0.7,Часткове семантичне співпадіння в категорії кухонного приладдя,general
6287,"Лопатки, шумівки, ополоники, ложки",,"Кухня > Кухонне приладдя > Лопатки, шумівки, ополоники, ложки",669,Кухонне начиння,,"Госптовари, non-food > Для дому > Посуд > Кухонне начиння",0.9,Точне семантичне співпадіння в категорії кухонного приладдя,semantic
6302,Миски та ковші для приготування,,Кухня > Кухонне приладдя > Миски та ковші для приготування,662,"Тарілки, миски і салатники",,"Госптовари, non-food > Для дому > Посуд > Тарілки, миски і салатники",0.8,Точне семантичне співпадіння в категорії посуду,semantic
6292,Мірний посуд та лійки,,Кухня > Кухонне приладдя > Мірний посуд та лійки,669,Кухонне начиння,,"Госптовари, non-food > Для дому > Посуд > Кухонне начиння",0.8,Точне семантичне співпадіння в категорії кухонного приладдя,semantic
6291,"Млинки, набори для спецій",,"Кухня > Кухонне приладдя > Млинки, набори для спецій",669,Кухонне начиння,,"Госптовари, non-food > Для дому > Посуд > Кухонне начиння",0.7,Часткове семантичне співпадіння в категорії кухонного приладдя,semantic
6295,"Молотки, товкачки, скалки, ступки",,"Кухня > Кухонне приладдя > Молотки, товкачки, скалки, ступки",669,Кухонне начиння,,"Госптовари, non-food > Для дому > Посуд > Кухонне начиння",0.7,Часткове семантичне співпадіння в категорії кухонного приладдя,semantic
6286,"Ножі, ножиці, овочечистки, точилки",,"Кухня > Кухонне приладдя > Ножі, ножиці, овочечистки, точилки",668,Кухонні ножі,,"Госптовари, non-food > Для дому > Посуд > Кухонні ножі",0.9,Точне семантичне співпадіння в категорії кухонних ножів,semantic
6290,Обробні дошки,,Кухня > Кухонне приладдя > Обробні дошки,669,Кухонне начиння,,"Госптовари, non-food > Для дому > Посуд > Кухонне начиння",0.8,Часткове семантичне співпадіння в категорії кухонного приладдя,semantic
6299,Підноси,,Кухня > Кухонне приладдя > Підноси,669,Кухонне начиння,,"Госптовари, non-food > Для дому > Посуд > Кухонне начиння",0.7,Часткове семантичне співпадіння в категорії кухонного приладдя,semantic
6303,Посуд для коктейлів та бару,,Кухня > Кухонне приладдя > Посуд для коктейлів та бару,670,Барні аксесуари,,"Госптовари, non-food > Для дому > Посуд > Барні аксесуари",0.9,Точне семантичне співпадіння в категорії барних аксесуарів,semantic
6297,"Преси, соковижималки, горіхоколи",,"Кухня > Кухонне приладдя > Преси, соковижималки, горіхоколи",669,Кухонне начиння,,"Госптовари, non-food > Для дому > Посуд > Кухонне начиння",0.7,Часткове семантичне співпадіння в категорії кухонного приладдя,semantic
6298,Пробки та насадки для пляшок,,Кухня > Кухонне приладдя > Пробки та насадки для пляшок,670,Барні аксесуари,,"Госптовари, non-food > Для дому > Посуд > Барні аксесуари",0.8,Семантичне співпадіння з барними аксесуарами,semantic
6300,Сушарки та підставки для посуду,,Кухня > Кухонне приладдя > Сушарки та підставки для посуду,669,Кухонне начиння,,"Госптовари, non-food > Для дому > Посуд > Кухонне начиння",0.8,Часткове семантичне співпадіння в категорії кухонного приладдя,semantic
6288,Тертки,,Кухня > Кухонне приладдя > Тертки,669,Кухонне начиння,,"Госптовари, non-food > Для дому > Посуд > Кухонне начиння",0.9,Точне семантичне співпадіння в категорії кухонного приладдя,semantic
6301,Тримачі для рушників та серветок,,Кухня > Кухонне приладдя > Тримачі для рушників та серветок,670,Барні аксесуари,,"Госптовари, non-food > Для дому > Посуд > Барні аксесуари",0.6,Часткове семантичне співпадіння як кухонні аксесуари,semantic
6293,Щипці та пінцети,,Кухня > Кухонне приладдя > Щипці та пінцети,669,Кухонне начиння,,"Госптовари, non-food > Для дому > Посуд > Кухонне начиння",0.7,"Кухонні інструменти, часткове семантичне співпадіння",semantic
6317,Зубочистки,,Кухня > Одноразовий посуд > Зубочистки,658,"Ложки, виделки, мішалки, ножі",,"Госптовари, non-food > Для дому > Одноразовий посуд > Ложки, виделки, мішалки, ножі",0.6,Часткове семантичне співпадіння як одноразові кухонні аксесуари,semantic
6319,Інші одноразові аксесуари,,Кухня > Одноразовий посуд > Інші одноразові аксесуари,660,Набори посуду,,"Госптовари, non-food > Для дому > Одноразовий посуд > Набори посуду",0.5,Часткове семантичне співпадіння як одноразові аксесуари,semantic
6315,Одноразові виделки та ножі,,Кухня > Одноразовий посуд > Одноразові виделки та ножі,658,"Ложки, виделки, мішалки, ножі",,"Госптовари, non-food > Для дому > Одноразовий посуд > Ложки, виделки, мішалки, ножі",0.9,Точне семантичне співпадіння одноразових кухонних приборів,exact
6314,Одноразові ложки і мішалки,,Кухня > Одноразовий посуд > Одноразові ложки і мішалки,658,"Ложки, виделки, мішалки, ножі",,"Госптовари, non-food > Для дому > Одноразовий посуд > Ложки, виделки, мішалки, ножі",0.9,Точне семантичне співпадіння одноразових кухонних приборів,exact
6316,Одноразові набори посуду і контейнери,,Кухня > Одноразовий посуд > Одноразові набори посуду і контейнери,660,Набори посуду,,"Госптовари, non-food > Для дому > Одноразовий посуд > Набори посуду",0.8,Точне семантичне співпадіння одноразового посуду,exact
6312,Одноразові стаканчики,,Кухня > Одноразовий посуд > Одноразові стаканчики,657,Склянки,,"Госптовари, non-food > Для дому > Одноразовий посуд > Склянки",0.9,Точне семантичне співпадіння одноразового посуду,exact
6313,Одноразові тарілки,,Кухня > Одноразовий посуд > Одноразові тарілки,659,Тарілки,,"Госптовари, non-food > Для дому > Одноразовий посуд > Тарілки",0.9,Точне семантичне співпадіння одноразового посуду,exact
6309,Пластиковий посуд,,Кухня > Пластиковий посуд,665,"Чашки, келихи, склянки",,"Госптовари, non-food > Для дому > Посуд > Чашки, келихи, склянки",0.6,"Частичное соответствие по типу посуда, но не точная категория",semantic
6266,"Банки, ємності для зберігання продуктів",,"Кухня > Посуд для зберігання продуктів > Банки, ємності для зберігання продуктів",671,Для зберігання продуктів,,"Госптовари, non-food > Для дому > Посуд > Для зберігання продуктів",0.9,Точное соответствие по типу и назначению посуда,exact
6267,"Термоси, термокружки",,"Кухня > Посуд для зберігання продуктів > Термоси, термокружки",663,"Для приготування чаю, кави",,"Госптовари, non-food > Для дому > Посуд > Для приготування чаю, кави",0.7,Частичное соответствие по типу посуда для напитков,semantic
6265,"Харчові контейнери, ланч-бокси",,"Кухня > Посуд для зберігання продуктів > Харчові контейнери, ланч-бокси",671,Для зберігання продуктів,,"Госптовари, non-food > Для дому > Посуд > Для зберігання продуктів",0.9,Точное соответствие по типу и назначению контейнеров,exact
6268,"Хлібниці, кошики",,"Кухня > Посуд для зберігання продуктів > Хлібниці, кошики",671,Для зберігання продуктів,,"Госптовари, non-food > Для дому > Посуд > Для зберігання продуктів",0.8,Близкое соответствие по типу посуда для хранения,semantic
6283,"Заварювальні чайники, френч-преси",,"Кухня > Посуд для приготування > Заварювальні чайники, френч-преси",663,"Для приготування чаю, кави",,"Госптовари, non-food > Для дому > Посуд > Для приготування чаю, кави",0.9,Точное соответствие по типу посуда для чая и кофе,exact
6281,"Каструлі, ковші, гусятниці",,"Кухня > Посуд для приготування > Каструлі, ковші, гусятниці",667,"Сковорідки, каструлі",,"Госптовари, non-food > Для дому > Посуд > Сковорідки, каструлі",0.9,Точное соответствие по типу кухонной посуды,exact
6280,"Сковороди, сотейники",,"Кухня > Посуд для приготування > Сковороди, сотейники",667,"Сковорідки, каструлі",,"Госптовари, non-food > Для дому > Посуд > Сковорідки, каструлі",0.9,Точное соответствие по типу кухонной посуды,exact
6284,"Чайники, турки, кавоварки",,"Кухня > Посуд для приготування > Чайники, турки, кавоварки",663,"Для приготування чаю, кави",,"Госптовари, non-food > Для дому > Посуд > Для приготування чаю, кави",0.9,Точное соответствие по типу посуда для чая и кофе,exact
6274,"Глечики, графини, набори для напоїв",,"Кухня > Посуд для сервірування столу > Глечики, графини, набори для напоїв",670,Барні аксесуари,,"Госптовари, non-food > Для дому > Посуд > Барні аксесуари",0.7,Часткове семантичне співпадіння в категорії посуду,semantic
6276,Інший посуд для сервірування,,Кухня > Посуд для сервірування столу > Інший посуд для сервірування,662,"Тарілки, миски і салатники",,"Госптовари, non-food > Для дому > Посуд > Тарілки, миски і салатники",0.6,Загальна категорія посуду,general
6271,"Келихи, склянки, стопки",,"Кухня > Посуд для сервірування столу > Келихи, склянки, стопки",665,"Чашки, келихи, склянки",,"Госптовари, non-food > Для дому > Посуд > Чашки, келихи, склянки",0.9,Точне семантичне співпадіння,semantic
6278,Креманки,,Кухня > Посуд для сервірування столу > Креманки,662,"Тарілки, миски і салатники",,"Госптовари, non-food > Для дому > Посуд > Тарілки, миски і салатники",0.5,Часткове співпадіння в категорії посуду,general
6277,Сервізи,,Кухня > Посуд для сервірування столу > Сервізи,662,"Тарілки, миски і салатники",,"Госптовари, non-food > Для дому > Посуд > Тарілки, миски і салатники",0.6,Загальна категорія посуду,general
6272,Столові прибори,,Кухня > Посуд для сервірування столу > Столові прибори,664,Столові прибори,,"Госптовари, non-food > Для дому > Посуд > Столові прибори",1.0,Точне співпадіння,exact
6270,"Тарілки,салатники,блюда,сервізи",,"Кухня > Посуд для сервірування столу > Тарілки,салатники,блюда,сервізи",662,"Тарілки, миски і салатники",,"Госптовари, non-food > Для дому > Посуд > Тарілки, миски і салатники",0.9,Точне семантичне співпадіння,semantic
6275,"Цукорниці, маслянки",,"Кухня > Посуд для сервірування столу > Цукорниці, маслянки",670,Барні аксесуари,,"Госптовари, non-food > Для дому > Посуд > Барні аксесуари",0.6,Часткове семантичне співпадіння,semantic
6273,Чашки та чайні сервізи,,Кухня > Посуд для сервірування столу > Чашки та чайні сервізи,663,"Для приготування чаю, кави",,"Госптовари, non-food > Для дому > Посуд > Для приготування чаю, кави",0.8,Семантичне співпадіння з чайним посудом,semantic
6320,Фільтри для води,,Кухня > Фільтри для води,646,Фільтри і картриджі для води,,"Госптовари, non-food > Для дому > Господарчі товари > Фільтри і картриджі для води",0.9,Точне семантичне співпадіння для фільтрів для води,semantic
6307,Фольга і пергамент,,"Кухня > Фольга, пергамент, харчова плівка > Фольга і пергамент",642,"Фольга, пергамент, харчова плівка",,"Госптовари, non-food > Для дому > Господарчі товари > Фольга, пергамент, харчова плівка",1.0,Точне співпадіння категорії,exact
6306,Харчові пакети та плівка,,"Кухня > Фольга, пергамент, харчова плівка > Харчові пакети та плівка",642,"Фольга, пергамент, харчова плівка",,"Госптовари, non-food > Для дому > Господарчі товари > Фольга, пергамент, харчова плівка",1.0,Точне співпадіння категорії,exact
6310,Форми та аксесуари для випікання,,Кухня > Форми та аксесуари для випікання,666,Форми для випікання,,"Госптовари, non-food > Для дому > Посуд > Форми для випікання",0.9,Семантичне співпадіння для форм для випікання,semantic
5701,Інші ковбасні вироби,,М'ясо та ковбасні вироби > Ковбаса і сосиски > Інші ковбасні вироби,159,М'ясо-ковбасна нарізка,,М'ясо > Ковбаси і м'ясні делікатеси > М'ясо-ковбасна нарізка,0.8,Часткове семантичне співпадіння для інших ковбасних виробів,semantic
5694,Ковбаса варена,,М'ясо та ковбасні вироби > Ковбаса і сосиски > Ковбаса варена,136,Варена ковбаса,,М'ясо > Ковбаси і м'ясні делікатеси > Ковбаси > Варена ковбаса,1.0,Точне співпадіння категорії варених ковбас,exact
5695,Ковбаса копчена,,М'ясо та ковбасні вироби > Ковбаса і сосиски > Ковбаса копчена,137,Копчена ковбаса,,М'ясо > Ковбаси і м'ясні делікатеси > Ковбаси > Копчена ковбаса,1.0,Точне співпадіння категорії копчених ковбас,exact
5698,Ковбаса кров'яна,,М'ясо та ковбасні вироби > Ковбаса і сосиски > Ковбаса кров'яна,140,Кров'янка і ліверна ковбаса,,М'ясо > Ковбаси і м'ясні делікатеси > Ковбаси > Кров'янка і ліверна ковбаса,0.9,Семантичне співпадіння для кров'яної ковбаси,semantic
5697,Ковбаса ліверна,,М'ясо та ковбасні вироби > Ковбаса і сосиски > Ковбаса ліверна,140,Кров'янка і ліверна ковбаса,,М'ясо > Ковбаси і м'ясні делікатеси > Ковбаси > Кров'янка і ліверна ковбаса,1.0,Точне співпадіння категорії ліверної ковбаси,exact
5696,Ковбаса сиров'ялена,,М'ясо та ковбасні вироби > Ковбаса і сосиски > Ковбаса сиров'ялена,138,"Сиров'ялена, сирокопчена ковбаса",,"М'ясо > Ковбаси і м'ясні делікатеси > Ковбаси > Сиров'ялена, сирокопчена ковбаса",1.0,Точне співпадіння категорії сиров'яленої ковбаси,exact
5700,Сардельки,,М'ясо та ковбасні вироби > Ковбаса і сосиски > Сардельки,134,Сардельки,,М'ясо > Ковбаси і м'ясні делікатеси > Сосиски і сардельки > Сардельки,1.0,Точное семантическое совпадение категории сарделек,exact
5699,Сосиски,,М'ясо та ковбасні вироби > Ковбаса і сосиски > Сосиски,133,Сосиски,,М'ясо > Ковбаси і м'ясні делікатеси > Сосиски і сардельки > Сосиски,1.0,Точное семантическое совпадение категории сосисок,exact
5711,Бастурма,,М'ясо та ковбасні вироби > М'ясні вироби > Бастурма,150,Бастурма,,М'ясо > Ковбаси і м'ясні делікатеси > М'ясні делікатеси > Бастурма,1.0,Точное семантическое совпадение категории бастурмы,exact
5706,Бекон,,М'ясо та ковбасні вироби > М'ясні вироби > Бекон,146,Грудинка і бекон,,М'ясо > Ковбаси і м'ясні делікатеси > М'ясні делікатеси > Грудинка і бекон,0.9,"Высокая семантическая близость, бекон входит в подкатегорию",semantic
5708,Буженина,,М'ясо та ковбасні вироби > М'ясні вироби > Буженина,144,Буженина,,М'ясо > Ковбаси і м'ясні делікатеси > М'ясні делікатеси > Буженина,1.0,Точное семантическое совпадение категории буженины,exact
5710,Грудинка,,М'ясо та ковбасні вироби > М'ясні вироби > Грудинка,146,Грудинка і бекон,,М'ясо > Ковбаси і м'ясні делікатеси > М'ясні делікатеси > Грудинка і бекон,1.0,Точное семантическое совпадение категории грудинки,exact
5707,Карбонад та балик,,М'ясо та ковбасні вироби > М'ясні вироби > Карбонад та балик,143,Балик,,М'ясо > Ковбаси і м'ясні делікатеси > М'ясні делікатеси > Балик,0.8,"Частичное семантическое совпадение, балик присутствует в категории",semantic
5705,Копчене м'ясо,,М'ясо та ковбасні вироби > М'ясні вироби > Копчене м'ясо,152,Копченості,,М'ясо > Ковбаси і м'ясні делікатеси > М'ясні делікатеси > Копченості,0.9,Высокая семантическая близость копченого мяса и копченостей,semantic
5714,М'ясні делікатеси,,М'ясо та ковбасні вироби > М'ясні вироби > М'ясні делікатеси,143,Балик,,М'ясо > Ковбаси і м'ясні делікатеси > М'ясні делікатеси > Балик,0.9,"Высокая семантическая близость, точная категория мясных деликатесов",semantic
5712,"М'ясні паштети, муси",,"М'ясо та ковбасні вироби > М'ясні вироби > М'ясні паштети, муси",151,Паштети та намазки,,М'ясо > Ковбаси і м'ясні делікатеси > М'ясні делікатеси > Паштети та намазки,1.0,Точное семантическое совпадение категории паштетов,exact
5713,Окіст,,М'ясо та ковбасні вироби > М'ясні вироби > Окіст,148,Окіст,,М'ясо > Ковбаси і м'ясні делікатеси > М'ясні делікатеси > Окіст,1.0,Точне семантичне співпадіння категорії окосту,exact
5703,Хамон,,М'ясо та ковбасні вироби > М'ясні вироби > Хамон,156,Хамон,,М'ясо > Ковбаси і м'ясні делікатеси > Хамон,1.0,Точне семантичне співпадіння категорії хамону,exact
5709,Шийка,,М'ясо та ковбасні вироби > М'ясні вироби > Шийка,149,Шийка копчена,,М'ясо > Ковбаси і м'ясні делікатеси > М'ясні делікатеси > Шийка копчена,0.9,"Майже точне співпадіння, додано уточнення 'копчена'",semantic
5704,Шинка,,М'ясо та ковбасні вироби > М'ясні вироби > Шинка,145,Шинка,,М'ясо > Ковбаси і м'ясні делікатеси > М'ясні делікатеси > Шинка,1.0,Точне семантичне співпадіння категорії шинки,exact
5716,"Ковбаски, чівапчічі",,"М'ясо та ковбасні вироби > Напівфабрикати > Ковбаски, чівапчічі",141,Ковбаски,,М'ясо > Ковбаси і м'ясні делікатеси > Ковбаси > Ковбаски,0.9,Семантичне співпадіння з категорією ковбасок,semantic
5717,Котлети охолоджені,,М'ясо та ковбасні вироби > Напівфабрикати > Котлети охолоджені,99,М'ясні напівфабрикати,,М'ясо > М'ясні напівфабрикати,0.8,Часткове співпадіння в категорії напівфабрикатів,general
5719,М'ясні напівфабрикати в маринаді,,М'ясо та ковбасні вироби > Напівфабрикати > М'ясні напівфабрикати в маринаді,99,М'ясні напівфабрикати,,М'ясо > М'ясні напівфабрикати,0.8,Часткове співпадіння в категорії напівфабрикатів,general
5718,Фрикаделькі,,М'ясо та ковбасні вироби > Напівфабрикати > Фрикаделькі,99,М'ясні напівфабрикати,,М'ясо > М'ясні напівфабрикати,0.8,Часткове співпадіння в категорії напівфабрикатів,general
5720,Шашлик,,М'ясо та ковбасні вироби > Напівфабрикати > Шашлик,88,М'ясо для шашлику та барбекю,,М'ясо > М'ясо для шашлику та барбекю,1.0,Точне семантичне співпадіння категорії шашлику,exact
5686,Баранина,,М'ясо та ковбасні вироби > Свіже м'ясо > Баранина,102,Баранина та ягнятина,,М'ясо > Баранина та ягнятина,0.9,Семантичне співпадіння з категорією баранини,semantic
5687,Індичка,,М'ясо та ковбасні вироби > Свіже м'ясо > Індичка,91,Індичатина,,М'ясо > М'ясо птиці > Індичатина,1.0,Точное соответствие категории індичатини,exact
5688,"Качка, перепілка",,"М'ясо та ковбасні вироби > Свіже м'ясо > Качка, перепілка",92,Качатина та гусятина,,М'ясо > М'ясо птиці > Качатина та гусятина,0.9,"Частичное соответствие для птиці, включаючи перепілку",semantic
5689,Кролик,,М'ясо та ковбасні вироби > Свіже м'ясо > Кролик,101,Кролятина,,М'ясо > Кролятина,1.0,Точное соответствие категорії кролятини,exact
5683,Курятина,,М'ясо та ковбасні вироби > Свіже м'ясо > Курятина,90,Курятина,,М'ясо > М'ясо птиці > Курятина,1.0,Точное соответствие категорії курятини,exact
5690,Сало,,М'ясо та ковбасні вироби > Свіже м'ясо > Сало,100,Сало,,М'ясо > Сало,1.0,Точное соответствие категорії сала,exact
5682,Свинина,,М'ясо та ковбасні вироби > Свіже м'ясо > Свинина,94,Свинина,,М'ясо > Свинина,1.0,Точное соответствие категорії свинини,exact
5692,Субпродукти,,М'ясо та ковбасні вироби > Свіже м'ясо > Субпродукти,97,Субпродукти,,М'ясо > Субпродукти,1.0,Точное соответствие категорії субпродуктів,exact
5685,Телятина,,М'ясо та ковбасні вироби > Свіже м'ясо > Телятина,98,Яловичина та телятина,,М'ясо > Яловичина та телятина,0.9,Часткова відповідність категорії телятини в складі яловичини,semantic
5691,Фарш,,М'ясо та ковбасні вироби > Свіже м'ясо > Фарш,95,Фарш,,М'ясо > Фарш,1.0,Точное соответствие категорії фаршу,exact
5684,Яловичина,,М'ясо та ковбасні вироби > Свіже м'ясо > Яловичина,98,Яловичина та телятина,,М'ясо > Яловичина та телятина,1.0,Точное соответствие категорії яловичини,exact
5978,Дитяче шампанське,,Напої > Дитяче шампанське,541,Енергетичні напої,,Алкоголь. Напої. Тютюн > Напої > Енергетичні напої,0.3,Нет точного соответствия для детского шампанского,unmatched
5973,Енергетичні напої,,Напої > Енергетичні напої,541,Енергетичні напої,,Алкоголь. Напої. Тютюн > Напої > Енергетичні напої,1.0,Точное совпадение категории энергетических напитков,exact
5974,Квас,,Напої > Квас,539,Квас,,Алкоголь. Напої. Тютюн > Напої > Квас,1.0,Точное совпадение категории кваса,exact
5975,Комбуча,,Напої > Комбуча,540,Комбуча і ферментовані напої,,Алкоголь. Напої. Тютюн > Напої > Комбуча і ферментовані напої,0.9,Высокая семантическая близость с категорией ферментированных напитков,semantic
5956,Газована вода,,Напої > Мінеральна вода > Газована вода,517,Мінеральна вода,,Алкоголь. Напої. Тютюн > Напої > Мінеральна вода,0.8,Общая категория минеральной воды,general
5955,Негазована вода,,Напої > Мінеральна вода > Негазована вода,517,Мінеральна вода,,Алкоголь. Напої. Тютюн > Напої > Мінеральна вода,0.8,Общая категория минеральной воды,general
5971,Нектар,,Напої > Нектар,532,Соки і нектари,,Алкоголь. Напої. Тютюн > Напої > Соки і нектари,1.0,Точное совпадение категории нектаров,exact
5970,Охолоджені соки та смузі,,Напої > Охолоджені соки та смузі,532,Соки і нектари,,Алкоголь. Напої. Тютюн > Напої > Соки і нектари,0.9,Высокая семантическая близость с категорией соков,semantic
5961,Апельсиновий сік,,Напої > Сік > Апельсиновий сік,532,Соки і нектари,,Алкоголь. Напої. Тютюн > Напої > Соки і нектари,1.0,Точное совпадение категории соков,exact
5968,Виноградний сік,,Напої > Сік > Виноградний сік,532,Соки і нектари,,Алкоголь. Напої. Тютюн > Напої > Соки і нектари,1.0,Точное совпадение категории соков,exact
5964,Гранатовий сік,,Напої > Сік > Гранатовий сік,532,Соки і нектари,,Алкоголь. Напої. Тютюн > Напої > Соки і нектари,0.9,Точне потрапляння в категорію соків,semantic
5959,Інші соки,,Напої > Сік > Інші соки,532,Соки і нектари,,Алкоголь. Напої. Тютюн > Напої > Соки і нектари,1.0,Повне співпадіння з категорією соків,exact
5966,Моркв'яно-яблучний сік,,Напої > Сік > Моркв'яно-яблучний сік,532,Соки і нектари,,Алкоголь. Напої. Тютюн > Напої > Соки і нектари,0.9,Точне потрапляння в категорію соків,semantic
5965,Мультивітамінний сік,,Напої > Сік > Мультивітамінний сік,532,Соки і нектари,,Алкоголь. Напої. Тютюн > Напої > Соки і нектари,0.9,Точне потрапляння в категорію соків,semantic
5963,Мультифруктовий сік,,Напої > Сік > Мультифруктовий сік,532,Соки і нектари,,Алкоголь. Напої. Тютюн > Напої > Соки і нектари,0.9,Точне потрапляння в категорію соків,semantic
5969,Овочевий сік,,Напої > Сік > Овочевий сік,532,Соки і нектари,,Алкоголь. Напої. Тютюн > Напої > Соки і нектари,0.9,Точне потрапляння в категорію соків,semantic
5967,Персиковий сік,,Напої > Сік > Персиковий сік,532,Соки і нектари,,Алкоголь. Напої. Тютюн > Напої > Соки і нектари,0.9,Точне потрапляння в категорію соків,semantic
5962,Томатний сік,,Напої > Сік > Томатний сік,532,Соки і нектари,,Алкоголь. Напої. Тютюн > Напої > Соки і нектари,0.9,Точне потрапляння в категорію соків,semantic
5960,Яблучний сік,,Напої > Сік > Яблучний сік,532,Соки і нектари,,Алкоголь. Напої. Тютюн > Напої > Соки і нектари,0.9,Точне потрапляння в категорію соків,semantic
5977,Соковмісні напої,,Напої > Соковмісні напої,532,Соки і нектари,,Алкоголь. Напої. Тютюн > Напої > Соки і нектари,0.8,Часткове співпадіння з категорією соків,general
5957,Солодка вода,,Напої > Солодка вода,525,Солодка вода,,Алкоголь. Напої. Тютюн > Напої > Солодка вода,0.9,Точное соответствие категории солодкой воды,exact
5972,Холодний чай,,Напої > Холодний чай,542,Холодні чаї та кава,,Алкоголь. Напої. Тютюн > Напої > Холодні чаї та кава,0.85,Семантическое соответствие холодных напитков,semantic
5976,Холодні кавові напої,,Напої > Холодні кавові напої,542,Холодні чаї та кава,,Алкоголь. Напої. Тютюн > Напої > Холодні чаї та кава,0.8,Семантическое соответствие холодных напитков,semantic
5507,Алкогольні напої до Нового року,,Новий рік > Алкогольні напої до Нового року,590,Ігристі вина та шампанське,,Алкоголь. Напої. Тютюн > Алкоголь > Ігристі вина та шампанське,0.7,Частичное соответствие алкогольных напитков для праздника,general
5509,Декор до Нового року,,Новий рік > Декор до Нового року,674,Для днів народжень і вечірок,,"Госптовари, non-food > Для дому > Товари для свят > Для днів народжень і вечірок",0.6,Приблизное соответствие праздничных товаров,general
5508,До Новорічного столу,,Новий рік > До Новорічного столу,678,Святковий посуд і аксесуари,,"Госптовари, non-food > Для дому > Товари для свят > Святковий посуд і аксесуари",0.7,Соответствие праздничным товарам для стола,semantic
5511,Новорічні подарунки для дітей,,Новий рік > Новорічні подарунки для дітей,460,Солодкі подарунки для дітей,,Бакалія і консерви > Солодощі > Солодощі до свят > Солодкі подарунки для дітей,0.6,Частичное соответствие подаркам для детей,general
5506,Солодощі до Нового року,,Новий рік > Солодощі до Нового року,462,Подарункові цукерки,,Бакалія і консерви > Солодощі > Солодощі до свят > Подарункові цукерки,0.8,Семантическое соответствие праздничным сладостям,semantic
6140,Булочки для бургерів та хот-догів,,Пекарня > Булочки для бургерів та хот-догів,188,Булки,,Хліб та випічка > Хлібобулочні вироби > Булки,0.7,Семантическое соответствие булочкам,semantic
6135,"Булочки, ватрушки",,"Пекарня > Булочки та здобні вироби > Булочки, ватрушки",191,Булочки і пиріжки,,Хліб та випічка > Випічка > Булочки і пиріжки,0.9,Точне семантичне співпадіння булочок,semantic
6136,Пиріжки,,Пекарня > Булочки та здобні вироби > Пиріжки,191,Булочки і пиріжки,,Хліб та випічка > Випічка > Булочки і пиріжки,1.0,Точне співпадіння категорії пиріжків,exact
6137,Слойка,,Пекарня > Булочки та здобні вироби > Слойка,194,Випічка з листкового тіста,,Хліб та випічка > Випічка > Випічка з листкового тіста,0.9,Слойка є різновидом листкової випічки,semantic
6138,Коржі та тарталетки,,Пекарня > Коржі та тарталетки,204,Кошики та тарталетки,,"Хліб та випічка > Коржі, основа для піци > Кошики та тарталетки",1.0,Точне співпадіння категорії тарталеток,exact
6132,Лаваші та тортилья,,Пекарня > Лаваші та тортилья,189,"Лаваш, тортилья",,"Хліб та випічка > Хлібобулочні вироби > Лаваш, тортилья",1.0,Точне співпадіння категорії лаваш та тортилья,exact
6125,Багет,,Пекарня > Хліб > Багет,185,Багет,,Хліб та випічка > Хлібобулочні вироби > Багет,1.0,Точне співпадіння категорії багету,exact
6126,Батон,,Пекарня > Хліб > Батон,186,Батон,,Хліб та випічка > Хлібобулочні вироби > Батон,1.0,Точне співпадіння категорії батону,exact
6129,Висівковий хліб,,Пекарня > Хліб > Висівковий хліб,184,Хліб,,Хліб та випічка > Хлібобулочні вироби > Хліб,0.8,"Часткове співпадіння, підтип хліба",general
6130,Гречаний хліб,,Пекарня > Хліб > Гречаний хліб,184,Хліб,,Хліб та випічка > Хлібобулочні вироби > Хліб,0.8,"Часткове співпадіння, підтип хліба",general
6124,Житній хліб,,Пекарня > Хліб > Житній хліб,184,Хліб,,Хліб та випічка > Хлібобулочні вироби > Хліб,0.8,"Часткове співпадіння, підтип хліба",general
6127,Житньо-пшеничний хліб,,Пекарня > Хліб > Житньо-пшеничний хліб,184,Хліб,,Хліб та випічка > Хлібобулочні вироби > Хліб,0.9,Точне співпадіння категорії хліба,semantic
6131,Кукурудзяний хліб,,Пекарня > Хліб > Кукурудзяний хліб,184,Хліб,,Хліб та випічка > Хлібобулочні вироби > Хліб,0.9,Точне співпадіння категорії хліба,semantic
6123,Пшеничний хліб,,Пекарня > Хліб > Пшеничний хліб,184,Хліб,,Хліб та випічка > Хлібобулочні вироби > Хліб,0.9,Точне співпадіння категорії хліба,semantic
6128,Чіабатта,,Пекарня > Хліб > Чіабатта,187,Чіабата,,Хліб та випічка > Хлібобулочні вироби > Чіабата,1.0,Точне співпадіння категорії чіабати,exact
6139,"Хлібні палички, грісіні",,"Пекарня > Хлібні палички, грісіні",212,Гріссіні та хлібні палички,,"Хліб та випічка > Сушка, хлібці, пряники > Гріссіні та хлібні палички",1.0,Точне співпадіння категорії хлібних паличок,exact
6133,Хлібці,,Пекарня > Хлібці,213,Хлібці,,"Хліб та випічка > Сушка, хлібці, пряники > Хлібці",1.0,Точне співпадіння категорії хлібців,exact
6089,Блоки для унітазів,,Побутова хімія > Блоки для унітазів,637,Аксесуари для ванни і туалету,,"Госптовари, non-food > Для дому > Господарчі товари > Аксесуари для ванни і туалету",0.8,Часткове співпадіння в категорії товарів для туалету,semantic
6107,Губка для взуття,,Побутова хімія > Засоби для взуття і тканин > Губка для взуття,645,Догляд за одягом і взуттям,,"Госптовари, non-food > Для дому > Господарчі товари > Догляд за одягом і взуттям",0.9,Точне співпадіння категорії догляду за взуттям,semantic
6110,Дезодорант для взуття,,Побутова хімія > Засоби для взуття і тканин > Дезодорант для взуття,645,Догляд за одягом і взуттям,,"Госптовари, non-food > Для дому > Господарчі товари > Догляд за одягом і взуттям",0.9,Точне співпадіння категорії догляду за взуттям,semantic
6111,Засоби для замші і нубука,,Побутова хімія > Засоби для взуття і тканин > Засоби для замші і нубука,645,Догляд за одягом і взуттям,,"Госптовари, non-food > Для дому > Господарчі товари > Догляд за одягом і взуттям",0.9,Точне співпадіння категорії догляду за взуттям,semantic
6108,Крем для взуття,,Побутова хімія > Засоби для взуття і тканин > Крем для взуття,645,Догляд за одягом і взуттям,,"Госптовари, non-food > Для дому > Господарчі товари > Догляд за одягом і взуттям",0.9,Категорія догляду за взуттям,semantic
6109,Спрей для взуття,,Побутова хімія > Засоби для взуття і тканин > Спрей для взуття,645,Догляд за одягом і взуттям,,"Госптовари, non-food > Для дому > Господарчі товари > Догляд за одягом і взуттям",0.9,Категорія догляду за взуттям,semantic
6112,Щітка для взуття,,Побутова хімія > Засоби для взуття і тканин > Щітка для взуття,645,Догляд за одягом і взуттям,,"Госптовари, non-food > Для дому > Господарчі товари > Догляд за одягом і взуттям",0.9,Категорія догляду за взуттям,semantic
6101,Засоби для посудомийних машин,,Побутова хімія > Засоби для миття посуду > Засоби для посудомийних машин,630,Для миття посуду,,"Госптовари, non-food > Для дому > Побутова хімія > Для миття посуду",1.0,Точне співпадіння категорії миючих засобів для посуду,exact
6100,Рідкі засоби для миття посуду,,Побутова хімія > Засоби для миття посуду > Рідкі засоби для миття посуду,630,Для миття посуду,,"Госптовари, non-food > Для дому > Побутова хімія > Для миття посуду",1.0,Точне співпадіння категорії миючих засобів для посуду,exact
6096,Відбілювач для білизни,,Побутова хімія > Засоби для прання > Відбілювач для білизни,629,"Плямовивідники, відбілювачі",,"Госптовари, non-food > Для дому > Побутова хімія > Плямовивідники, відбілювачі",0.9,Категорія відбілюючих та плямовивідних засобів,semantic
6091,Гель для прання,,Побутова хімія > Засоби для прання > Гель для прання,627,"Пральні порошки, гелі, капсули",,"Госптовари, non-food > Для дому > Побутова хімія > Пральні порошки, гелі, капсули",1.0,Точне співпадіння категорії прального гелю,exact
6094,Засоби для видалення плям,,Побутова хімія > Засоби для прання > Засоби для видалення плям,629,"Плямовивідники, відбілювачі",,"Госптовари, non-food > Для дому > Побутова хімія > Плямовивідники, відбілювачі",1.0,Точне співпадіння категорії плямовивідних засобів,exact
6098,Засоби для пом'якшення води,,Побутова хімія > Засоби для прання > Засоби для пом'якшення води,627,"Пральні порошки, гелі, капсули",,"Госптовари, non-food > Для дому > Побутова хімія > Пральні порошки, гелі, капсули",0.7,Часткове семантичне співпадіння в категорії прання,semantic
6092,Капсули для прання,,Побутова хімія > Засоби для прання > Капсули для прання,627,"Пральні порошки, гелі, капсули",,"Госптовари, non-food > Для дому > Побутова хімія > Пральні порошки, гелі, капсули",1.0,Точне семантичне співпадіння,exact
6093,Кондиціонер для прання,,Побутова хімія > Засоби для прання > Кондиціонер для прання,628,Ополіскувачі для білизни,,"Госптовари, non-food > Для дому > Побутова хімія > Ополіскувачі для білизни",0.9,Семантичне співпадіння з категорією для білизни,semantic
6095,Пральний порошок,,Побутова хімія > Засоби для прання > Пральний порошок,627,"Пральні порошки, гелі, капсули",,"Госптовари, non-food > Для дому > Побутова хімія > Пральні порошки, гелі, капсули",1.0,Точне семантичне співпадіння,exact
6088,Засоби для видалення іржі,,Побутова хімія > Засоби для прибирання > Засоби для видалення іржі,631,Для прибирання,,"Госптовари, non-food > Для дому > Побутова хімія > Для прибирання",0.6,Часткове семантичне співпадіння в категорії прибирання,semantic
6087,Засоби для миття підлоги,,Побутова хімія > Засоби для прибирання > Засоби для миття підлоги,631,Для прибирання,,"Госптовари, non-food > Для дому > Побутова хімія > Для прибирання",0.9,Точне семантичне співпадіння з категорією прибирання,semantic
6082,Засоби для прибирання ванної кімнати,,Побутова хімія > Засоби для прибирання > Засоби для прибирання ванної кімнати,631,Для прибирання,,"Госптовари, non-food > Для дому > Побутова хімія > Для прибирання",0.9,Точне семантичне співпадіння з категорією прибирання,semantic
6085,Засоби для прибирання кухні,,Побутова хімія > Засоби для прибирання > Засоби для прибирання кухні,631,Для прибирання,,"Госптовари, non-food > Для дому > Побутова хімія > Для прибирання",0.9,Точне семантичне співпадіння з категорією прибирання,semantic
6084,Засоби для прибирання скляних поверхонь,,Побутова хімія > Засоби для прибирання > Засоби для прибирання скляних поверхонь,631,Для прибирання,,"Госптовари, non-food > Для дому > Побутова хімія > Для прибирання",0.9,Точне семантичне співпадіння з категорією прибирання,semantic
6081,Засоби для прибирання туалету,,Побутова хімія > Засоби для прибирання > Засоби для прибирання туалету,631,Для прибирання,,"Госптовари, non-food > Для дому > Побутова хімія > Для прибирання",0.9,Точне семантичне співпадіння з категорією прибирання,semantic
6086,Засоби для прочищення труб,,Побутова хімія > Засоби для прибирання > Засоби для прочищення труб,630,Для миття посуду,,"Госптовари, non-food > Для дому > Побутова хімія > Для миття посуду",0.7,Часткове семантичне співпадіння в категорії прибирання,semantic
6083,Універсальні чистячі засоби,,Побутова хімія > Засоби для прибирання > Універсальні чистячі засоби,630,Для миття посуду,,"Госптовари, non-food > Для дому > Побутова хімія > Для миття посуду",0.9,Точне семантичне співпадіння в категорії прибирання,semantic
6120,Засоби для чищення меблів,,Побутова хімія > Засоби для чищення меблів,630,Для миття посуду,,"Госптовари, non-food > Для дому > Побутова хімія > Для миття посуду",0.8,Семантичне співпадіння в категорії прибирання та чищення,semantic
6118,Засоби від комарів,,Побутова хімія > Інсектициди > Засоби від комарів,634,Інсектициди,,"Госптовари, non-food > Для дому > Побутова хімія > Інсектициди",1.0,Точне співпадіння категорії інсектицидів,exact
6117,Засоби від молі,,Побутова хімія > Інсектициди > Засоби від молі,634,Інсектициди,,"Госптовари, non-food > Для дому > Побутова хімія > Інсектициди",1.0,Точне співпадіння категорії інсектицидів,exact
6115,Засоби від мух,,Побутова хімія > Інсектициди > Засоби від мух,634,Інсектициди,,"Госптовари, non-food > Для дому > Побутова хімія > Інсектициди",1.0,Точне співпадіння категорії інсектицидів,exact
6116,Засоби від тарганів та комах,,Побутова хімія > Інсектициди > Засоби від тарганів та комах,634,Інсектициди,,"Госптовари, non-food > Для дому > Побутова хімія > Інсектициди",1.0,Точне співпадіння категорії інсектицидів,exact
6119,Спрей та лосьон від комарів,,Побутова хімія > Інсектициди > Спрей та лосьон від комарів,634,Інсектициди,,"Госптовари, non-food > Для дому > Побутова хімія > Інсектициди",1.0,Точне співпадіння категорії інсектицидів,exact
6104,Автоматичний освіжувач повітря,,Побутова хімія > Освіжувач повітря > Автоматичний освіжувач повітря,632,Освіжувачі повітря,,"Госптовари, non-food > Для дому > Побутова хімія > Освіжувачі повітря",1.0,Точне співпадіння категорії освіжувачів повітря,exact
6103,Аерозольний освіжувач повітря,,Побутова хімія > Освіжувач повітря > Аерозольний освіжувач повітря,632,Освіжувачі повітря,,"Госптовари, non-food > Для дому > Побутова хімія > Освіжувачі повітря",1.0,Точне співпадіння категорії освіжувачів повітря,exact
6105,Гелевий освіжувач повітря,,Побутова хімія > Освіжувач повітря > Гелевий освіжувач повітря,632,Освіжувачі повітря,,"Госптовари, non-food > Для дому > Побутова хімія > Освіжувачі повітря",0.9,Точне семантичне співпадіння в категорії освіжувачів повітря,semantic
5729,Восьминіг і морський коктейль,,Риба та морепродукти > Заморожені морепродукти > Восьминіг і морський коктейль,125,Заморожені морепродукти та молюски,,Риба та морепродукти > Морепродукти та молюски > Заморожені морепродукти та молюски,0.9,Точне співпадіння за типом та станом продукту,exact
5731,Заморожені кальмари,,Риба та морепродукти > Заморожені морепродукти > Заморожені кальмари,125,Заморожені морепродукти та молюски,,Риба та морепродукти > Морепродукти та молюски > Заморожені морепродукти та молюски,0.9,Точне співпадіння за типом та станом продукту,exact
5728,Заморожені креветки,,Риба та морепродукти > Заморожені морепродукти > Заморожені креветки,125,Заморожені морепродукти та молюски,,Риба та морепродукти > Морепродукти та молюски > Заморожені морепродукти та молюски,0.9,Точне співпадіння за типом та станом продукту,exact
5730,Заморожені мідії,,Риба та морепродукти > Заморожені морепродукти > Заморожені мідії,125,Заморожені морепродукти та молюски,,Риба та морепродукти > Морепродукти та молюски > Заморожені морепродукти та молюски,0.9,Точне співпадіння за типом та станом продукту,exact
5732,Заморожені ракоподібні та інше,,Риба та морепродукти > Заморожені морепродукти > Заморожені ракоподібні та інше,125,Заморожені морепродукти та молюски,,Риба та морепродукти > Морепродукти та молюски > Заморожені морепродукти та молюски,0.9,Точне співпадіння за типом та станом продукту,exact
5741,Ікорна та рибна паста,,Риба та морепродукти > Ікорна та рибна паста,110,Рибні пасти,,"Риба та морепродукти > Приготовлена риба, салати і пресерви > Рибні пасти",0.9,Точне семантичне співпадіння за типом продукту,semantic
5740,Ікра,,Риба та морепродукти > Ікра,121,Ікра інших риб,,Риба та морепродукти > Ікра > Ікра інших риб,0.8,Загальна категорія ікри,general
5744,Заморожені крабові палички,,Риба та морепродукти > Крабові палички > Заморожені крабові палички,127,Крабові палички,,Риба та морепродукти > Крабові палички,0.9,Точне співпадіння за типом продукту,exact
5743,Охолоджені крабові палички,,Риба та морепродукти > Крабові палички > Охолоджені крабові палички,127,Крабові палички,,Риба та морепродукти > Крабові палички,0.9,Точне співпадіння за типом продукту,exact
5726,Морепродукти мариновані,,Риба та морепродукти > Морепродукти > Морепродукти мариновані,126,Охолоджені морепродукти та молюски,,Риба та морепродукти > Морепродукти та молюски > Охолоджені морепродукти та молюски,0.7,"Частково збігається тип товару, але немає точної підкатегорії для маринованих морепродуктів",semantic
5725,Морепродукти охолоджені,,Риба та морепродукти > Морепродукти > Морепродукти охолоджені,126,Охолоджені морепродукти та молюски,,Риба та морепродукти > Морепродукти та молюски > Охолоджені морепродукти та молюски,1.0,Точне семантичне співпадіння,exact
5733,Морська капуста та водорості,,Риба та морепродукти > Морська капуста та водорості,109,Морська капуста та салати,,"Риба та морепродукти > Приготовлена риба, салати і пресерви > Морська капуста та салати",0.9,"Майже точне співпадіння, є незначні термінологічні відмінності",semantic
5723,Риба заморожена,,Риба та морепродукти > Риба заморожена,119,Заморожена риба,,Риба та морепродукти > Заморожена риба,1.0,Точне семантичне співпадіння,exact
5722,Риба охолоджена,,Риба та морепродукти > Риба охолоджена,115,Лосось і форель,,Риба та морепродукти > Свіжа риба > Лосось і форель,0.6,"Часткове співпадіння, але немає точної категорії для охолодженої риби",semantic
5738,Риба гарячого копчення,,Риба та морепродукти > Риба приготована > Риба гарячого копчення,112,Копчена риба та морепродукти,,Риба та морепродукти > Копчена і в'ялена риба > Копчена риба та морепродукти,0.8,Семантичне співпадіння для копченої риби,semantic
5736,Риба маринована,,Риба та морепродукти > Риба приготована > Риба маринована,106,Слабосолена риба,,"Риба та морепродукти > Приготовлена риба, салати і пресерви > Слабосолена риба",0.6,"Часткове семантичне співпадіння, але немає точної категорії",semantic
5735,Риба солена,,Риба та морепродукти > Риба приготована > Риба солена,106,Слабосолена риба,,"Риба та морепродукти > Приготовлена риба, салати і пресерви > Слабосолена риба",0.8,Семантичне співпадіння для соленої риби,semantic
5737,Риба холодного копчення,,Риба та морепродукти > Риба приготована > Риба холодного копчення,112,Копчена риба та морепродукти,,Риба та морепродукти > Копчена і в'ялена риба > Копчена риба та морепродукти,0.8,Семантичне співпадіння для копченої риби,semantic
5739,Сушена і в'ялена риба,,Риба та морепродукти > Риба приготована > Сушена і в'ялена риба,113,В'ялена та сушена риба,,Риба та морепродукти > Копчена і в'ялена риба > В'ялена та сушена риба,1.0,Точне семантичне співпадіння,exact
5752,Злакові батончики,,Солодощі > Батончики > Злакові батончики,489,Батончики,,Бакалія і консерви > Снеки та чипси > Батончики,0.7,"Часткове семантичне співпадіння - батончики, але в різних категоріях",semantic
5753,Протеїнові батончики,,Солодощі > Батончики > Протеїнові батончики,727,Протеїнові батончики,,БАДи > Спортивне харчування > Протеїнові батончики,0.9,Точне семантичне співпадіння,semantic
5751,Шоколадні батончики,,Солодощі > Батончики > Шоколадні батончики,421,Шоколадні батончики,,Бакалія і консерви > Солодощі > Шоколад > Шоколадні батончики,1.0,Точне співпадіння,exact
5756,Вафлі,,Солодощі > Вафлі,435,Вафлі,,"Бакалія і консерви > Солодощі > Печиво, вафлі, бісквіти > Вафлі",1.0,Точне співпадіння,exact
5762,Драже,,Солодощі > Драже,430,Драже,,Бакалія і консерви > Солодощі > Цукерки > Драже,1.0,Точне співпадіння,exact
5763,Жувальна гумка та льодяники,,Солодощі > Жувальна гумка та льодяники,453,Жувальна гумка,,Бакалія і консерви > Солодощі > Жувальна гумка,0.8,"Часткове співпадіння, але без льодяників",semantic
5755,Зефір і мармелад,,Солодощі > Зефір і мармелад,441,Мармелад,,"Бакалія і консерви > Солодощі > Зефір, мармелад, пастила > Мармелад",0.9,Майже точне співпадіння,semantic
5767,Ірис і щербет,,Солодощі > Ірис і щербет,451,Шербет,,Бакалія і консерви > Солодощі > Східні солодощі > Шербет,0.6,Часткове семантичне співпадіння,semantic
5758,Кекси і бісквіти,,Солодощі > Кекси і бісквіти,436,"Бісквіти, рулети, кекси",,"Бакалія і консерви > Солодощі > Печиво, вафлі, бісквіти > Бісквіти, рулети, кекси",1.0,Точне співпадіння,exact
5764,Козинаки і грильяж,,Солодощі > Козинаки і грильяж,446,Козинаки,,Бакалія і консерви > Солодощі > Східні солодощі > Козинаки,0.9,Точне семантичне співпадіння в категорії східних солодощів,semantic
5754,Круасани,,Солодощі > Круасани,182,Круасани і листкові вироби власної пекарні,,Хліб та випічка > Власна випічка Сільпо > Круасани і листкові вироби власної пекарні,0.9,Точне співпадіння за типом виробу - круасани,exact
5757,Кукурудзяні палички,,Солодощі > Кукурудзяні палички,486,Кукурудзяні палички,,Бакалія і консерви > Снеки та чипси > Кукурудзяні палички і попкорн > Кукурудзяні палички,0.8,Семантичне співпадіння в категорії снеків,semantic
5746,Новорічні солодощі,,Солодощі > Новорічні солодощі,460,Солодкі подарунки для дітей,,Бакалія і консерви > Солодощі > Солодощі до свят > Солодкі подарунки для дітей,0.7,Часткове співпадіння за святковою тематикою,general
5747,Печиво,,Солодощі > Печиво,434,Печиво,,"Бакалія і консерви > Солодощі > Печиво, вафлі, бісквіти > Печиво",1.0,Точне співпадіння категорії печива,exact
5760,Сушки і сухарі,,Солодощі > Сушки і сухарі,209,Сухарі,,"Хліб та випічка > Сушка, хлібці, пряники > Сухарі",0.9,Точне співпадіння за типом виробу,exact
5759,Тістечка і торти,,Солодощі > Тістечка і торти,417,Торти,,"Бакалія і консерви > Солодощі > Торти, тістечка > Торти",0.9,Точне співпадіння за типом кондитерських виробів,exact
5765,Халва і рахат лукум,,Солодощі > Халва і рахат лукум,447,Лукум,,Бакалія і консерви > Солодощі > Східні солодощі > Лукум,0.8,Часткове співпадіння - лукум входить до східних солодощів,semantic
5748,Цукерки,,Солодощі > Цукерки,426,Цукерки в коробці,,Бакалія і консерви > Солодощі > Цукерки > Цукерки в коробці,1.0,Точне співпадіння категорії цукерок,exact
5749,Шоколад в плитках,,Солодощі > Шоколад в плитках,422,"Шоколад, плитка",,"Бакалія і консерви > Солодощі > Шоколад > Шоколад, плитка",1.0,Точне співпадіння категорії шоколаду,exact
5766,Шоколадні яйця і фігурки,,Солодощі > Шоколадні яйця і фігурки,423,Шоколадні яйця,,Бакалія і консерви > Солодощі > Шоколад > Шоколадні яйця,0.9,Точное совпадение по типу товара и семантике,exact
5761,"Шоколадні, горіхові пасти",,"Солодощі > Шоколадні, горіхові пасти",354,Пасти шоколадно-горіхові,,"Бакалія і консерви > Консервовані фрукти, варення, мед > Пасти шоколадно-горіхові",1.0,Точное совпадение по типу и описанию товара,exact
5849,Гірчиця,,Соуси та спеції > Гірчиця та хрін > Гірчиця,381,Гірчиця,,"Бакалія і консерви > Соуси і спеції > Соуси, заправки > Гірчиця",1.0,Точное совпадение по типу и названию товара,exact
5850,Хрін,,Соуси та спеції > Гірчиця та хрін > Хрін,382,Хрін,,"Бакалія і консерви > Соуси і спеції > Соуси, заправки > Хрін",1.0,Точное совпадение по типу и названию товара,exact
5847,Кетчуп,,Соуси та спеції > Кетчуп,373,Кетчуп,,"Бакалія і консерви > Соуси і спеції > Соуси, заправки > Кетчуп",1.0,Точное совпадение по типу и названию товара,exact
5842,Майонез,,Соуси та спеції > Майонез та майонезні соуси > Майонез,376,Майонез,,"Бакалія і консерви > Соуси і спеції > Соуси, заправки > Майонез",1.0,Точное совпадение по типу и названию товара,exact
5843,Майонезний соус,,Соуси та спеції > Майонез та майонезні соуси > Майонезний соус,376,Майонез,,"Бакалія і консерви > Соуси і спеції > Соуси, заправки > Майонез",0.8,"Близкое совпадение, но менее точное",semantic
5845,Суміш панірувальна,,Соуси та спеції > Панірування > Суміш панірувальна,404,Панірування,,Бакалія і консерви > Соуси і спеції > Панірування,1.0,Точное совпадение по типу и категории,exact
5846,Сухарі панірувальні,,Соуси та спеції > Панірування > Сухарі панірувальні,404,Панірування,,Бакалія і консерви > Соуси і спеції > Панірування,1.0,Точное совпадение по типу и категории,exact
5798,Бад'ян,,Соуси та спеції > Приправи і спеції > Бад'ян,386,Спеції і трави,,Бакалія і консерви > Соуси і спеції > Спеції > Спеції і трави,0.9,Семантически близкая категория специй,semantic
5785,Базилік сушений,,Соуси та спеції > Приправи і спеції > Базилік сушений,386,Спеції і трави,,Бакалія і консерви > Соуси і спеції > Спеції > Спеції і трави,0.9,Сушений базилік відноситься до спецій та трав,semantic
5780,Бульйони і бульйонні кубики,,Соуси та спеції > Приправи і спеції > Бульйони і бульйонні кубики,387,Універсальні приправи,,Бакалія і консерви > Соуси і спеції > Спеції > Універсальні приправи,0.8,Бульйонні кубики є універсальною приправою,semantic
5797,Гвоздика,,Соуси та спеції > Приправи і спеції > Гвоздика,386,Спеції і трави,,Бакалія і консерви > Соуси і спеції > Спеції > Спеції і трави,0.9,Гвоздика є спецією,semantic
5803,Гірчичний порошок,,Соуси та спеції > Приправи і спеції > Гірчичний порошок,381,Гірчиця,,"Бакалія і консерви > Соуси і спеції > Соуси, заправки > Гірчиця",0.9,Гірчичний порошок відноситься до гірчиці,semantic
5804,Імбир сушений,,Соуси та спеції > Приправи і спеції > Імбир сушений,386,Спеції і трави,,Бакалія і консерви > Соуси і спеції > Спеції > Спеції і трави,0.9,Сушений імбир є спецією,semantic
5774,Інші приправи і спеції,,Соуси та спеції > Приправи і спеції > Інші приправи і спеції,386,Спеції і трави,,Бакалія і консерви > Соуси і спеції > Спеції > Спеції і трави,0.9,Інші приправи та спеції відносяться до категорії спецій,semantic
5800,Кардамон,,Соуси та спеції > Приправи і спеції > Кардамон,386,Спеції і трави,,Бакалія і консерви > Соуси і спеції > Спеції > Спеції і трави,0.9,Кардамон є спецією,semantic
5787,Карі,,Соуси та спеції > Приправи і спеції > Карі,386,Спеції і трави,,Бакалія і консерви > Соуси і спеції > Спеції > Спеції і трави,0.9,Карі є спецією,semantic
5801,Кмин,,Соуси та спеції > Приправи і спеції > Кмин,386,Спеції і трави,,Бакалія і консерви > Соуси і спеції > Спеції > Спеції і трави,0.9,Кмин є спецією,semantic
5782,Кориця,,Соуси та спеції > Приправи і спеції > Кориця,386,Спеції і трави,,Бакалія і консерви > Соуси і спеції > Спеції > Спеції і трави,0.9,Кориця є спецією,semantic
5789,Коріандр,,Соуси та спеції > Приправи і спеції > Коріандр,386,Спеції і трави,,Бакалія і консерви > Соуси і спеції > Спеції > Спеції і трави,0.9,Точне потрапляння в категорію спецій,semantic
5788,Кріп сушений,,Соуси та спеції > Приправи і спеції > Кріп сушений,386,Спеції і трави,,Бакалія і консерви > Соуси і спеції > Спеції > Спеції і трави,0.9,Точне потрапляння в категорію спецій,semantic
5786,Куркума,,Соуси та спеції > Приправи і спеції > Куркума,386,Спеції і трави,,Бакалія і консерви > Соуси і спеції > Спеції > Спеції і трави,0.9,Точне потрапляння в категорію спецій,semantic
5777,Лавровий лист,,Соуси та спеції > Приправи і спеції > Лавровий лист,385,Лавровий лист,,Бакалія і консерви > Соуси і спеції > Спеції > Лавровий лист,1.0,Точне співпадіння назви та категорії,exact
5808,Майоран,,Соуси та спеції > Приправи і спеції > Майоран,386,Спеції і трави,,Бакалія і консерви > Соуси і спеції > Спеції > Спеції і трави,0.9,Точне потрапляння в категорію спецій,semantic
5794,Мускатний горіх,,Соуси та спеції > Приправи і спеції > Мускатний горіх,386,Спеції і трави,,Бакалія і консерви > Соуси і спеції > Спеції > Спеції і трави,0.9,Точне потрапляння в категорію спецій,semantic
5791,Орегано,,Соуси та спеції > Приправи і спеції > Орегано,386,Спеції і трави,,Бакалія і консерви > Соуси і спеції > Спеції > Спеції і трави,0.9,Точне потрапляння в категорію спецій,semantic
5771,Перець і паприка,,Соуси та спеції > Приправи і спеції > Перець і паприка,384,Перець і суміші перців,,Бакалія і консерви > Соуси і спеції > Спеції > Перець і суміші перців,1.0,Точне співпадіння назви та категорії,exact
5793,Петрушка сушена,,Соуси та спеції > Приправи і спеції > Петрушка сушена,386,Спеції і трави,,Бакалія і консерви > Соуси і спеції > Спеції > Спеції і трави,0.9,Точне потрапляння в категорію спецій,semantic
5805,Приправа грибна,,Соуси та спеції > Приправи і спеції > Приправа грибна,386,Спеції і трави,,Бакалія і консерви > Соуси і спеції > Спеції > Спеції і трави,0.9,Точне потрапляння в категорію спецій,semantic
5802,Приправа до глінтвейну,,Соуси та спеції > Приправи і спеції > Приправа до глінтвейну,387,Універсальні приправи,,Бакалія і консерви > Соуси і спеції > Спеції > Універсальні приправи,0.7,Найближча універсальна категорія спецій,general
5807,Приправа до других страв,,Соуси та спеції > Приправи і спеції > Приправа до других страв,387,Універсальні приправи,,Бакалія і консерви > Соуси і спеції > Спеції > Універсальні приправи,0.8,Універсальні приправи для різних страв,semantic
5776,Приправа до картоплі,,Соуси та спеції > Приправи і спеції > Приправа до картоплі,387,Універсальні приправи,,Бакалія і консерви > Соуси і спеції > Спеції > Універсальні приправи,0.7,Найближча універсальна категорія спецій,general
5773,Приправа до курки,,Соуси та спеції > Приправи і спеції > Приправа до курки,387,Універсальні приправи,,Бакалія і консерви > Соуси і спеції > Спеції > Універсальні приправи,0.7,Найближча універсальна категорія спецій,general
5772,Приправа до м'яса,,Соуси та спеції > Приправи і спеції > Приправа до м'яса,387,Універсальні приправи,,Бакалія і консерви > Соуси і спеції > Спеції > Універсальні приправи,0.7,Найближча універсальна категорія спецій,general
5806,Приправа до моркви по-корейськи,,Соуси та спеції > Приправи і спеції > Приправа до моркви по-корейськи,387,Універсальні приправи,,Бакалія і консерви > Соуси і спеції > Спеції > Універсальні приправи,0.7,Найближча універсальна категорія спецій,general
5790,Приправа до перших страв,,Соуси та спеції > Приправи і спеції > Приправа до перших страв,387,Універсальні приправи,,Бакалія і консерви > Соуси і спеції > Спеції > Універсальні приправи,0.7,Найближча універсальна категорія спецій,general
5784,Приправа до плову,,Соуси та спеції > Приправи і спеції > Приправа до плову,387,Універсальні приправи,,Бакалія і консерви > Соуси і спеції > Спеції > Універсальні приправи,0.7,Найближча універсальна категорія спецій,general
5781,Приправа до риби,,Соуси та спеції > Приправи і спеції > Приправа до риби,387,Універсальні приправи,,Бакалія і консерви > Соуси і спеції > Спеції > Універсальні приправи,0.7,Найближча універсальна категорія спецій,general
5809,Приправа до сала,,Соуси та спеції > Приправи і спеції > Приправа до сала,387,Універсальні приправи,,Бакалія і консерви > Соуси і спеції > Спеції > Універсальні приправи,0.7,Найближча універсальна категорія спецій,general
5792,Приправа до салатів,,Соуси та спеції > Приправи і спеції > Приправа до салатів,386,Спеції і трави,,Бакалія і консерви > Соуси і спеції > Спеції > Спеції і трави,0.7,Часткове семантичне співпадіння в категорії універсальних приправ,semantic
5795,Приправа до шашлику,,Соуси та спеції > Приправи і спеції > Приправа до шашлику,386,Спеції і трави,,Бакалія і консерви > Соуси і спеції > Спеції > Спеції і трави,0.8,"Універсальна приправа, яка підходить для різних страв",semantic
5778,Приправа універсальна,,Соуси та спеції > Приправи і спеції > Приправа універсальна,386,Спеції і трави,,Бакалія і консерви > Соуси і спеції > Спеції > Спеції і трави,1.0,Точне семантичне співпадіння,exact
5796,Розмарин,,Соуси та спеції > Приправи і спеції > Розмарин,386,Спеції і трави,,Бакалія і консерви > Соуси і спеції > Спеції > Спеції і трави,0.9,"Конкретна спеція, яка входить до універсальних приправ",semantic
5779,Суміш трав,,Соуси та спеції > Приправи і спеції > Суміш трав,386,Спеції і трави,,Бакалія і консерви > Соуси і спеції > Спеції > Спеції і трави,0.9,Суміш трав є типом універсальної приправи,semantic
5799,Тим’ян (чебрець) сушений,,Соуси та спеції > Приправи і спеції > Тим’ян (чебрець) сушений,386,Спеції і трави,,Бакалія і консерви > Соуси і спеції > Спеції > Спеції і трави,0.8,"Конкретна спеція, яка входить до універсальних приправ",semantic
5783,Хмелі-сунелі,,Соуси та спеції > Приправи і спеції > Хмелі-сунелі,386,Спеції і трави,,Бакалія і консерви > Соуси і спеції > Спеції > Спеції і трави,0.9,Класична універсальна приправа,semantic
5775,Часник сушений,,Соуси та спеції > Приправи і спеції > Часник сушений,386,Спеції і трави,,Бакалія і консерви > Соуси і спеції > Спеції > Спеції і трави,0.8,"Конкретна спеція, яка входить до універсальних приправ",semantic
5810,Шафран,,Соуси та спеції > Приправи і спеції > Шафран,386,Спеції і трави,,Бакалія і консерви > Соуси і спеції > Спеції > Спеції і трави,0.8,"Екзотична спеція, яка може входити до універсальних приправ",semantic
5832,Cоус-заправка для салатів,,Соуси та спеції > Соус > Cоус-заправка для салатів,378,Заправки,,"Бакалія і консерви > Соуси і спеції > Соуси, заправки > Заправки",1.0,Точне семантичне співпадіння для соусів-заправок,exact
5831,Аджика,,Соуси та спеції > Соус > Аджика,375,Аджика,,"Бакалія і консерви > Соуси і спеції > Соуси, заправки > Аджика",1.0,Точное совпадение категории аджики в соусах,exact
5822,Азіатські соуси,,Соуси та спеції > Соус > Азіатські соуси,366,"Соуси, приправи",,"Бакалія і консерви > Азійська кухня > Соуси, приправи",0.9,Семантическое соответствие азиатским соусам,semantic
5829,Гострі соуси,,Соуси та спеції > Соус > Гострі соуси,374,Соуси,,"Бакалія і консерви > Соуси і спеції > Соуси, заправки > Соуси",0.8,Общая категория соусов,general
5814,Заправка,,Соуси та спеції > Соус > Заправка,378,Заправки,,"Бакалія і консерви > Соуси і спеції > Соуси, заправки > Заправки",1.0,Точное совпадение категории заправок,exact
5840,Інші соуси,,Соуси та спеції > Соус > Інші соуси,374,Соуси,,"Бакалія і консерви > Соуси і спеції > Соуси, заправки > Соуси",0.9,Общая категория для прочих соусов,general
5815,Маринади,,Соуси та спеції > Соус > Маринади,379,Маринади,,"Бакалія і консерви > Соуси і спеції > Соуси, заправки > Маринади",1.0,Точное совпадение категории маринадов,exact
5812,Паста томатна,,Соуси та спеції > Соус > Паста томатна,380,Томатна паста і пюре,,"Бакалія і консерви > Соуси і спеції > Соуси, заправки > Томатна паста і пюре",1.0,Точное совпадение категории томатной пасты,exact
5830,Сацебелі,,Соуси та спеції > Соус > Сацебелі,374,Соуси,,"Бакалія і консерви > Соуси і спеції > Соуси, заправки > Соуси",0.8,"Общая категория соусов, нет точного подраздела",general
5818,Соєвий соус,,Соуси та спеції > Соус > Соєвий соус,377,Соєвий соус,,"Бакалія і консерви > Соуси і спеції > Соуси, заправки > Соєвий соус",1.0,Точное совпадение категории соевого соуса,exact
5828,Соус бальзамічний,,Соуси та спеції > Соус > Соус бальзамічний,374,Соуси,,"Бакалія і консерви > Соуси і спеції > Соуси, заправки > Соуси",0.8,"Общая категория соусов, нет точного подраздела для бальзамического соуса",general
5817,Соус барбекю,,Соуси та спеції > Соус > Соус барбекю,374,Соуси,,"Бакалія і консерви > Соуси і спеції > Соуси, заправки > Соуси",0.9,Соуси барбекю відносяться до загальної категорії соусів,semantic
5825,Соус Бургер,,Соуси та спеції > Соус > Соус Бургер,374,Соуси,,"Бакалія і консерви > Соуси і спеції > Соуси, заправки > Соуси",0.9,Соуси для бургерів відносяться до загальної категорії соусів,semantic
5837,Соус вустерський,,Соуси та спеції > Соус > Соус вустерський,374,Соуси,,"Бакалія і консерви > Соуси і спеції > Соуси, заправки > Соуси",0.9,Вустерський соус відноситься до загальної категорії соусів,semantic
5836,Соус грибний,,Соуси та спеції > Соус > Соус грибний,374,Соуси,,"Бакалія і консерви > Соуси і спеції > Соуси, заправки > Соуси",0.9,Грибний соус відноситься до загальної категорії соусів,semantic
5821,Соус Гуакамоле,,Соуси та спеції > Соус > Соус Гуакамоле,374,Соуси,,"Бакалія і консерви > Соуси і спеції > Соуси, заправки > Соуси",0.9,Соус гуакамоле відноситься до загальної категорії соусів,semantic
5839,Соус до м'яса,,Соуси та спеції > Соус > Соус до м'яса,374,Соуси,,"Бакалія і консерви > Соуси і спеції > Соуси, заправки > Соуси",0.9,Соуси до м'яса відносяться до загальної категорії соусів,semantic
5834,Соус до снеків,,Соуси та спеції > Соус > Соус до снеків,374,Соуси,,"Бакалія і консерви > Соуси і спеції > Соуси, заправки > Соуси",0.9,Соуси до снеків відносяться до загальної категорії соусів,semantic
5833,Соус карі,,Соуси та спеції > Соус > Соус карі,374,Соуси,,"Бакалія і консерви > Соуси і спеції > Соуси, заправки > Соуси",0.9,Соус карі відноситься до загальної категорії соусів,semantic
5823,Соус кисло-солодкий,,Соуси та спеції > Соус > Соус кисло-солодкий,374,Соуси,,"Бакалія і консерви > Соуси і спеції > Соуси, заправки > Соуси",0.9,Кисло-солодкий соус відноситься до загальної категорії соусів,semantic
5826,Соус перцевий,,Соуси та спеції > Соус > Соус перцевий,374,Соуси,,"Бакалія і консерви > Соуси і спеції > Соуси, заправки > Соуси",0.9,Перцевий соус відноситься до загальної категорії соусів,semantic
5816,Соус песто,,Соуси та спеції > Соус > Соус песто,374,Соуси,,"Бакалія і консерви > Соуси і спеції > Соуси, заправки > Соуси",0.8,Соус песто відноситься до загальної категорії соусів,semantic
5835,Соус салатний,,Соуси та спеції > Соус > Соус салатний,378,Заправки,,"Бакалія і консерви > Соуси і спеції > Соуси, заправки > Заправки",0.9,Салатний соус є різновидом заправки,semantic
5827,Соус сирний,,Соуси та спеції > Соус > Соус сирний,374,Соуси,,"Бакалія і консерви > Соуси і спеції > Соуси, заправки > Соуси",0.8,Сирний соус відноситься до загальної категорії соусів,semantic
5813,Соус томатний,,Соуси та спеції > Соус > Соус томатний,380,Томатна паста і пюре,,"Бакалія і консерви > Соуси і спеції > Соуси, заправки > Томатна паста і пюре",0.9,Томатний соус безпосередньо пов'язаний з томатною пастою,semantic
5824,Соус фруктовий,,Соуси та спеції > Соус > Соус фруктовий,374,Соуси,,"Бакалія і консерви > Соуси і спеції > Соуси, заправки > Соуси",0.8,Фруктовий соус відноситься до загальної категорії соусів,semantic
5819,Соус часниковий,,Соуси та спеції > Соус > Соус часниковий,374,Соуси,,"Бакалія і консерви > Соуси і спеції > Соуси, заправки > Соуси",0.8,Часниковий соус відноситься до загальної категорії соусів,semantic
5820,Тартар,,Соуси та спеції > Соус > Тартар,374,Соуси,,"Бакалія і консерви > Соуси і спеції > Соуси, заправки > Соуси",0.8,Соус тартар відноситься до загальної категорії соусів,semantic
5838,Ткемалі,,Соуси та спеції > Соус > Ткемалі,374,Соуси,,"Бакалія і консерви > Соуси і спеції > Соуси, заправки > Соуси",0.8,Ткемалі є різновидом соусу,semantic
6158,Дитяча вода,,Товари для дітей > Дитяче харчування > Дитяча вода,517,Мінеральна вода,,Алкоголь. Напої. Тютюн > Напої > Мінеральна вода,0.7,Найближча категорія для дитячої води,semantic
6155,Дитяче пюре,,Товари для дітей > Дитяче харчування > Дитяче пюре,806,Пюре дитячі,,Дитячі товари > Дитяче харчування > Пюре дитячі,1.0,Точне співпадіння категорії дитячого пюре,exact
6159,Каша для дітей,,Товари для дітей > Дитяче харчування > Каша для дітей,808,Каші дитячі,,Дитячі товари > Дитяче харчування > Каші дитячі,1.0,Точное семантическое совпадение детских каш,exact
6160,Молочна суміш,,Товари для дітей > Дитяче харчування > Молочна суміш,807,Суміші дитячі,,Дитячі товари > Дитяче харчування > Суміші дитячі,0.9,Высокое семантическое соответствие дитячих сумішей,semantic
6161,Молочні продукти для дітей,,Товари для дітей > Дитяче харчування > Молочні продукти для дітей,272,Йогурти дитячі,,Молочні продукти та яйця > Молочні продукти для дітей > Йогурти дитячі,0.8,Частичное соответствие молочных продуктов для детей,general
6156,Печиво і сухарі,,Товари для дітей > Дитяче харчування > Печиво і сухарі,811,Печиво і снеки дитячі,,Дитячі товари > Дитяче харчування > Печиво і снеки дитячі,1.0,Точное семантическое совпадение детского печенья,exact
6157,Сік для дітей,,Товари для дітей > Дитяче харчування > Сік для дітей,810,Соки і напої дитячі,,Дитячі товари > Дитяче харчування > Соки і напої дитячі,1.0,Точное семантическое совпадение детских соков,exact
6173,Іграшкова зброя,,Товари для дітей > Дитячі іграшки > Іграшкова зброя,832,Іграшки,,Дитячі товари > Іграшки та книги > Іграшки,0.7,"Общая категория іграшок, без точного подраздела",general
6175,Іграшкові конструктори,,Товари для дітей > Дитячі іграшки > Іграшкові конструктори,834,Конструктори,,Дитячі товари > Іграшки та книги > Конструктори,1.0,Точное семантическое совпадение дитячих конструкторів,exact
6170,Інші іграшки,,Товари для дітей > Дитячі іграшки > Інші іграшки,832,Іграшки,,Дитячі товари > Іграшки та книги > Іграшки,0.8,Общая категория іграшок,general
6171,Ляльки та фігурки,,Товари для дітей > Дитячі іграшки > Ляльки та фігурки,832,Іграшки,,Дитячі товари > Іграшки та книги > Іграшки,0.9,Високе семантичне відповідність категорії іграшок,semantic
6174,М'які іграшки,,Товари для дітей > Дитячі іграшки > М'які іграшки,833,М'які іграшки,,Дитячі товари > Іграшки та книги > М'які іграшки,1.0,Точное семантическое совпадение м'яких іграшок,exact
6172,"Машинки, літаки, поїзди",,"Товари для дітей > Дитячі іграшки > Машинки, літаки, поїзди",832,Іграшки,,Дитячі товари > Іграшки та книги > Іграшки,0.8,Найближча категорія для дитячих іграшок,general
6176,Треки,,Товари для дітей > Дитячі іграшки > Треки,832,Іграшки,,Дитячі товари > Іграшки та книги > Іграшки,0.7,Загальна категорія дитячих іграшок,general
6163,Дитячі серветки,,Товари для дітей > Догляд за дитиною > Дитячі серветки,823,Дитячі вологі серветки,,Дитячі товари > Дитячі вологі серветки,1.0,Точне співпадіння категорії дитячих вологих серветок,exact
6168,Зубна паста для дітей,,Товари для дітей > Догляд за дитиною > Зубна паста для дітей,745,Зубна паста та ополіскувачі,,"Госптовари, non-food > Гігієна та краса > Особиста гігієна та здоров'я > Зубна паста та ополіскувачі",0.6,"Часткове співпадіння, але не специфічно дитяча категорія",semantic
6167,Косметика та аксесуари для малечі,,Товари для дітей > Догляд за дитиною > Косметика та аксесуари для малечі,829,Аксесуари для догляду,,Дитячі товари > Дитяча косметика і догляд > Аксесуари для догляду,0.9,Майже точне співпадіння для дитячої косметики та аксесуарів,semantic
6166,Пелюшки,,Товари для дітей > Догляд за дитиною > Пелюшки,822,Пелюшки,,Дитячі товари > Підгузки і пелюшки > Пелюшки,1.0,Точне співпадіння категорії пелюшок,exact
6164,Підгузки,,Товари для дітей > Догляд за дитиною > Підгузки,821,Підгузки,,Дитячі товари > Підгузки і пелюшки > Підгузки,1.0,Точне співпадіння категорії підгузків,exact
6165,Товари дитячої гігієни,,Товари для дітей > Догляд за дитиною > Товари дитячої гігієни,829,Аксесуари для догляду,,Дитячі товари > Дитяча косметика і догляд > Аксесуари для догляду,0.7,Часткове співпадіння з дитячими аксесуарами для догляду,semantic
6178,Прокладки і вкладиші,,Товари для дітей > Товари для мам > Прокладки і вкладиші,748,"Прокладки, тампони, для інтимної гігієни",,"Госптовари, non-food > Гігієна та краса > Особиста гігієна та здоров'я > Прокладки, тампони, для інтимної гігієни",0.8,Співпадіння категорії прокладок,semantic
5883,Батарейки та ліхтарики,,Товари для дому > Батарейки та ліхтарики,643,"Батарейки, лампочки, ліхтарики",,"Госптовари, non-food > Для дому > Господарчі товари > Батарейки, лампочки, ліхтарики",1.0,Точне співпадіння категорії батарейок та ліхтариків,exact
5880,Дрібниці для ванної,,Товари для дому > Дрібниці для дому > Дрібниці для ванної,637,Аксесуари для ванни і туалету,,"Госптовари, non-food > Для дому > Господарчі товари > Аксесуари для ванни і туалету",0.9,Точне семантичне співпадіння - аксесуари та дрібниці для ванної кімнати,semantic
5881,Інші товари для дому,,Товари для дому > Дрібниці для дому > Інші товари для дому,639,Господарчі дрібниці,,"Госптовари, non-food > Для дому > Господарчі товари > Господарчі дрібниці",0.8,Найближча категорія для різних дрібних господарських товарів,general
5879,Сумки та пакети,,Товари для дому > Дрібниці для дому > Сумки та пакети,647,"Пакети, сумки, екоторбинки",,"Госптовари, non-food > Для дому > Господарчі товари > Пакети, сумки, екоторбинки",0.9,Точне семантичне співпадіння - сумки та пакети,semantic
5876,Вакуумні пакети та чохли для одягу,,Товари для дому > Зберігання та догляд за одягом > Вакуумні пакети та чохли для одягу,645,Догляд за одягом і взуттям,,"Госптовари, non-food > Для дому > Господарчі товари > Догляд за одягом і взуттям",0.7,Часткове семантичне співпадіння - догляд за одягом,general
5877,Догляд за одягом,,Товари для дому > Зберігання та догляд за одягом > Догляд за одягом,645,Догляд за одягом і взуттям,,"Госптовари, non-food > Для дому > Господарчі товари > Догляд за одягом і взуттям",0.9,Точне семантичне співпадіння - догляд за одягом,semantic
5884,Лампи і лампочки,,Товари для дому > Лампи і лампочки,643,"Батарейки, лампочки, ліхтарики",,"Госптовари, non-food > Для дому > Господарчі товари > Батарейки, лампочки, ліхтарики",0.9,Точное соответствие категории лампочек и света,exact
5857,Паперові рушники,,Товари для дому > Паперові вироби > Паперові рушники,652,Паперові рушники,,"Госптовари, non-food > Для дому > Паперові вироби > Паперові рушники",1.0,Полное точное совпадение пути и категории,exact
5858,Серветки в коробці,,Товари для дому > Паперові вироби > Серветки в коробці,753,Серветки в коробці,,"Госптовари, non-food > Гігієна та краса > Особиста гігієна та здоров'я > Серветки в коробці",0.7,"Частичное совпадение, но в другой категории",semantic
5859,Серветки столові,,Товари для дому > Паперові вироби > Серветки столові,651,Серветки столові,,"Госптовари, non-food > Для дому > Паперові вироби > Серветки столові",1.0,Полное точное совпадение пути и категории,exact
5860,Серветки та хусточки кишенькові,,Товари для дому > Паперові вироби > Серветки та хусточки кишенькові,752,Носові серветки,,"Госптовари, non-food > Гігієна та краса > Особиста гігієна та здоров'я > Носові серветки",0.8,Близкое семантическое соответствие носовым салфеткам,semantic
5854,Аксесуари для комп'ютерів,,Товари для дому > Побутова техніка > Аксесуари для комп'ютерів,691,Побутова техніка і електроніка,,"Госптовари, non-food > Для дому > Побутова техніка і електроніка",0.7,Общая категория побутової техніки та електроніки,general
5855,Дрібна побутова техніка,,Товари для дому > Побутова техніка > Дрібна побутова техніка,691,Побутова техніка і електроніка,,"Госптовари, non-food > Для дому > Побутова техніка і електроніка",0.8,Общая категория побутової техніки та електроніки,general
5853,"Подовжувачі, мережеві фільтри",,"Товари для дому > Побутова техніка > Подовжувачі, мережеві фільтри",691,Побутова техніка і електроніка,,"Госптовари, non-food > Для дому > Побутова техніка і електроніка",0.7,Общая категория побутової техніки та електроніки,general
5868,Відра та тази,,Товари для дому > Товари для прибирання > Відра та тази,641,Інвентар для прибирання,,"Госптовари, non-food > Для дому > Господарчі товари > Інвентар для прибирання",0.9,Точное соответствие категории товаров для прибирания,exact
5865,Губки господарчі,,Товари для дому > Товари для прибирання > Губки господарчі,640,"Губки, скребки, рукавички, ганчірки",,"Госптовари, non-food > Для дому > Господарчі товари > Губки, скребки, рукавички, ганчірки",0.9,Точное соответствие категории хозяйственных губок,exact
5870,Пакети для сміття,,Товари для дому > Товари для прибирання > Пакети для сміття,638,Пакети для сміття,,"Госптовари, non-food > Для дому > Господарчі товари > Пакети для сміття",1.0,Точное семантическое совпадение в категории пакетов для мусора,exact
5869,Рукавички для прибирання,,Товари для дому > Товари для прибирання > Рукавички для прибирання,640,"Губки, скребки, рукавички, ганчірки",,"Госптовари, non-food > Для дому > Господарчі товари > Губки, скребки, рукавички, ганчірки",0.9,Высокое семантическое соответствие в категории хозяйственных принадлежностей,semantic
5866,Серветки для прибирання,,Товари для дому > Товари для прибирання > Серветки для прибирання,640,"Губки, скребки, рукавички, ганчірки",,"Госптовари, non-food > Для дому > Господарчі товари > Губки, скребки, рукавички, ганчірки",0.8,Семантическое соответствие в категории хозяйственных принадлежностей,semantic
5862,"Швабри, запаски, ганчірки для підлоги",,"Товари для дому > Товари для прибирання > Швабри, запаски, ганчірки для підлоги",641,Інвентар для прибирання,,"Госптовари, non-food > Для дому > Господарчі товари > Інвентар для прибирання",0.9,Точное соответствие категории инвентаря для уборки,exact
5863,Шкребки господарчі,,Товари для дому > Товари для прибирання > Шкребки господарчі,640,"Губки, скребки, рукавички, ганчірки",,"Госптовари, non-food > Для дому > Господарчі товари > Губки, скребки, рукавички, ганчірки",0.9,Точное семантическое соответствие в категории хозяйственных принадлежностей,exact
5864,"Щітки для підлоги, віники, совки",,"Товари для дому > Товари для прибирання > Щітки для підлоги, віники, совки",641,Інвентар для прибирання,,"Госптовари, non-food > Для дому > Господарчі товари > Інвентар для прибирання",1.0,Точное семантическое соответствие в категории инвентаря для уборки,exact
5867,Щітки для прибирання,,Товари для дому > Товари для прибирання > Щітки для прибирання,640,"Губки, скребки, рукавички, ганчірки",,"Госптовари, non-food > Для дому > Господарчі товари > Губки, скребки, рукавички, ганчірки",0.9,Семантическое соответствие в категории хозяйственных принадлежностей,semantic
6402,Аксесуари для тварин,,Товари для тварин > Догляд за тваринами > Аксесуари для тварин,851,Аксесуари та іграшки для котів,,Для тварин > Для котів > Аксесуари та іграшки для котів,0.7,Частичное соответствие в категории аксессуаров для животных,general
6403,Іграшки для тварин,,Товари для тварин > Догляд за тваринами > Іграшки для тварин,851,Аксесуари та іграшки для котів,,Для тварин > Для котів > Аксесуари та іграшки для котів,0.7,Частичное соответствие в категории игрушек для животных,general
6389,Консерви для котів,,Товари для тварин > Корм для котів > Консерви для котів,849,Корм для котів,,Для тварин > Для котів > Корм для котів,1.0,Точное семантическое соответствие в категории корма для котов,exact
6390,Паштет для котів,,Товари для тварин > Корм для котів > Паштет для котів,849,Корм для котів,,Для тварин > Для котів > Корм для котів,0.9,Точне потрапляння в категорію корму для котів,exact
6388,Сухий корм для котів,,Товари для тварин > Корм для котів > Сухий корм для котів,849,Корм для котів,,Для тварин > Для котів > Корм для котів,0.9,Точне потрапляння в категорію корму для котів,exact
6395,Консерви для кошенят,,Товари для тварин > Корм для кошенят > Консерви для кошенят,849,Корм для котів,,Для тварин > Для котів > Корм для котів,0.8,"Часткове співпадіння - корм для котів, але специфіка кошенят не врахована",semantic
6396,Сухий корм для кошенят,,Товари для тварин > Корм для кошенят > Сухий корм для кошенят,849,Корм для котів,,Для тварин > Для котів > Корм для котів,0.8,"Часткове співпадіння - корм для котів, але специфіка кошенят не врахована",semantic
6392,Консерви для собак,,Товари для тварин > Корм для собак > Консерви для собак,853,Корм для собак,,Для тварин > Для собак > Корм для собак,0.9,Точне потрапляння в категорію корму для собак,exact
6393,Сухий корм для собак,,Товари для тварин > Корм для собак > Сухий корм для собак,853,Корм для собак,,Для тварин > Для собак > Корм для собак,0.9,Точне потрапляння в категорію корму для собак,exact
6399,Консерви для цуценят,,Товари для тварин > Корм для цуценят > Консерви для цуценят,853,Корм для собак,,Для тварин > Для собак > Корм для собак,0.8,"Часткове співпадіння - корм для собак, але специфіка цуценят не врахована",semantic
6398,Сухий корм для цуценят,,Товари для тварин > Корм для цуценят > Сухий корм для цуценят,853,Корм для собак,,Для тварин > Для собак > Корм для собак,0.8,"Часткове співпадіння - корм для собак, але специфіка цуценят не врахована",semantic
6400,Наповнювач туалетів для тварин,,Товари для тварин > Наповнювач туалетів для тварин,850,Наповнювачі і котячі туалети,,Для тварин > Для котів > Наповнювачі і котячі туалети,0.9,Точне потрапляння в категорію наповнювачів для туалетів,exact
5589,Арахіс,,Фрукти та овочі > Горіхи > Арахіс,81,Горіхи,,"Овочі та фрукти, зелень, гриби  > Горіхи і сухофрукти > Горіхи",0.9,Точне потрапляння в категорію горіхів,exact
5591,"Бразильский горіх, макадамія",,"Фрукти та овочі > Горіхи > Бразильский горіх, макадамія",81,Горіхи,,"Овочі та фрукти, зелень, гриби  > Горіхи і сухофрукти > Горіхи",0.9,Точне потрапляння в категорію горіхів,semantic
5588,Волоський горіх,,Фрукти та овочі > Горіхи > Волоський горіх,81,Горіхи,,"Овочі та фрукти, зелень, гриби  > Горіхи і сухофрукти > Горіхи",0.9,Точне потрапляння в категорію горіхів,semantic
5583,Горіхове асорті,,Фрукти та овочі > Горіхи > Горіхове асорті,84,Суміші горіхів і сухофруктів,,"Овочі та фрукти, зелень, гриби  > Горіхи і сухофрукти > Суміші горіхів і сухофруктів",1.0,Точне співпадіння для асорті горіхів,exact
5590,Кедровий горіх,,Фрукти та овочі > Горіхи > Кедровий горіх,81,Горіхи,,"Овочі та фрукти, зелень, гриби  > Горіхи і сухофрукти > Горіхи",0.9,Точне потрапляння в категорію горіхів,semantic
5585,Кеш'ю,,Фрукти та овочі > Горіхи > Кеш'ю,81,Горіхи,,"Овочі та фрукти, зелень, гриби  > Горіхи і сухофрукти > Горіхи",0.9,Точне потрапляння в категорію горіхів,semantic
5584,Мигдаль,,Фрукти та овочі > Горіхи > Мигдаль,81,Горіхи,,"Овочі та фрукти, зелень, гриби  > Горіхи і сухофрукти > Горіхи",0.9,Точне потрапляння в категорію горіхів,semantic
5587,Фісташки,,Фрукти та овочі > Горіхи > Фісташки,81,Горіхи,,"Овочі та фрукти, зелень, гриби  > Горіхи і сухофрукти > Горіхи",0.9,Точне потрапляння в категорію горіхів,semantic
5586,Фундук,,Фрукти та овочі > Горіхи > Фундук,81,Горіхи,,"Овочі та фрукти, зелень, гриби  > Горіхи і сухофрукти > Горіхи",0.9,Точне потрапляння в категорію горіхів,semantic
5592,Гриби,,Фрукти та овочі > Гриби,73,Гливи,,"Овочі та фрукти, зелень, гриби  > Гриби > Гливи",0.8,"Загальна категорія грибів, часткове співпадіння",general
5579,Зелень,,Фрукти та овочі > Зелень,58,Базилік,,"Овочі та фрукти, зелень, гриби  > Зелень і салати > Базилік",0.9,Точне потрапляння в категорію зелені,semantic
5594,Насіння,,Фрукти та овочі > Насіння,82,Насіння і зернята,,"Овочі та фрукти, зелень, гриби  > Горіхи і сухофрукти > Насіння і зернята",0.9,Точне семантичне співпадіння категорії насіння,semantic
5569,Овочі,,Фрукти та овочі > Овочі,33,Авокадо,,"Овочі та фрукти, зелень, гриби  > Овочі > Авокадо",1.0,Точне співпадіння категорії овочів,exact
5593,Салати і соління,,Фрукти та овочі > Салати і соління,85,Соління,,"Овочі та фрукти, зелень, гриби  > Соління",0.8,Часткове семантичне співпадіння,semantic
5580,Сухофрукти,,Фрукти та овочі > Сухофрукти,83,Сухофрукти і цукати,,"Овочі та фрукти, зелень, гриби  > Горіхи і сухофрукти > Сухофрукти і цукати",0.9,Точне семантичне співпадіння категорії сухофруктів,semantic
5573,"Банани, ананаси, ківі, гранат",,"Фрукти та овочі > Фрукти > Банани, ананаси, ківі, гранат",17,Банани,,"Овочі та фрукти, зелень, гриби  > Фрукти > Банани",0.7,"Часткове співпадіння, але не всі фрукти враховані",general
5575,Виноград,,Фрукти та овочі > Фрукти > Виноград,21,Виноград,,"Овочі та фрукти, зелень, гриби  > Фрукти > Виноград",1.0,Точне співпадіння категорії винограду,exact
5571,"Груши, яблука, айва, хурма",,"Фрукти та овочі > Фрукти > Груши, яблука, айва, хурма",20,Яблука,,"Овочі та фрукти, зелень, гриби  > Фрукти > Яблука",0.6,"Часткове співпадіння, не всі фрукти враховані",general
5576,Екзотичні фрукти,,Фрукти та овочі > Фрукти > Екзотичні фрукти,30,Тропічні фрукти,,"Овочі та фрукти, зелень, гриби  > Фрукти > Тропічні фрукти",0.8,Семантичне співпадіння екзотичних/тропічних фруктів,semantic
5577,"Кавуни, дині",,"Фрукти та овочі > Фрукти > Кавуни, дині",29,Кавуни і дині,,"Овочі та фрукти, зелень, гриби  > Фрукти > Кавуни і дині",1.0,Точне співпадіння категорії кавунів і динь,exact
5574,"Персики, сливи, абрикоси, нектарини, манго, авокадо, алича",,"Фрукти та овочі > Фрукти > Персики, сливи, абрикоси, нектарини, манго, авокадо, алича",27,"Персики, абрикоси, сливи",,"Овочі та фрукти, зелень, гриби  > Фрукти > Персики, абрикоси, сливи",0.7,"Часткове співпадіння, не всі фрукти враховані",general
5578,Фруктові пюре,,Фрукти та овочі > Фрукти > Фруктові пюре,78,Смузі і фреші,,"Овочі та фрукти, зелень, гриби  > Смузі і фреші",0.7,Найближча категорія для фруктових пюре - смузі,semantic
5572,Цитрусові,,Фрукти та овочі > Фрукти > Цитрусові,18,Цитрусові,,"Овочі та фрукти, зелень, гриби  > Фрукти > Цитрусові",1.0,Точне співпадіння категорії,exact
5581,Ягоди,,Фрукти та овочі > Ягоди,31,Ягоди,,"Овочі та фрукти, зелень, гриби  > Ягоди",1.0,Точне співпадіння категорії,exact
5943,Ароматизатори для автомобіля,,Хобі та відпочинок > Автотовари > Ароматизатори для автомобіля,648,Для автомобілів,,"Госптовари, non-food > Для дому > Господарчі товари > Для автомобілів",0.6,Часткове співпадіння в категорії для автомобілів,general
5942,Засоби для догляду за салоном,,Хобі та відпочинок > Автотовари > Засоби для догляду за салоном,648,Для автомобілів,,"Госптовари, non-food > Для дому > Господарчі товари > Для автомобілів",0.6,Часткове співпадіння в категорії для автомобілів,general
5944,Інші автотовари,,Хобі та відпочинок > Автотовари > Інші автотовари,648,Для автомобілів,,"Госптовари, non-food > Для дому > Господарчі товари > Для автомобілів",0.5,Найзагальніша категорія для автотоварів,general
5945,"Моторна олива, мастило",,"Хобі та відпочинок > Автотовари > Моторна олива, мастило",648,Для автомобілів,,"Госптовари, non-food > Для дому > Господарчі товари > Для автомобілів",0.6,Часткове співпадіння в категорії для автомобілів,general
5941,"Омивач скла, антифриз, вода дистильована",,"Хобі та відпочинок > Автотовари > Омивач скла, антифриз, вода дистильована",648,Для автомобілів,,"Госптовари, non-food > Для дому > Господарчі товари > Для автомобілів",0.6,Часткове співпадіння в категорії для автомобілів,general
5947,Щітки склоочисника,,Хобі та відпочинок > Автотовари > Щітки склоочисника,648,Для автомобілів,,"Госптовари, non-food > Для дому > Господарчі товари > Для автомобілів",0.6,Часткове співпадіння в категорії для автомобілів,general
5924,Газонна трава,,"Хобі та відпочинок > Дача, сад, город > Газонна трава",624,Насіння і саджанці,,"Госптовари, non-food > Квіти, товари для саду та городу > Насіння і саджанці",0.7,Часткове семантичне співпадіння в категорії садових товарів,semantic
5926,Горщики та кашпо для квітів,,"Хобі та відпочинок > Дача, сад, город > Горщики та кашпо для квітів",622,Горщики для квітів і аксесуари,,"Госптовари, non-food > Квіти, товари для саду та городу > Горщики для квітів і аксесуари",1.0,Точне семантичне співпадіння,exact
5919,Ґрунтові суміші та субстрати,,"Хобі та відпочинок > Дача, сад, город > Ґрунтові суміші та субстрати",618,"Ґрунти, добрива",,"Госптовари, non-food > Квіти, товари для саду та городу > Ґрунти, добрива",0.9,Майже точне семантичне співпадіння,semantic
5925,Інвентар для поливу,,"Хобі та відпочинок > Дача, сад, город > Інвентар для поливу",620,Товари для саду та городу,,"Госптовари, non-food > Квіти, товари для саду та городу > Товари для саду та городу",0.8,Часткове семантичне співпадіння в категорії садових товарів,semantic
5921,Насіння зелені,,"Хобі та відпочинок > Дача, сад, город > Насіння зелені",624,Насіння і саджанці,,"Госптовари, non-food > Квіти, товари для саду та городу > Насіння і саджанці",0.9,Точне семантичне співпадіння в категорії насіння,semantic
5922,Насіння овочів,,"Хобі та відпочинок > Дача, сад, город > Насіння овочів",624,Насіння і саджанці,,"Госптовари, non-food > Квіти, товари для саду та городу > Насіння і саджанці",0.9,Точне семантичне співпадіння в категорії насіння,semantic
5920,Насіння та цибулини квітів,,"Хобі та відпочинок > Дача, сад, город > Насіння та цибулини квітів",624,Насіння і саджанці,,"Госптовари, non-food > Квіти, товари для саду та городу > Насіння і саджанці",0.9,Точне семантичне співпадіння в категорії насіння,semantic
5923,Насіння ягід та баштанних,,"Хобі та відпочинок > Дача, сад, город > Насіння ягід та баштанних",624,Насіння і саджанці,,"Госптовари, non-food > Квіти, товари для саду та городу > Насіння і саджанці",0.9,Точне семантичне співпадіння в категорії насіння,semantic
5935,Аксесуари для гриля та барбекю,,Хобі та відпочинок > Товари для барбекю > Аксесуари для гриля та барбекю,704,"Вугілля, дрова, розпалювачі",,"Госптовари, non-food > Для дому > Пікнік і відпочинок > Вугілля, дрова, розпалювачі",0.7,"Часткове семантичне співпадіння, але не точна категорія",semantic
5930,Вугілля,,Хобі та відпочинок > Товари для барбекю > Вугілля,704,"Вугілля, дрова, розпалювачі",,"Госптовари, non-food > Для дому > Пікнік і відпочинок > Вугілля, дрова, розпалювачі",0.9,Точне семантичне співпадіння,semantic
5931,"Грилі, мангали",,"Хобі та відпочинок > Товари для барбекю > Грилі, мангали",703,Мангали і решітки для гриля,,"Госптовари, non-food > Для дому > Пікнік і відпочинок > Мангали і решітки для гриля",1.0,Точне семантичне співпадіння,exact
5933,"Дрова, брикети",,"Хобі та відпочинок > Товари для барбекю > Дрова, брикети",704,"Вугілля, дрова, розпалювачі",,"Госптовари, non-food > Для дому > Пікнік і відпочинок > Вугілля, дрова, розпалювачі",0.9,Точне семантичне співпадіння,semantic
5934,Засоби для розпалювання,,Хобі та відпочинок > Товари для барбекю > Засоби для розпалювання,704,"Вугілля, дрова, розпалювачі",,"Госптовари, non-food > Для дому > Пікнік і відпочинок > Вугілля, дрова, розпалювачі",0.9,Точне семантичне співпадіння,semantic
5936,Інші товари для барбекю,,Хобі та відпочинок > Товари для барбекю > Інші товари для барбекю,704,"Вугілля, дрова, розпалювачі",,"Госптовари, non-food > Для дому > Пікнік і відпочинок > Вугілля, дрова, розпалювачі",0.6,Часткове семантичне співпадіння,general
5932,"Шампури, решітки",,"Хобі та відпочинок > Товари для барбекю > Шампури, решітки",703,Мангали і решітки для гриля,,"Госптовари, non-food > Для дому > Пікнік і відпочинок > Мангали і решітки для гриля",0.9,Точне семантичне співпадіння,semantic
5951,Інші аксесуари для свята,,Хобі та відпочинок > Товари для свята > Інші аксесуари для свята,674,Для днів народжень і вечірок,,"Госптовари, non-food > Для дому > Товари для свят > Для днів народжень і вечірок",0.8,Семантичне співпадіння з товарами для свят,semantic
5950,Повітряні кульки,,Хобі та відпочинок > Товари для свята > Повітряні кульки,674,Для днів народжень і вечірок,,"Госптовари, non-food > Для дому > Товари для свят > Для днів народжень і вечірок",0.8,Семантичне співпадіння з товарами для свят,semantic
5949,Подарункова упаковка,,Хобі та відпочинок > Товари для свята > Подарункова упаковка,675,"Подарункова упаковка, листівки",,"Госптовари, non-food > Для дому > Товари для свят > Подарункова упаковка, листівки",0.9,Точне семантичне співпадіння категорії подарункової упаковки,semantic
5938,Все для активного відпочинку,,Хобі та відпочинок > Товари для туризму і відпочинку > Все для активного відпочинку,705,Для туризму і спорту,,"Госптовари, non-food > Для дому > Пікнік і відпочинок > Для туризму і спорту",0.85,Близьке семантичне співпадіння для товарів активного відпочинку,semantic
6148,Інші снеки,,Чипси та снеки > Інші снеки,491,Корисні перекуси,,Бакалія і консерви > Снеки та чипси > Корисні перекуси,0.7,Часткове семантичне співпадіння для інших снеків,semantic
6147,Кукурудзяні снеки,,Чипси та снеки > Кукурудзяні снеки,486,Кукурудзяні палички,,Бакалія і консерви > Снеки та чипси > Кукурудзяні палички і попкорн > Кукурудзяні палички,0.9,Точне семантичне співпадіння для кукурудзяних снеків,semantic
6145,М'ясні снеки,,Чипси та снеки > М'ясні снеки,479,М'ясні чипси і снеки,,Бакалія і консерви > Снеки та чипси > М'ясні чипси і снеки,1.0,Точне семантичне співпадіння для м'ясних снеків,exact
6152,Попкорн,,Чипси та снеки > Попкорн,487,Попкорн,,Бакалія і консерви > Снеки та чипси > Кукурудзяні палички і попкорн > Попкорн,1.0,Точне семантичне співпадіння для попкорну,exact
6146,Рибні снеки,,Чипси та снеки > Рибні снеки,478,Рибні снеки,,Бакалія і консерви > Снеки та чипси > Рибні снеки,1.0,Точне семантичне співпадіння для рибних снеків,exact
6144,Солоні горішки,,Чипси та снеки > Солоні горішки,481,Солоні горішки,,Бакалія і консерви > Снеки та чипси > Солоні горішки,1.0,Точне семантичне співпадіння для солоних горішків,exact
6151,Насіння гарбузове,,Чипси та снеки > Соняшникове та гарбузове насіння > Насіння гарбузове,484,Гарбузове насіння,,Бакалія і консерви > Снеки та чипси > Насіння смажене > Гарбузове насіння,1.0,Точне семантичне співпадіння для гарбузового насіння,exact
6150,Насіння соняшника,,Чипси та снеки > Соняшникове та гарбузове насіння > Насіння соняшника,484,Гарбузове насіння,,Бакалія і консерви > Снеки та чипси > Насіння смажене > Гарбузове насіння,0.95,Точне семантичне співпадіння категорії соняшникового насіння,exact
6143,Сухарики і грінки,,Чипси та снеки > Сухарики і грінки,473,Сухарики і грінки,,"Бакалія і консерви > Снеки та чипси > Грінки, сухарики, хлібці > Сухарики і грінки",1.0,Повне точне співпадіння категорії,exact
6142,Чипси,,Чипси та снеки > Чипси,470,Картопляні чипси,,Бакалія і консерви > Снеки та чипси > Чипси > Картопляні чипси,0.9,Семантичне співпадіння категорії чипсів,semantic
5565,Безлактозна продукція,,Яйця та молочні продукти > Безлактозна продукція,275,Безлактозна молочна продукція,,Молочні продукти та яйця > Безлактозна молочна продукція,0.95,Точне семантичне співпадіння безлактозної продукції,exact
5567,Безмолочна продукція,,Яйця та молочні продукти > Безмолочна продукція,276,Безмолочна продукція,,Молочні продукти та яйця > Безмолочна продукція,1.0,Повне точне співпадіння категорії,exact
5560,Пастеризовані вершки,,Яйця та молочні продукти > Вершки > Пастеризовані вершки,248,Вершки,,"Молочні продукти та яйця > Молоко, вершки > Вершки",0.8,Часткове семантичне співпадіння категорії вершків,semantic
5563,"Десерти, пудинги, коктейлі",,"Яйця та молочні продукти > Десерти, пудинги, коктейлі",265,Молочні і сиркові десерти,,"Молочні продукти та яйця > Йогурти, десерти > Молочні і сиркові десерти",0.85,Семантичне співпадіння категорії десертів,semantic
5566,Згущене молоко,,Яйця та молочні продукти > Згущене молоко,268,Згущене молоко,,Молочні продукти та яйця > Згущене молоко,1.0,Повне точне співпадіння категорії,exact
5537,Йогурт,,Яйця та молочні продукти > Йогурт,264,Йогурти,,"Молочні продукти та яйця > Йогурти, десерти > Йогурти",1.0,Точное совпадение категории йогуртов,exact
5557,"Айран, тан",,"Яйця та молочні продукти > Кисломолочні напої > Айран, тан",255,"Кефір, ряжанка, айран",,"Молочні продукти та яйця > Кисломолочні напої > Кефір, ряжанка, айран",0.9,"Почти точное совпадение, айран включен в категорию кисломолочных напоев",semantic
5558,Закваска,,Яйця та молочні продукти > Кисломолочні напої > Закваска,257,Закваска,,Молочні продукти та яйця > Кисломолочні напої > Закваска,1.0,Точное совпадение категории закваски,exact
5555,Інші кисломолочні напої,,Яйця та молочні продукти > Кисломолочні напої > Інші кисломолочні напої,256,Напої на сироватці,,Молочні продукти та яйця > Кисломолочні напої > Напої на сироватці,0.7,Частичное совпадение с категорией кисломолочных напоев,general
5554,Кефір,,Яйця та молочні продукти > Кисломолочні напої > Кефір,255,"Кефір, ряжанка, айран",,"Молочні продукти та яйця > Кисломолочні напої > Кефір, ряжанка, айран",1.0,Точное совпадение категории кефира,exact
5556,Ряжанка,,Яйця та молочні продукти > Кисломолочні напої > Ряжанка,255,"Кефір, ряжанка, айран",,"Молочні продукти та яйця > Кисломолочні напої > Кефір, ряжанка, айран",1.0,Точное совпадение категории ряженки,exact
5550,Маргарин,,Яйця та молочні продукти > Масло і маргарин > Маргарин,252,Маргарин,,"Молочні продукти та яйця > Масло, маргарин, спред > Маргарин",1.0,Точное совпадение категории маргарина,exact
5549,Масло вершкове,,Яйця та молочні продукти > Масло і маргарин > Масло вершкове,251,Масло,,"Молочні продукти та яйця > Масло, маргарин, спред > Масло",1.0,Точное совпадение категории сливочного масла,exact
5551,Спред,,Яйця та молочні продукти > Масло і маргарин > Спред,253,Спред,,"Молочні продукти та яйця > Масло, маргарин, спред > Спред",1.0,Точное совпадение категории спреда,exact
5533,Безлактозне молоко,,Яйця та молочні продукти > Молоко > Безлактозне молоко,275,Безлактозна молочна продукція,,Молочні продукти та яйця > Безлактозна молочна продукція,1.0,Точное соответствие категории безлактозного молока,exact
5531,Пастеризоване молоко,,Яйця та молочні продукти > Молоко > Пастеризоване молоко,247,Молоко,,"Молочні продукти та яйця > Молоко, вершки > Молоко",0.9,Семантически близкая категория молока,semantic
5534,Стерилізоване молоко,,Яйця та молочні продукти > Молоко > Стерилізоване молоко,247,Молоко,,"Молочні продукти та яйця > Молоко, вершки > Молоко",0.8,"Общая категория молока, включающая различные типы обработки",general
5536,Сухе молоко,,Яйця та молочні продукти > Молоко > Сухе молоко,249,Молоко сухе,,"Молочні продукти та яйця > Молоко, вершки > Молоко сухе",1.0,Точное соответствие категории сухого молока,exact
5530,Ультрапастеризоване молоко,,Яйця та молочні продукти > Молоко > Ультрапастеризоване молоко,247,Молоко,,"Молочні продукти та яйця > Молоко, вершки > Молоко",0.8,"Общая категория молока, включающая различные типы пастеризации",general
5526,Крем-сир,,Яйця та молочні продукти > Сир > Крем-сир,170,Крем-сири,,Молочні продукти та яйця > Сири > Крем-сири,1.0,Точное соответствие категории крем-сыра,exact
5523,М'який сир,,Яйця та молочні продукти > Сир > М'який сир,170,Крем-сири,,Молочні продукти та яйця > Сири > Крем-сири,0.7,"Частково збігається категорія м'яких сирів, але не повністю",semantic
5522,Напівтвердий сир,,Яйця та молочні продукти > Сир > Напівтвердий сир,167,"Напівтверді (тенеро, вершковий, інші)",,"Молочні продукти та яйця > Сири > Тверді і напівтверді сири > Напівтверді (тенеро, вершковий, інші)",1.0,Точне семантичне співпадіння категорії напівтвердих сирів,exact
5524,Плавлений сир,,Яйця та молочні продукти > Сир > Плавлений сир,171,Сири плавлені,,Молочні продукти та яйця > Сири > Сири плавлені,1.0,Точне семантичне співпадіння категорії плавлених сирів,exact
5525,Розсольний сир,,Яйця та молочні продукти > Сир > Розсольний сир,163,"Сири розсільні (фета, моцарела, інші)",,"Молочні продукти та яйця > Сири > Сири розсільні (фета, моцарела, інші)",1.0,Точне семантичне співпадіння категорії розсільних сирів,exact
5521,Твердий сир,,Яйця та молочні продукти > Сир > Твердий сир,165,"Витримані (пармезан, гауда, чеддер, інші)",,"Молочні продукти та яйця > Сири > Тверді і напівтверді сири > Витримані (пармезан, гауда, чеддер, інші)",0.9,Майже повне семантичне співпадіння категорії твердих сирів,semantic
5542,Cир кисломолочний з добавками,,Яйця та молочні продукти > Сир кисломолочний > Cир кисломолочний з добавками,259,Сир кисломолочний,,"Молочні продукти та яйця > Сир кисломолочний, сирок > Сир кисломолочний",0.8,Часткове семантичне співпадіння категорії кисломолочного сиру,semantic
5539,Сир кисломолочний без добавок,,Яйця та молочні продукти > Сир кисломолочний > Сир кисломолочний без добавок,259,Сир кисломолочний,,"Молочні продукти та яйця > Сир кисломолочний, сирок > Сир кисломолочний",1.0,Точне семантичне співпадіння категорії кисломолочного сиру,exact
5541,Сирки глазуровані,,Яйця та молочні продукти > Сир кисломолочний > Сирки глазуровані,267,Глазуровані сирки,,Молочні продукти та яйця > Глазуровані сирки,1.0,Точне семантичне співпадіння категорії глазурованих сирків,exact
5540,Сиркові десерти,,Яйця та молочні продукти > Сир кисломолочний > Сиркові десерти,265,Молочні і сиркові десерти,,"Молочні продукти та яйця > Йогурти, десерти > Молочні і сиркові десерти",1.0,Точне семантичне співпадіння категорії сиркових десертів,exact
5547,Сметана,,Яйця та молочні продукти > Сметана,261,Сметана,,Молочні продукти та яйця > Сметана,1.0,Точне семантичне співпадіння категорії сметани,exact
5564,Тофу,,Яйця та молочні продукти > Тофу,315,Соя і соєві продукти,,Бакалія і консерви > Крупи > Соя і соєві продукти,0.9,"Тофу - соєвий продукт, найближча категорія в новій структурі",semantic
5544,Курячі яйця,,Яйця та молочні продукти > Яйця > Курячі яйця,243,Курячі яйця,,Молочні продукти та яйця > Яйця > Курячі яйця,1.0,Точне співпадіння категорії курячих яєць,exact
5545,Перепелині яйця,,Яйця та молочні продукти > Яйця > Перепелині яйця,244,Перепелині яйця,,Молочні продукти та яйця > Яйця > Перепелині яйця,1.0,Точне співпадіння категорії перепелиних яєць,exact
5625,Барвники харчові,,Бакалія > Для випічки та десертів > Барвники харчові,Не знайдено,Не найдено,,Не найдено,0.5,Немає точної відповідної категорії в новій структурі,unmatched
5627,Ванілін,,Бакалія > Для випічки та десертів > Ванілін,Не знайдено,Не найдено,,Не найдено,0.5,Немає точної відповідної категорії в новій структурі,unmatched
5615,Ванільний цукор,,Бакалія > Для випічки та десертів > Ванільний цукор,Не знайдено,Не найдено,,Не найдено,0.5,Немає точної відповідної категорії в новій структурі,unmatched
5624,Сублімовані фрукти та снеки,,Бакалія > Для випічки та десертів > Сублімовані фрукти та снеки,Не найдено,Не найдено,,Не найдено,0.3,Немає точної відповідної категорії в новій структурі,unmatched
5663,Азійські десерти,,Бакалія > Смаки Азії > Азійські десерти,Не найдено,Не найдено,,Не найдено,0.0,Нет точной категории для азиатских десертов в новой структуре,unmatched
5669,Кокосове молоко та вершки,,Бакалія > Смаки Азії > Кокосове молоко та вершки,Не найдено,Не найдено,,Не найдено,0.0,Нет точной категории для кокосового молока и вершков,unmatched
5518,Безалкогольні напої,,Здорове харчування та спосіб життя > Безалкогольні напої,Не найдено,Не найдено,,Не найдено,0.5,Нет точной категории для безалкогольных напоев в новой структуре,unmatched
6384,"Піротехніка, феєрверки, хлопавки",,"Інтер'єр та текстиль > Новорічна продукція > Піротехніка, феєрверки, хлопавки",Не знайдено,Не найдено,,Не найдено,0.2,Немає відповідної категорії у новій структурі,unmatched
6381,Штучні ялинки,,Інтер'єр та текстиль > Новорічна продукція > Штучні ялинки,Не знайдено,Не найдено,,Не найдено,0.2,Немає відповідної категорії у новій структурі,unmatched
6078,Консервовані гарніри,,Консерви > Консервовані гарніри,Не знайдено,Не найдено,,Не найдено,0.3,Немає точної відповідної категорії в новій структурі,unmatched
6318,Одноразові трубочки,,Кухня > Одноразовий посуд > Одноразові трубочки,Не найдено,Не найдено,,Не найдено,0.4,Немає точної категорії для одноразових трубочок,unmatched
6282,Кришки для посуду,,Кухня > Посуд для приготування > Кришки для посуду,Не найдено,Не найдено,,Не найдено,0.5,Нет точной категории для крышек посуды,unmatched
6308,Товари для консервування,,Кухня > Товари для консервування,Не найдено,Не найдено,,Не найдено,0.0,Немає точної відповідної категорії,unmatched
5510,Новорічні подарунки для дорослих,,Новий рік > Новорічні подарунки для дорослих,Не найдено,Не найдено,,Не найдено,0.3,Нет точной категории для подарков для взрослых,unmatched
6113,Засоби для побутової техніки,,Побутова хімія > Засоби для побутової техніки,Не знайдено,Не найдено,,Не найдено,0.5,Немає точної відповідної категорії в новій структурі,unmatched
6097,Господарське мило,,Побутова хімія > Засоби для прання > Господарське мило,Не знайдено,Не найдено,,Не найдено,0.5,Немає точної відповідної категорії в новій структурі,unmatched
5768,Інші солодощі,,Солодощі > Інші солодощі,Не знайдено,Не найдено,,Не найдено,0.0,Занадто загальна категорія,unmatched
5882,Попільнички,,Товари для дому > Дрібниці для дому > Попільнички,Не знайдено,Не найдено,,Не найдено,0.3,Немає точної категорії для попільничок у новій структурі,unmatched
5873,"Вішаки, плечики",,"Товари для дому > Зберігання та догляд за одягом > Вішаки, плечики",Не знайдено,Не найдено,,Не найдено,0.4,Немає точної категорії для вішаків та плечиків,unmatched
5874,"Кошики, коробки, органайзери",,"Товари для дому > Зберігання та догляд за одягом > Кошики, коробки, органайзери",Не знайдено,Не найдено,,Не найдено,0.5,"Немає точної категорії для кошиків, коробок та органайзерів",unmatched
5872,Прасувальні дошки та аксесуари,,Товари для дому > Зберігання та догляд за одягом > Прасувальні дошки та аксесуари,Не знайдено,Не найдено,,Не найдено,0.4,Немає точної категорії для прасувальних дошок,unmatched
5875,Сушарки для одягу,,Товари для дому > Зберігання та догляд за одягом > Сушарки для одягу,Не знайдено,Не найдено,,Не найдено,0.4,Немає точної категорії для сушарок для одягу,unmatched
5946,Аптечка автомобільна,,Хобі та відпочинок > Автотовари > Аптечка автомобільна,Не знайдено,Не найдено,,Не найдено,0.0,Немає відповідної категорії в новій структурі,unmatched
5927,Засоби для вигрібних ям та септиків,,"Хобі та відпочинок > Дача, сад, город > Засоби для вигрібних ям та септиків",Не знайдено,Не найдено,,Не найдено,0.0,Немає відповідної категорії в новій структурі,unmatched
5928,Садові меблі,,"Хобі та відпочинок > Дача, сад, город > Садові меблі",Не знайдено,Не найдено,,Не найдено,0.0,Немає відповідної категорії садових меблів,unmatched
5952,Товари для ремонту,,Хобі та відпочинок > Товари для ремонту,Не найдено,Не найдено,,Не найдено,0.0,Немає відповідної категорії в новій структурі,unmatched
5939,"Термосумки, акумулятори холоду",,"Хобі та відпочинок > Товари для туризму і відпочинку > Термосумки, акумулятори холоду",Не найдено,Не найдено,,Не найдено,0.5,Немає точної категорії для термосумок,unmatched
5562,Збиті вершки,,Яйця та молочні продукти > Вершки > Збиті вершки,Не знайдено,Не найдено,,Не найдено,0.5,Немає точної підкатегорії для збитих вершків,unmatched
5561,Порційні вершки,,Яйця та молочні продукти > Вершки > Порційні вершки,Не знайдено,Не найдено,,Не найдено,0.4,Немає специфічної підкатегорії для порційних вершків,unmatched
5552,Масло ГХІ,,Яйця та молочні продукти > Масло і маргарин > Масло ГХІ,Не найдено,Не найдено,,Не найдено,0.3,"Специфический тип масла, нет точного соответствия в новой структуре",unmatched
5535,Пряжене молоко,,Яйця та молочні продукти > Молоко > Пряжене молоко,Не найдено,Не найдено,,Не найдено,0.3,Специфический тип молока не имеет точного соответствия,unmatched
5532,Рослинне молоко,,Яйця та молочні продукти > Молоко > Рослинне молоко,Не найдено,Не найдено,,Не найдено,0.4,Рослинне молоко не представлено в основной структуре молочных продуктов,unmatched
5528,Закуски бутербродні,,Яйця та молочні продукти > Сир > Закуски бутербродні,Не найдено,Не найдено,,Не найдено,0.3,Специфическая категория закусок не имеет точного соответствия,unmatched
5527,Копчений сир,,Яйця та молочні продукти > Сир > Копчений сир,Не найдено,Не найдено,,Не найдено,0.5,Специфический тип сыра не имеет точного соответствия в общих категориях сыров,unmatched
5546,Яєчна суміш,,Яйця та молочні продукти > Яйця > Яєчна суміш,Не найдено,Не найдено,,Не найдено,0.3,Немає точної категорії для яєчної суміші в новій структурі,unmatched
