input_id,input_name,input_path,input_full_path,match_id,match_name,match_path,match_full_path,confidence,reasoning,method
1803,Акумулятори,,акумулятори - перетворювачі - зарядні пристрої - буст > Акумулятори,9021,Акумулятори,,Електроніка та комунікації > Акумулятори та живлення > Акумулятори,0.95,Точное совпадение по типу и семантике электронных компонентов,exact
1680,Аксесуари кузова,,"Елементи кузова і шасі | Багажники, бампери, захисні кришки > Аксесуари кузова",4024,Бампери,,Позашляхові аксесуари та обладнання > Захист днища та кузова > Бампери,0.8,Семантическое сходство с аксессуарами кузова и защитой,semantic
1697,Аксесуари пакування,,"Елементи кузова і шасі | Багажники, бампери, захисні кришки > Аксесуари пакування",4034,Органайзери,,Позашляхові аксесуари та обладнання > Багажні системи > Органайзери,0.85,Близкое семантическое значение с системами упаковки и организации,semantic
1683,Даховий багаж і обладнання,,"Елементи кузова і шасі | Багажники, бампери, захисні кришки > Даховий багаж і обладнання",4031,Дахові багажники,,Позашляхові аксесуари та обладнання > Багажні системи > Дахові багажники,0.95,Точное совпадение по типу багажных систем,exact
1699,Кріплення для вантажівки,,"Елементи кузова і шасі | Багажники, бампери, захисні кришки > Кріплення для вантажівки",4033,Кріплення для каністр,,Позашляхові аксесуари та обладнання > Багажні системи > Кріплення для каністр,0.75,Семантическое сходство с креплениями и багажными системами,semantic
1694,Бичачі дуги,,"Елементи кузова і шасі | Багажники, бампери, захисні кришки > Бичачі дуги",2011,Бампери та дуги,,Мотоциклетні аксесуари та частини > Кузов та захист > Бампери та дуги,0.9,Точное совпадение по типу защитных дуг,exact
1685,Двері і дзеркала,,"Елементи кузова і шасі | Багажники, бампери, захисні кришки > Двері і дзеркала",2022,Дзеркала,,Мотоциклетні аксесуари та частини > Аксесуари > Дзеркала,0.7,"Частичное совпадение по зеркалам, но без категории для дверей",general
1702,Емблеми - автомобільні значки,,"Елементи кузова і шасі | Багажники, бампери, захисні кришки > Емблеми - автомобільні значки",2023,Наклейки та емблеми,,Мотоциклетні аксесуари та частини > Аксесуари > Наклейки та емблеми,0.7,Часткове семантичне співпадіння за типом аксесуарів,semantic
1688,Кріплення запасного колеса,,"Елементи кузова і шасі | Багажники, бампери, захисні кришки > Кріплення запасного колеса",4033,Кріплення для каністр,,Позашляхові аксесуари та обладнання > Багажні системи > Кріплення для каністр,0.6,Часткове семантичне співпадіння за типом кріплення,semantic
1691,Захисні кожухи 4x4,,"Елементи кузова і шасі | Багажники, бампери, захисні кришки > Захисні кожухи 4x4",4024,Бампери,,Позашляхові аксесуари та обладнання > Захист днища та кузова > Бампери,0.7,Семантичне співпадіння за захистом позашляхового транспорту,semantic
1700,Захисти диференціала - мостів,,"Елементи кузова і шасі | Багажники, бампери, захисні кришки > Захисти диференціала - мостів",4022,Захист диференціала,,Позашляхові аксесуари та обладнання > Захист днища та кузова > Захист диференціала,0.9,Точне семантичне співпадіння за захистом диференціала,exact
1682,Монтажні пластини лебідки,,"Елементи кузова і шасі | Багажники, бампери, захисні кришки > Монтажні пластини лебідки",4014,Шакли та блоки,,Позашляхові аксесуари та обладнання > Лебідки та рятувальне обладнання > Шакли та блоки,0.7,Часткове семантичне співпадіння за обладнанням для позашляхової техніки,semantic
1687,Розширення і диски,,"Елементи кузова і шасі | Багажники, бампери, захисні кришки > Розширення і диски",4024,Бампери,,Позашляхові аксесуари та обладнання > Захист днища та кузова > Бампери,0.7,Часткове семантичне співпадіння по захисту кузова,semantic
1681,Пороги і сходинки,,"Елементи кузова і шасі | Багажники, бампери, захисні кришки > Пороги і сходинки",4023,Пороги,,Позашляхові аксесуари та обладнання > Захист днища та кузова > Пороги,1.0,Точне семантичне співпадіння,exact
1686,Бампери та трубки,,"Елементи кузова і шасі | Багажники, бампери, захисні кришки > Бампери та трубки",4024,Бампери,,Позашляхові аксесуари та обладнання > Захист днища та кузова > Бампери,0.9,Майже точне семантичне співпадіння по бамперах,semantic
1770,Аксесуари для шин,,"Диски, Розпірки, Шини > Аксесуари для шин",6021,Відстані,,"Шини, диски та колеса > Аксесуари для коліс > Відстані",0.8,Часткове семантичне співпадіння по аксесуарах для коліс,semantic
1766,Відстані,,"Диски, Розпірки, Шини > Відстані",6021,Відстані,,"Шини, диски та колеса > Аксесуари для коліс > Відстані",1.0,Точне семантичне співпадіння,exact
1774,Алюмінієві диски,,"Диски, Розпірки, Шини > Алюмінієві диски",6012,Алюмінієві диски,,"Шини, диски та колеса > Диски > Алюмінієві диски",1.0,Точне семантичне співпадіння,exact
1773,Диски сталеві,,"Диски, Розпірки, Шини > Диски сталеві",6011,Сталеві диски,,"Шини, диски та колеса > Диски > Сталеві диски",1.0,Точне семантичне співпадіння,exact
1768,Ковпаки Кришки,,"Диски, Розпірки, Шини > Ковпаки Кришки",6022,Ковпаки,,"Шини, диски та колеса > Аксесуари для коліс > Ковпаки",1.0,Точное соответствие в категории аксессуаров для колес,exact
1769,Ланцюги на колеса,,"Диски, Розпірки, Шини > Ланцюги на колеса",6024,Ланцюги на колеса,,"Шини, диски та колеса > Аксесуари для коліс > Ланцюги на колеса",1.0,Точное соответствие в категории аксессуаров для колес,exact
1767,Шини,,"Диски, Розпірки, Шини > Шини",6001,Всесезонні,,"Шини, диски та колеса > Шини > Всесезонні",0.9,Семантическое соответствие в категории шин,semantic
1775,Кільця центрувальні,,"Диски, Розпірки, Шини > Кільця центрувальні",6021,Відстані,,"Шини, диски та колеса > Аксесуари для коліс > Відстані",0.8,Семантическое соответствие в категории аксессуаров для колес,semantic
1765,Гвинти і гайки,,"Диски, Розпірки, Шини > Гвинти і гайки",6023,Гайки та болти,,"Шини, диски та колеса > Аксесуари для коліс > Гайки та болти",1.0,Точное соответствие в категории аксессуаров для колес,exact
1799,Переговорні пристрої Cardo,,радіостанції - короткохвильові радіо > Переговорні пристрої Cardo,9012,Інтеркоми,,Електроніка та комунікації > Зв'язок > Інтеркоми,0.9,Семантическое соответствие в категории связи,semantic
1802,Радіозв'язок,,радіостанції - короткохвильові радіо > Радіозв'язок,9011,Радіостанції CB,,Електроніка та комунікації > Зв'язок > Радіостанції CB,1.0,Точное соответствие в категории связи,exact
1800,Центральний регіон,,радіостанції - короткохвильові радіо > Центральний регіон,9011,Радіостанції CB,,Електроніка та комунікації > Зв'язок > Радіостанції CB,0.9,Точное соответствие по типу товара - радиостанции,exact
1709,Каністри резервуари кріплення,,Каністри резервуари кріплення,4033,Кріплення для каністр,,Позашляхові аксесуари та обладнання > Багажні системи > Кріплення для каністр,0.9,Точное соответствие по назначению - крепление канистр,exact
1706,Компресори та приладдя,,Компресори та приладдя,11011,Компресори повітряні,,Інструменти та обладнання > Компресори та насоси > Компресори повітряні,0.8,Соответствие по типу оборудования - компрессоры,semantic
1582,Розширювачі,,троси - стропи - кінетичні ремені синтетичні - шакли - блоки > Розширювачі,4014,Шакли та блоки,,Позашляхові аксесуари та обладнання > Лебідки та рятувальне обладнання > Шакли та блоки,0.9,Точное соответствие по типу аксессуаров - шаклы и блоки,exact
1576,Гаки,,троси - стропи - кінетичні ремені синтетичні - шакли - блоки > Гаки,4014,Шакли та блоки,,Позашляхові аксесуари та обладнання > Лебідки та рятувальне обладнання > Шакли та блоки,0.8,Семантическое соответствие - элементы такелажного оборудования,semantic
1571,Кінетичні линви та стрічки,,троси - стропи - кінетичні ремені синтетичні - шакли - блоки > Кінетичні линви та стрічки,4013,Троси та ремені,,Позашляхові аксесуари та обладнання > Лебідки та рятувальне обладнання > Троси та ремені,0.9,Точное соответствие по типу - кинетические тросы и ленты,exact
1578,Сталеві троси,,троси - стропи - кінетичні ремені синтетичні - шакли - блоки > Сталеві троси,4013,Троси та ремені,,Позашляхові аксесуари та обладнання > Лебідки та рятувальне обладнання > Троси та ремені,0.9,Точное соответствие по типу - стальные тросы,exact
1572,Синтетичні линви,,троси - стропи - кінетичні ремені синтетичні - шакли - блоки > Синтетичні линви,4013,Троси та ремені,,Позашляхові аксесуари та обладнання > Лебідки та рятувальне обладнання > Троси та ремені,0.9,Точное соответствие по типу - синтетические тросы,exact
1584,Інструменти та аксесуари для мотузок,,троси - стропи - кінетичні ремені синтетичні - шакли - блоки > Інструменти та аксесуари для мотузок,4013,Троси та ремені,,Позашляхові аксесуари та обладнання > Лебідки та рятувальне обладнання > Троси та ремені,0.8,Семантическое соответствие - инструменты и аксессуары для тросов,semantic
1570,Ремені для дерев - Стропи,,троси - стропи - кінетичні ремені синтетичні - шакли - блоки > Ремені для дерев - Стропи,4013,Троси та ремені,,Позашляхові аксесуари та обладнання > Лебідки та рятувальне обладнання > Троси та ремені,0.9,Точное соответствие по типу - ремни и стропы,exact
1580,Транспортні ремені для платформи,,троси - стропи - кінетичні ремені синтетичні - шакли - блоки > Транспортні ремені для платформи,4013,Троси та ремені,,Позашляхові аксесуари та обладнання > Лебідки та рятувальне обладнання > Троси та ремені,0.9,Точне семантичне співпадіння за типом аксесуарів для позашляхової техніки,semantic
1585,Підйомники,,троси - стропи - кінетичні ремені синтетичні - шакли - блоки > Підйомники,4015,Піднімачі,,Позашляхові аксесуари та обладнання > Лебідки та рятувальне обладнання > Піднімачі,1.0,Точне співпадіння за назвою та категорією,exact
1583,Напрямні для витягувачів,,троси - стропи - кінетичні ремені синтетичні - шакли - блоки > Напрямні для витягувачів,4014,Шакли та блоки,,Позашляхові аксесуари та обладнання > Лебідки та рятувальне обладнання > Шакли та блоки,0.8,Часткове семантичне співпадіння в категорії лебідок та рятувального обладнання,semantic
1581,Швидкий Кулак Кріплення,,троси - стропи - кінетичні ремені синтетичні - шакли - блоки > Швидкий Кулак Кріплення,4014,Шакли та блоки,,Позашляхові аксесуари та обладнання > Лебідки та рятувальне обладнання > Шакли та блоки,0.7,"Часткове семантичне співпадіння, але не повністю впевнені",semantic
1574,Ланцюги,,троси - стропи - кінетичні ремені синтетичні - шакли - блоки > Ланцюги,6024,Ланцюги на колеса,,"Шини, диски та колеса > Аксесуари для коліс > Ланцюги на колеса",0.6,"Часткове семантичне співпадіння, але не повна впевненість",semantic
1573,Шекли м'які - з синтетичного троса,,троси - стропи - кінетичні ремені синтетичні - шакли - блоки > Шекли м'які - з синтетичного троса,4014,Шакли та блоки,,Позашляхові аксесуари та обладнання > Лебідки та рятувальне обладнання > Шакли та блоки,0.9,Точне семантичне співпадіння за типом обладнання,semantic
1579,"Стяжки, Обгортки, ремонтні стрічки",,"троси - стропи - кінетичні ремені синтетичні - шакли - блоки > Стяжки, Обгортки, ремонтні стрічки",4013,Троси та ремені,,Позашляхові аксесуари та обладнання > Лебідки та рятувальне обладнання > Троси та ремені,0.8,Семантичне співпадіння за типом ремінців та аксесуарів,semantic
1575,Затискачі для такелажних скоб і гаків,,троси - стропи - кінетичні ремені синтетичні - шакли - блоки > Затискачі для такелажних скоб і гаків,4014,Шакли та блоки,,Позашляхові аксесуари та обладнання > Лебідки та рятувальне обладнання > Шакли та блоки,0.9,Точне семантичне співпадіння за типом обладнання,semantic
1577,Блоки для витягувача,,троси - стропи - кінетичні ремені синтетичні - шакли - блоки > Блоки для витягувача,4014,Шакли та блоки,,Позашляхові аксесуари та обладнання > Лебідки та рятувальне обладнання > Шакли та блоки,1.0,Точне співпадіння за назвою та категорією,exact
1586,Комплекти для виймання,,троси - стропи - кінетичні ремені синтетичні - шакли - блоки > Комплекти для виймання,4013,Троси та ремені,,Позашляхові аксесуари та обладнання > Лебідки та рятувальне обладнання > Троси та ремені,0.7,"Часткове семантичне співпадіння, але не повністю впевнені",semantic
1625,Маркізи HEX | Кажанове крило | Лисяче крило,,"Наметні дахи, Ролети та Аксесуари > Маркізи HEX | Кажанове крило | Лисяче крило",7002,Маркізи,,Кемпінг та туризм > Намети та укриття > Маркізи,0.9,Точне семантичне співпадіння для маркіз у кемпінговому розділі,semantic
1624,Маркізи Стандартні | Навіси експедиційні,,"Наметні дахи, Ролети та Аксесуари > Маркізи Стандартні | Навіси експедиційні",7002,Маркізи,,Кемпінг та туризм > Намети та укриття > Маркізи,0.9,Точне семантичне співпадіння для маркіз у кемпінговому розділі,semantic
1619,Намет даховий 2-особовий,,"Наметні дахи, Ролети та Аксесуари > Намет даховий 2-особовий",7001,Дахові намети,,Кемпінг та туризм > Намети та укриття > Дахові намети,0.9,Точне семантичне співпадіння для дахових наметів,semantic
1620,Намет дахований 3-місний,,"Наметні дахи, Ролети та Аксесуари > Намет дахований 3-місний",7001,Дахові намети,,Кемпінг та туризм > Намети та укриття > Дахові намети,0.9,Точне семантичне співпадіння для дахових наметів,semantic
1621,Намет дахований 4-місний,,"Наметні дахи, Ролети та Аксесуари > Намет дахований 4-місний",7001,Дахові намети,,Кемпінг та туризм > Намети та укриття > Дахові намети,0.9,Точне співпадіння за типом дахового намету,exact
1622,Намет дахований 6-місний,,"Наметні дахи, Ролети та Аксесуари > Намет дахований 6-місний",7001,Дахові намети,,Кемпінг та туризм > Намети та укриття > Дахові намети,0.9,Точне співпадіння за типом дахового намету,exact
1614,Намети дахові,,"Наметні дахи, Ролети та Аксесуари > Намети дахові",7001,Дахові намети,,Кемпінг та туризм > Намети та укриття > Дахові намети,1.0,Повний збіг категорії дахових наметів,exact
1617,Дахові намети для сімей,,"Наметні дахи, Ролети та Аксесуари > Дахові намети для сімей",7001,Дахові намети,,Кемпінг та туризм > Намети та укриття > Дахові намети,0.9,Підкатегорія дахових наметів,semantic
1618,Дахові намети ПРЕМІУМ | ВІП,,"Наметні дахи, Ролети та Аксесуари > Дахові намети ПРЕМІУМ | ВІП",7001,Дахові намети,,Кемпінг та туризм > Намети та укриття > Дахові намети,0.9,Підкатегорія дахових наметів преміум класу,semantic
1616,Намети у м'якому корпусі,,"Наметні дахи, Ролети та Аксесуари > Намети у м'якому корпусі",7001,Дахові намети,,Кемпінг та туризм > Намети та укриття > Дахові намети,0.8,Варіація дахових наметів,general
1615,Намети в твердому корпусі,,"Наметні дахи, Ролети та Аксесуари > Намети в твердому корпусі",7001,Дахові намети,,Кемпінг та туризм > Намети та укриття > Дахові намети,0.8,Варіація дахових наметів,general
1626,Бічні стінки для маркіз,,"Наметні дахи, Ролети та Аксесуари > Бічні стінки для маркіз",7002,Маркізи,,Кемпінг та туризм > Намети та укриття > Маркізи,0.9,Пов'язано з маркізами,semantic
1633,Складані стільці і столи для походів,,"Наметні дахи, Ролети та Аксесуари > Складані стільці і столи для походів",7011,Столи та стільці,,Кемпінг та туризм > Кемпінгове обладнання > Столи та стільці,0.95,Точне семантичне співпадіння - столи та стільці для кемпінгу,exact
1818,Толстовки,,Одяг > Толстовки,3011,Куртки,,Захисний одяг та екіпіровка > Одяг > Куртки,0.7,Часткове семантичне співпадіння в категорії одягу,semantic
1805,Черевики для бездоріжжя,,Одяг > Черевики для бездоріжжя,3023,Черевики туристичні,,Захисний одяг та екіпіровка > Взуття > Черевики туристичні,0.85,Точне семантичне співпадіння - туристичне взуття для бездоріжжя,exact
1806,Імпрегнати Nikwax для взуття та одягу,,Одяг > Імпрегнати Nikwax для взуття та одягу,10013,Захисні покриття,,Хімія та мастила > Засоби догляду > Захисні покриття,0.8,Семантически близко к защитным покрытиям,semantic
1809,Каски Rescue екстремальні види спорту,,Одяг > Каски Rescue екстремальні види спорту,3001,Інтегральні,,Захисний одяг та екіпіровка > Шоломи > Інтегральні,0.9,Точное соответствие категории шлемов,semantic
1821,Система шоломів,,Одяг > Система шоломів,3004,Модульні,,Захисний одяг та екіпіровка > Шоломи > Модульні,0.8,Семантически близко к модульным шлемам,semantic
1812,Наколінники Захисники Колін,,Одяг > Наколінники Захисники Колін,3032,Наколінники,,Захисний одяг та екіпіровка > Захист > Наколінники,1.0,Точное соответствие категории наколенников,exact
1804,"Робочий одяг - рукавиці, штани, кофти BLAKLADER",,"Одяг > Робочий одяг - рукавиці, штани, кофти BLAKLADER",3014,Рукавиці,,Захисний одяг та екіпіровка > Одяг > Рукавиці,0.7,"Частичное соответствие для рукавиц, но полный набор не покрыт",general
1814,Рукавиці,,Одяг > Рукавиці,3014,Рукавиці,,Захисний одяг та екіпіровка > Одяг > Рукавиці,1.0,Точное соответствие категории рукавиц,exact
1819,Штани,,Одяг > Штани,3012,Штани,,Захисний одяг та екіпіровка > Одяг > Штани,0.95,Точное совпадение категории штанов в разделе одежды,exact
1710,Олії - Просочення - Мастила - Лаки - Хімія,,Олії - Просочення - Мастила - Лаки - Хімія,10014,Просочення,,Хімія та мастила > Засоби догляду > Просочення,0.7,Частичное совпадение по категории просочения,semantic
1541,Лінкс арбітражний,,Освітлення | LED лампи > Лінкс арбітражний,4001,LED-панелі,,Позашляхові аксесуари та обладнання > Освітлення > LED-панелі,0.6,Семантическое совпадение по LED-освещению,semantic
1537,Балки попереджувальні для спеціальних транспортних засобів,,Освітлення | LED лампи > Балки попереджувальні для спеціальних транспортних засобів,4002,Додаткові фари,,Позашляхові аксесуари та обладнання > Освітлення > Додаткові фари,0.8,Близкое соответствие по категории дополнительного освещения,semantic
1532,Світлодіодні лампи - малі та вбудовані,,Освітлення | LED лампи > Світлодіодні лампи - малі та вбудовані,4004,Світлодіодні стрічки,,Позашляхові аксесуари та обладнання > Освітлення > Світлодіодні стрічки,0.5,Частичное совпадение по светодиодным элементам,semantic
1542,Ліхтарі Налобні,,Освітлення | LED лампи > Ліхтарі Налобні,7021,Ліхтарики,,Кемпінг та туризм > Спорядження для виживання > Ліхтарики,0.7,Семантическое совпадение по категории ручных фонарей,semantic
1547,Освітлення кемпінгове / для кемпінгу,,Освітлення | LED лампи > Освітлення кемпінгове / для кемпінгу,7014,Освітлення для кемпінгу,,Кемпінг та туризм > Кемпінгове обладнання > Освітлення для кемпінгу,0.95,Точное соответствие по типу и назначению кемпингового освещения,exact
1529,Світлодіодні панелі світильника,,Освітлення | LED лампи > Світлодіодні панелі світильника,4001,LED-панелі,,Позашляхові аксесуари та обладнання > Освітлення > LED-панелі,0.9,Семантическое соответствие светодиодным панелям,semantic
1531,Світлодіодні фари та основні лампи,,Освітлення | LED лампи > Світлодіодні фари та основні лампи,4002,Додаткові фари,,Позашляхові аксесуари та обладнання > Освітлення > Додаткові фари,0.85,Близкое соответствие по типу дополнительных фар,semantic
1793,Аптечки,,Зовнішній - Туристичні та кемпінгові аксесуари > Аптечки,7023,Аптечки,,Кемпінг та туризм > Спорядження для виживання > Аптечки,1.0,Точное соответствие по типу и назначению аптечек для кемпинга,exact
1786,Просочення,,Зовнішній - Туристичні та кемпінгові аксесуари > Просочення,10014,Просочення,,Хімія та мастила > Засоби догляду > Просочення,0.9,Точное семантическое соответствие для просочения,semantic
1781,Стільці і Столи,,Зовнішній - Туристичні та кемпінгові аксесуари > Стільці і Столи,7011,Столи та стільці,,Кемпінг та туризм > Кемпінгове обладнання > Столи та стільці,1.0,Точное соответствие для столов и стульев для кемпинга,exact
1787,Термічні кухлі і термоси,,Зовнішній - Туристичні та кемпінгові аксесуари > Термічні кухлі і термоси,7024,Термоси та посуд,,Кемпінг та туризм > Спорядження для виживання > Термоси та посуд,0.9,Семантическое соответствие для термосов и посуда,semantic
1788,"Кухонні плити, гриль і кавоварки",,"Зовнішній - Туристичні та кемпінгові аксесуари > Кухонні плити, гриль і кавоварки",7013,Плити та гриль,,Кемпінг та туризм > Кемпінгове обладнання > Плити та гриль,1.0,Точное соответствие для плит и гриля,exact
1546,Батареї акумулятори для ліхтариків,,"Зовнішній - Туристичні та кемпінгові аксесуари > Ліхтарі, налобні ліхтарі та кемпінгові лампи > Батареї акумулятори для ліхтариків",9021,Акумулятори,,Електроніка та комунікації > Акумулятори та живлення > Акумулятори,0.8,Семантическое соответствие для аккумуляторов,semantic
1544,Передні фари,,"Зовнішній - Туристичні та кемпінгові аксесуари > Ліхтарі, налобні ліхтарі та кемпінгові лампи > Передні фари",7014,Освітлення для кемпінгу,,Кемпінг та туризм > Кемпінгове обладнання > Освітлення для кемпінгу,0.9,Семантическое соответствие для освещения,semantic
1545,Кемпінгові та Робочі Лампи,,"Зовнішній - Туристичні та кемпінгові аксесуари > Ліхтарі, налобні ліхтарі та кемпінгові лампи > Кемпінгові та Робочі Лампи",7014,Освітлення для кемпінгу,,Кемпінг та туризм > Кемпінгове обладнання > Освітлення для кемпінгу,1.0,Точное соответствие для кемпинговых ламп,exact
1543,Ліхтарі,,"Зовнішній - Туристичні та кемпінгові аксесуари > Ліхтарі, налобні ліхтарі та кемпінгові лампи > Ліхтарі",7021,Ліхтарики,,Кемпінг та туризм > Спорядження для виживання > Ліхтарики,1.0,Точное соответствие для фонариков,exact
1792,Автомобільні холодильники,,Зовнішній - Туристичні та кемпінгові аксесуари > Автомобільні холодильники,7012,Холодильники,,Кемпінг та туризм > Кемпінгове обладнання > Холодильники,0.95,Точное семантическое соответствие холодильникам для кемпинга,semantic
1795,Зарядні пристрої для портативного обладнання,,Зовнішній - Туристичні та кемпінгові аксесуари > Зарядні пристрої для портативного обладнання,9022,Зарядні пристрої,,Електроніка та комунікації > Акумулятори та живлення > Зарядні пристрої,0.9,Точное соответствие зарядным устройствам в электронике,exact
1779,Мачети Сокирки Сокири,,Зовнішній - Туристичні та кемпінгові аксесуари > Мачети Сокирки Сокири,7022,Ножі та мультитули,,Кемпінг та туризм > Спорядження для виживання > Ножі та мультитули,0.85,Семантическое соответствие инструментам для выживания,semantic
1782,Багатофункціональні інструменти,,Зовнішній - Туристичні та кемпінгові аксесуари > Багатофункціональні інструменти,7022,Ножі та мультитули,,Кемпінг та туризм > Спорядження для виживання > Ножі та мультитули,0.9,Точное соответствие мультитулам для кемпинга,exact
1790,Посуд і кухонне приладдя,,Зовнішній - Туристичні та кемпінгові аксесуари > Посуд і кухонне приладдя,7024,Термоси та посуд,,Кемпінг та туризм > Спорядження для виживання > Термоси та посуд,0.85,Семантическое соответствие посуду для кемпинга,semantic
1776,Інструменти,,Зовнішній - Туристичні та кемпінгові аксесуари > Інструменти,11001,Набори інструментів,,Інструменти та обладнання > Ручний інструмент > Набори інструментів,0.8,Общее соответствие инструментам,general
1780,Ножі,,Зовнішній - Туристичні та кемпінгові аксесуари > Ножі,7022,Ножі та мультитули,,Кемпінг та туризм > Спорядження для виживання > Ножі та мультитули,0.95,Точное семантическое соответствие ножам для кемпинга,exact
1784,Саперні лопати,,Зовнішній - Туристичні та кемпінгові аксесуари > Саперні лопати,7022,Ножі та мультитули,,Кемпінг та туризм > Спорядження для виживання > Ножі та мультитули,0.7,Часткове семантичне співпадіння як інструмент для виживання,semantic
1718,Панелі фотовольтаїчні установки,,Панелі фотовольтаїчні установки,9024,Сонячні панелі,,Електроніка та комунікації > Акумулятори та живлення > Сонячні панелі,0.9,Точне семантичне співпадіння сонячних панелей,exact
1716,Плуги,,Плуги,8022,Плуги та обладнання,,Квадроцикли та UTV > Аксесуари для квадроциклів > Плуги та обладнання,0.8,Семантичне співпадіння як додаткове обладнання,semantic
1946,Аксесуари для мотоциклів та захисне обладнання,,Квади - частини і аксесуари > Аксесуари для мотоциклів та захисне обладнання,3031,Захисники спини,,Захисний одяг та екіпіровка > Захист > Захисники спини,0.6,Часткове семантичне співпадіння в захисному обладнанні,semantic
1979,Адаптери до підмітальної машини,,Квади - частини і аксесуари > Адаптери до підмітальної машини,8022,Плуги та обладнання,,Квадроцикли та UTV > Аксесуари для квадроциклів > Плуги та обладнання,0.7,Семантично близька категорія додаткового обладнання для квадроциклів,semantic
1980,Монтажні перехідники,,Квади - частини і аксесуари > Монтажні перехідники,8001,Двигун та трансмісія,,Квадроцикли та UTV > Частини квадроцикла > Двигун та трансмісія,0.6,Можливо пов'язано з технічними частинами квадроциклів,general
1941,Аксесуари для дисків,,Квади - частини і аксесуари > Аксесуари для дисків,6023,Гайки та болти,,"Шини, диски та колеса > Аксесуари для коліс > Гайки та болти",0.8,Точне співпадіння за типом аксесуарів для коліс,exact
1943,Arctic Cat деталі,,Квади - частини і аксесуари > Arctic Cat деталі,8001,Двигун та трансмісія,,Квадроцикли та UTV > Частини квадроцикла > Двигун та трансмісія,0.7,Загальні деталі для квадроциклів,general
1952,сільськогосподарська техніка,,Квади - частини і аксесуари > сільськогосподарська техніка,8022,Плуги та обладнання,,Квадроцикли та UTV > Аксесуари для квадроциклів > Плуги та обладнання,0.8,Сільськогосподарське обладнання для квадроциклів,semantic
1970,Частини,,Квади - частини і аксесуари > Частини,8001,Двигун та трансмісія,,Квадроцикли та UTV > Частини квадроцикла > Двигун та трансмісія,0.6,Загальна категорія запчастин для квадроциклів,general
1956,Деталі до плугів,,Квади - частини і аксесуари > Деталі до плугів,8022,Плуги та обладнання,,Квадроцикли та UTV > Аксесуари для квадроциклів > Плуги та обладнання,0.9,Точное семантическое соответствие для плугов и аксессуаров для квадроциклов,semantic
1975,Запчастини,,Квади - частини і аксесуари > Запчастини,8001,Двигун та трансмісія,,Квадроцикли та UTV > Частини квадроцикла > Двигун та трансмісія,0.7,Общее соответствие для запчастей квадроциклов,general
1871,Диференціал Quad,,Квади - частини і аксесуари > Диференціал Quad,5011,Диференціали,,Підвіска та трансмісія > Привідна система > Диференціали,0.9,Точное соответствие для категории диференциалов,exact
1986,Відстані XRW,,Квади - частини і аксесуари > Відстані XRW,6021,Відстані,,"Шини, диски та колеса > Аксесуари для коліс > Відстані",0.8,Семантическое соответствие для аксессуаров колес,semantic
1920,Електрика,,Квади - частини і аксесуари > Електрика,8002,Електрика,,Квадроцикли та UTV > Частини квадроцикла > Електрика,1.0,Точное соответствие для электрики квадроциклов,exact
1944,Диски Access,,Квади - частини і аксесуари > Диски Access,6012,Алюмінієві диски,,"Шини, диски та колеса > Диски > Алюмінієві диски",0.8,Семантическое соответствие для дисков,semantic
1978,Диски Linhai,,Квади - частини і аксесуари > Диски Linhai,6012,Алюмінієві диски,,"Шини, диски та колеса > Диски > Алюмінієві диски",0.8,Семантическое соответствие для дисков,semantic
1942,Диски Segway,,Квади - частини і аксесуари > Диски Segway,6012,Алюмінієві диски,,"Шини, диски та колеса > Диски > Алюмінієві диски",0.8,Семантическое соответствие для дисков,semantic
1965,Диски TGB,,Квади - частини і аксесуари > Диски TGB,6012,Алюмінієві диски,,"Шини, диски та колеса > Диски > Алюмінієві диски",0.9,Точное соответствие по типу дисков для колес,semantic
1947,Фільтри,,Квади - частини і аксесуари > Фільтри,10021,Повітряні фільтри,,Хімія та мастила > Фільтри > Повітряні фільтри,0.8,Соответствие категории фильтров,semantic
1827,Повітряні фільтри ATV,,Квади - частини і аксесуари > Повітряні фільтри ATV,10021,Повітряні фільтри,,Хімія та мастила > Фільтри > Повітряні фільтри,1.0,Точное соответствие воздушным фильтрам,exact
1969,Інформаційні технології та периферія,,Квади - частини і аксесуари > Інформаційні технології та периферія,9002,Тримачі для телефонів,,Електроніка та комунікації > Навігація > Тримачі для телефонів,0.7,Часткове семантичне співпадіння в електронних аксесуарах,semantic
1856,Гальмівні колодки Delta для квадроцикла,,Квади - частини і аксесуари > Блоки Гальмівні диски для Quad > Гальмівні колодки Delta для квадроцикла,8003,Гальма,,Квадроцикли та UTV > Частини квадроцикла > Гальма,0.9,Точне семантичне співпадіння в категорії гальм для квадроциклів,semantic
1857,Гальмівні колодки EBC для квадроцикла,,Квади - частини і аксесуари > Блоки Гальмівні диски для Quad > Гальмівні колодки EBC для квадроцикла,8003,Гальма,,Квадроцикли та UTV > Частини квадроцикла > Гальма,0.9,Точне семантичне співпадіння в категорії гальм для квадроциклів,semantic
1860,Гальмівні колодки EPI,,Квади - частини і аксесуари > Блоки Гальмівні диски для Quad > Гальмівні колодки EPI,8003,Гальма,,Квадроцикли та UTV > Частини квадроцикла > Гальма,0.9,Точне семантичне співпадіння в категорії гальм для квадроциклів,semantic
1858,Гальмівні диски EBC для квадроцикла,,Квади - частини і аксесуари > Блоки Гальмівні диски для Quad > Гальмівні диски EBC для квадроцикла,8003,Гальма,,Квадроцикли та UTV > Частини квадроцикла > Гальма,0.9,Точне семантичне співпадіння в категорії гальм для квадроциклів,semantic
1859,Гальмівні диски FRIXION,,Квади - частини і аксесуари > Блоки Гальмівні диски для Quad > Гальмівні диски FRIXION,8003,Гальма,,Квадроцикли та UTV > Частини квадроцикла > Гальма,0.9,Точне семантичне співпадіння в категорії гальм для квадроциклів,semantic
1863,Гальмівні затискачі для квадроциклів,,Квади - частини і аксесуари > Блоки Гальмівні диски для Quad > Гальмівні затискачі для квадроциклів,8003,Гальма,,Квадроцикли та UTV > Частини квадроцикла > Гальма,0.9,Точне семантичне співпадіння в категорії гальм для квадроциклів,semantic
1861,Ремонтні комплекти гальмівного насоса ATV,,Квади - частини і аксесуари > Блоки Гальмівні диски для Quad > Ремонтні комплекти гальмівного насоса ATV,8003,Гальма,,Квадроцикли та UTV > Частини квадроцикла > Гальма,0.9,Точне семантичне співпадіння в категорії гальм для квадроциклів,semantic
1862,Ремонтні набори супорта,,Квади - частини і аксесуари > Блоки Гальмівні диски для Quad > Ремонтні набори супорта,8003,Гальма,,Квадроцикли та UTV > Частини квадроцикла > Гальма,0.9,Точне семантичне співпадіння в категорії гальм для квадроциклів,semantic
1949,Кінцівки тяг для квада,,Квади - частини і аксесуари > Кінцівки тяг для квада,8001,Двигун та трансмісія,,Квадроцикли та UTV > Частини квадроцикла > Двигун та трансмісія,0.7,Частично соответствует категории частей квадроцикла,semantic
1972,Кут заливки,,Квади - частини і аксесуари > Кут заливки,8001,Двигун та трансмісія,,Квадроцикли та UTV > Частини квадроцикла > Двигун та трансмісія,0.6,Возможно относится к частям двигателя квадроцикла,general
1826,Валізи Скрині Сумки,,Квади - частини і аксесуари > Валізи Скрині Сумки,8021,Кофри та сумки,,Квадроцикли та UTV > Аксесуари для квадроциклів > Кофри та сумки,0.9,Точное соответствие категории кофров и сумок для квадроциклов,exact
1936,Лінії частин,,Квади - частини і аксесуари > Лінії частин,8001,Двигун та трансмісія,,Квадроцикли та UTV > Частини квадроцикла > Двигун та трансмісія,0.5,"Неопределенное соответствие, возможно относится к частям квадроцикла",general
1937,Підшипники,,Квади - частини і аксесуари > Підшипники,8001,Двигун та трансмісія,,Квадроцикли та UTV > Частини квадроцикла > Двигун та трансмісія,0.7,Вероятно относится к частям двигателя и трансмиссии квадроцикла,semantic
1974,Перегонові олії,,Квади - частини і аксесуари > Перегонові олії,10001,Моторні олії,,Хімія та мастила > Олії та мастила > Моторні олії,0.8,Соответствует категории моторных масел,semantic
1853,Кріплення багажу обладнання,,Квади - частини і аксесуари > Кріплення багажу обладнання,8022,Плуги та обладнання,,Квадроцикли та UTV > Аксесуари для квадроциклів > Плуги та обладнання,0.7,Частичное соответствие категории аксессуаров для квадроциклов,semantic
1984,Мотоциклетні,,Квади - частини і аксесуари > Мотоциклетні,2001,Частини двигуна,,Мотоциклетні аксесуари та частини > Частини мотоцикла > Частини двигуна,0.6,Общее соответствие мотоциклетным частям,general
1959,Знаряддя ACCESS,,Квади - частини і аксесуари > Знаряддя ACCESS,11004,Спеціальний інструмент,,Інструменти та обладнання > Ручний інструмент > Спеціальний інструмент,0.9,Специфічний інструмент для квадроциклів відповідає категорії спеціального інструменту,semantic
1958,Інструменти ARCTIC CAT,,Квади - частини і аксесуари > Інструменти ARCTIC CAT,11004,Спеціальний інструмент,,Інструменти та обладнання > Ручний інструмент > Спеціальний інструмент,0.9,Інструменти для конкретного виробника відповідають категорії спеціального інструменту,semantic
1951,Знаряддя LINHAI,,Квади - частини і аксесуари > Знаряддя LINHAI,11004,Спеціальний інструмент,,Інструменти та обладнання > Ручний інструмент > Спеціальний інструмент,0.9,Специфічний інструмент для квадроциклів відповідає категорії спеціального інструменту,semantic
1961,Інструменти SEGWAY,,Квади - частини і аксесуари > Інструменти SEGWAY,11004,Спеціальний інструмент,,Інструменти та обладнання > Ручний інструмент > Спеціальний інструмент,0.9,Інструменти для конкретного виробника відповідають категорії спеціального інструменту,semantic
1940,Інструменти TGB,,Квади - частини і аксесуари > Інструменти TGB,11004,Спеціальний інструмент,,Інструменти та обладнання > Ручний інструмент > Спеціальний інструмент,0.9,Інструменти для конкретного виробника відповідають категорії спеціального інструменту,semantic
1989,Одяг поляр,,Квади - частини і аксесуари > Одяг поляр,3015,Термобілизна,,Захисний одяг та екіпіровка > Одяг > Термобілизна,0.8,Поляр як різновид термобілизни відповідає категорії термобілизни,semantic
1870,Can-am транспортний засіб,,Квади - частини і аксесуари > Оригінальне обладнання виробника > Can-am транспортний засіб,8001,Двигун та трансмісія,,Квадроцикли та UTV > Частини квадроцикла > Двигун та трансмісія,0.7,Транспортний засіб Can-am пов'язаний з частинами квадроцикла,general
1869,Квадроцикли,,Квади - частини і аксесуари > Оригінальне обладнання виробника > Квадроцикли,8001,Двигун та трансмісія,,Квадроцикли та UTV > Частини квадроцикла > Двигун та трансмісія,0.9,Безпосередньо пов'язано з частинами квадроциклів,exact
1868,Виробник Honda,,Квади - частини і аксесуари > Оригінальне обладнання виробника > Виробник Honda,8001,Двигун та трансмісія,,Квадроцикли та UTV > Частини квадроцикла > Двигун та трансмісія,0.7,Оригінальні частини виробника Honda для квадроциклів,general
1867,Квадроцикли,,Квади - частини і аксесуари > Оригінальне обладнання виробника > Квадроцикли,8001,Двигун та трансмісія,,Квадроцикли та UTV > Частини квадроцикла > Двигун та трансмісія,0.9,Безпосередньо пов'язано з частинами квадроциклів,exact
1864,Олії мастила фільтри для ATV,,Квади - частини і аксесуари > Олії мастила фільтри для ATV,10001,Моторні олії,,Хімія та мастила > Олії та мастила > Моторні олії,0.9,Часткове семантичне співпадіння з категорією олій та мастил,semantic
1845,Бампери Буферні деталі,,"Квади - частини і аксесуари > Захисні кожухи, підлоги, бампери, монтажні плити лебідки > Бампери Буферні деталі",8012,Бампери,,Квадроцикли та UTV > Захист для квадроциклів > Бампери,1.0,Точне семантичне співпадіння для бамперів квадроциклів,exact
1851,Алюмінієві захисти Moose,,"Квади - частини і аксесуари > Захисні кожухи, підлоги, бампери, монтажні плити лебідки > Алюмінієві захисти Moose",8011,Алюмінієві захисні кришки,,Квадроцикли та UTV > Захист для квадроциклів > Алюмінієві захисні кришки,0.9,Семантичне співпадіння для алюмінієвих захисних кришок,semantic
1837,Алюмінієві захисні кришки ACCESS,,"Квади - частини і аксесуари > Захисні кожухи, підлоги, бампери, монтажні плити лебідки > Алюмінієві кожухи ZYGO > Алюмінієві захисні кришки ACCESS",8011,Алюмінієві захисні кришки,,Квадроцикли та UTV > Захист для квадроциклів > Алюмінієві захисні кришки,1.0,Точне семантичне співпадіння для алюмінієвих захисних кришок,exact
1832,Алюмінієві захисти Arctic Cat,,"Квади - частини і аксесуари > Захисні кожухи, підлоги, бампери, монтажні плити лебідки > Алюмінієві кожухи ZYGO > Алюмінієві захисти Arctic Cat",8011,Алюмінієві захисні кришки,,Квадроцикли та UTV > Захист для квадроциклів > Алюмінієві захисні кришки,1.0,Точне семантичне співпадіння для алюмінієвих захисних кришок,exact
1833,Алюмінієві захисти Can Am,,"Квади - частини і аксесуари > Захисні кожухи, підлоги, бампери, монтажні плити лебідки > Алюмінієві кожухи ZYGO > Алюмінієві захисти Can Am",8011,Алюмінієві захисні кришки,,Квадроцикли та UTV > Захист для квадроциклів > Алюмінієві захисні кришки,1.0,Точне семантичне співпадіння для алюмінієвих захисних кришок,exact
1839,Алюмінієві захисти для CFMoto,,"Квади - частини і аксесуари > Захисні кожухи, підлоги, бампери, монтажні плити лебідки > Алюмінієві кожухи ZYGO > Алюмінієві захисти для CFMoto",8011,Алюмінієві захисні кришки,,Квадроцикли та UTV > Захист для квадроциклів > Алюмінієві захисні кришки,0.9,Точне семантичне співпадіння для алюмінієвих захистів квадроциклів,semantic
1831,Алюмінієві захисти Honda,,"Квади - частини і аксесуари > Захисні кожухи, підлоги, бампери, монтажні плити лебідки > Алюмінієві кожухи ZYGO > Алюмінієві захисти Honda",8011,Алюмінієві захисні кришки,,Квадроцикли та UTV > Захист для квадроциклів > Алюмінієві захисні кришки,0.9,Точне семантичне співпадіння для алюмінієвих захистів квадроциклів,semantic
1834,Алюмінієві захисти Kawasaki,,"Квади - частини і аксесуари > Захисні кожухи, підлоги, бампери, монтажні плити лебідки > Алюмінієві кожухи ZYGO > Алюмінієві захисти Kawasaki",8011,Алюмінієві захисні кришки,,Квадроцикли та UTV > Захист для квадроциклів > Алюмінієві захисні кришки,0.9,Точне семантичне співпадіння для алюмінієвих захистів квадроциклів,semantic
1838,Алюмінієві кожухи KYMCO,,"Квади - частини і аксесуари > Захисні кожухи, підлоги, бампери, монтажні плити лебідки > Алюмінієві кожухи ZYGO > Алюмінієві кожухи KYMCO",8011,Алюмінієві захисні кришки,,Квадроцикли та UTV > Захист для квадроциклів > Алюмінієві захисні кришки,0.9,Точне семантичне співпадіння для алюмінієвих захистів квадроциклів,semantic
1835,Алюмінієві Захисти Polaris,,"Квади - частини і аксесуари > Захисні кожухи, підлоги, бампери, монтажні плити лебідки > Алюмінієві кожухи ZYGO > Алюмінієві Захисти Polaris",8011,Алюмінієві захисні кришки,,Квадроцикли та UTV > Захист для квадроциклів > Алюмінієві захисні кришки,0.9,Точне семантичне співпадіння для алюмінієвих захистів квадроциклів,semantic
1836,Алюмінієві захисти Suzuki,,"Квади - частини і аксесуари > Захисні кожухи, підлоги, бампери, монтажні плити лебідки > Алюмінієві кожухи ZYGO > Алюмінієві захисти Suzuki",8011,Алюмінієві захисні кришки,,Квадроцикли та UTV > Захист для квадроциклів > Алюмінієві захисні кришки,0.9,Точне семантичне співпадіння для алюмінієвих захистів квадроциклів,semantic
1830,Алюмінієві захисти Yamaha,,"Квади - частини і аксесуари > Захисні кожухи, підлоги, бампери, монтажні плити лебідки > Алюмінієві кожухи ZYGO > Алюмінієві захисти Yamaha",8011,Алюмінієві захисні кришки,,Квадроцикли та UTV > Захист для квадроциклів > Алюмінієві захисні кришки,0.9,Точне семантичне співпадіння для алюмінієвих захистів квадроциклів,semantic
1840,Захисні Iron Baltic,,"Квади - частини і аксесуари > Захисні кожухи, підлоги, бампери, монтажні плити лебідки > Захисні Iron Baltic",8013,Захист днища,,Квадроцикли та UTV > Захист для квадроциклів > Захист днища,0.8,Семантичне співпадіння захисних елементів для квадроциклів,semantic
1843,Захисні рукавиці,,"Квади - частини і аксесуари > Захисні кожухи, підлоги, бампери, монтажні плити лебідки > Захисні рукавиці",3014,Рукавиці,,Захисний одяг та екіпіровка > Одяг > Рукавиці,0.9,Точне семантичне співпадіння для захисних рукавиць,semantic
1852,Захисні панелі підвіски Shark,,"Квади - частини і аксесуари > Захисні кожухи, підлоги, бампери, монтажні плити лебідки > Захисні панелі підвіски Shark",8004,Підвіска,,Квадроцикли та UTV > Частини квадроцикла > Підвіска,0.9,Точне семантичне співпадіння для захисних елементів підвіски квадроциклів,semantic
1846,Захисні щитки для осей,,"Квади - частини і аксесуари > Захисні кожухи, підлоги, бампери, монтажні плити лебідки > Захисні щитки для осей",8013,Захист днища,,Квадроцикли та UTV > Захист для квадроциклів > Захист днища,0.8,Близьке семантичне співпадіння для захисних елементів квадроциклів,semantic
1844,Спойлери для квадроциклів,,"Квади - частини і аксесуари > Захисні кожухи, підлоги, бампери, монтажні плити лебідки > Спойлери для квадроциклів",8011,Алюмінієві захисні кришки,,Квадроцикли та UTV > Захист для квадроциклів > Алюмінієві захисні кришки,0.7,Часткове семантичне співпадіння для захисних елементів квадроциклів,semantic
1841,Монтажні пластини для лебідок ATV,,"Квади - частини і аксесуари > Захисні кожухи, підлоги, бампери, монтажні плити лебідки > Монтажні пластини для лебідок ATV",8023,Лебідки для квадроциклів,,Квадроцикли та UTV > Аксесуари для квадроциклів > Лебідки для квадроциклів,0.9,Точне семантичне співпадіння для лебідок квадроциклів,semantic
1850,Розширення крил,,"Квади - частини і аксесуари > Захисні кожухи, підлоги, бампери, монтажні плити лебідки > Розширення крил",8012,Бампери,,Квадроцикли та UTV > Захист для квадроциклів > Бампери,0.7,Часткове семантичне співпадіння для захисних елементів квадроциклів,semantic
1825,Плуги для Quadów,,Квади - частини і аксесуари > Плуги для Quadów,8022,Плуги та обладнання,,Квадроцикли та UTV > Аксесуари для квадроциклів > Плуги та обладнання,0.9,Точне семантичне співпадіння для плугів квадроциклів,exact
1976,Чохол ATV,,Квади - частини і аксесуари > Чохол ATV,8021,Кофри та сумки,,Квадроцикли та UTV > Аксесуари для квадроциклів > Кофри та сумки,0.7,Часткове семантичне співпадіння для аксесуарів квадроциклів,semantic
1971,Розширення крил для квадроциклів,,Квади - частини і аксесуари > Розширення крил для квадроциклів,8012,Бампери,,Квадроцикли та UTV > Захист для квадроциклів > Бампери,0.7,Часткове семантичне співпадіння для захисних елементів квадроциклів,semantic
1954,Потужний ящик Великий Пістолет,,Квади - частини і аксесуари > Потужний ящик Великий Пістолет,8021,Кофри та сумки,,Квадроцикли та UTV > Аксесуари для квадроциклів > Кофри та сумки,0.8,Семантичне співпадіння для аксесуарів та ящиків квадроциклів,semantic
1872,Захисні покриття для Quadów,,Квади - частини і аксесуари > Захисні покриття для Quadów,8011,Алюмінієві захисні кришки,,Квадроцикли та UTV > Захист для квадроциклів > Алюмінієві захисні кришки,0.9,Точне семантичне співпадіння захисних елементів для квадроциклів,semantic
1955,Шарнір для квадроциклів,,Квади - частини і аксесуари > Шарнір для квадроциклів,8001,Двигун та трансмісія,,Квадроцикли та UTV > Частини квадроцикла > Двигун та трансмісія,0.7,Часткове співпадіння з механічними частинами квадроциклів,general
1822,Причепи до квадроциклів,,Квади - частини і аксесуари > Причепи до квадроциклів,8022,Плуги та обладнання,,Квадроцикли та UTV > Аксесуари для квадроциклів > Плуги та обладнання,0.6,Часткове співпадіння з додатковим обладнанням для квадроциклів,general
1967,рама квадратна,,Квади - частини і аксесуари > рама квадратна,8001,Двигун та трансмісія,,Квадроцикли та UTV > Частини квадроцикла > Двигун та трансмісія,0.5,Часткове співпадіння з механічними частинами квадроциклів,general
1992,Перекладач радіатора,,Квади - частини і аксесуари > Перекладач радіатора,8002,Електрика,,Квадроцикли та UTV > Частини квадроцикла > Електрика,0.6,Часткове співпадіння з електричними компонентами,general
1918,Циліндри та Циліндрові комплекти,,Квади - частини і аксесуари > Двигун і обладнання > Циліндри та Циліндрові комплекти,8001,Двигун та трансмісія,,Квадроцикли та UTV > Частини квадроцикла > Двигун та трансмісія,0.8,Точне семантичне співпадіння з частинами двигуна квадроциклів,semantic
1916,Шатуни,,Квади - частини і аксесуари > Двигун і обладнання > Шатуни,8001,Двигун та трансмісія,,Квадроцикли та UTV > Частини квадроцикла > Двигун та трансмісія,0.9,Точне семантичне співпадіння з механічними частинами двигуна,semantic
1917,Поршні і штоки,,Квади - частини і аксесуари > Двигун і обладнання > Поршні і штоки,8001,Двигун та трансмісія,,Квадроцикли та UTV > Частини квадроцикла > Двигун та трансмісія,0.9,Точное соответствие категории двигателя и частей квадроцикла,semantic
1915,Ущільнювачі до квадроциклів,,Квади - частини і аксесуари > Двигун і обладнання > Ущільнювачі до квадроциклів,8001,Двигун та трансмісія,,Квадроцикли та UTV > Частини квадроцикла > Двигун та трансмісія,0.8,Компоненты двигателя квадроцикла,semantic
1824,Розсіювачі Снігоочисники і таке інше,,Квади - частини і аксесуари > Розсіювачі Снігоочисники і таке інше,8022,Плуги та обладнання,,Квадроцикли та UTV > Аксесуари для квадроциклів > Плуги та обладнання,0.7,Возможно относится к дополнительному оборудованию для квадроциклов,general
1987,З'єднання,,Квади - частини і аксесуари > З'єднання,8001,Двигун та трансмісія,,Квадроцикли та UTV > Частини квадроцикла > Двигун та трансмісія,0.6,Возможно относится к соединительным элементам трансмиссии,general
1977,Стабілізатори повороту PRECISION,,Квади - частини і аксесуари > Стабілізатори повороту PRECISION,8004,Підвіска,,Квадроцикли та UTV > Частини квадроцикла > Підвіска,0.9,Стабилизаторы относятся к подвеске квадроцикла,semantic
1935,TGB частини,,Квади - частини і аксесуари > TGB частини,8001,Двигун та трансмісія,,Квадроцикли та UTV > Частини квадроцикла > Двигун та трансмісія,0.7,Общие части для квадроциклов,general
1933,Сигналізація для квадроцикла,,Квади - частини і аксесуари > Тюнінг і модифікації > Сигналізація для квадроцикла,8002,Електрика,,Квадроцикли та UTV > Частини квадроцикла > Електрика,0.9,Сигнализация относится к электрике квадроцикла,semantic
1929,Радіатор мастила,,Квади - частини і аксесуари > Тюнінг і модифікації > Радіатор мастила,8001,Двигун та трансмісія,,Квадроцикли та UTV > Частини квадроцикла > Двигун та трансмісія,0.9,Радиатор масла - часть двигателя квадроцикла,semantic
1932,глушники,,Квади - частини і аксесуари > Тюнінг і модифікації > Вихідні системи для квадроциклів Паливні тюнери EFI > глушники,8001,Двигун та трансмісія,,Квадроцикли та UTV > Частини квадроцикла > Двигун та трансмісія,0.7,Частично соответствует системе двигателя и трансмиссии квадроцикла,semantic
1926,Комплекти перенесення радіатора до квада,,Квади - частини і аксесуари > Тюнінг і модифікації > Комплекти перенесення радіатора до квада,8002,Електрика,,Квадроцикли та UTV > Частини квадроцикла > Електрика,0.6,Частично связано с системой охлаждения и электрикой квадроцикла,semantic
1981,Тримачі ATV,,Квади - частини і аксесуари > Тримачі ATV,8021,Кофри та сумки,,Квадроцикли та UTV > Аксесуари для квадроциклів > Кофри та сумки,0.7,Соответствует категории аксессуаров для квадроциклов,semantic
1874,Система охолодження для Quad,,Квади - частини і аксесуари > Система охолодження для Quad,8002,Електрика,,Квадроцикли та UTV > Частини квадроцикла > Електрика,0.6,Частично связано с системой электрики квадроцикла,semantic
1913,Диференціал,,Квади - частини і аксесуари > Система приводу для Quad > Диференціал,5011,Диференціали,,Підвіска та трансмісія > Привідна система > Диференціали,0.9,Точное соответствие категории дифференциалов,exact
1898,хрестоподібний шарнір карданного валу,,Квади - частини і аксесуари > Система приводу для Quad > хрестоподібний шарнір карданного валу,5013,Карданні вали,,Підвіска та трансмісія > Привідна система > Карданні вали,0.9,Точное соответствие категории карданных валов,exact
1907,Напівосі для квадроциклів,,Квади - частини і аксесуари > Система приводу для Quad > Напівосі для квадроциклів ATV > Напівосі для квадроциклів,8001,Двигун та трансмісія,,Квадроцикли та UTV > Частини квадроцикла > Двигун та трансмісія,0.8,Напівосі є частиною трансмісії квадроциклів,semantic
1908,Напівосі EPI,,Квади - частини і аксесуари > Система приводу для Quad > Напівосі для квадроциклів ATV > Напівосі EPI,8001,Двигун та трансмісія,,Квадроцикли та UTV > Частини квадроцикла > Двигун та трансмісія,0.8,Напівосі є частиною трансмісії квадроциклів,semantic
1906,Напівосі Gorilla,,Квади - частини і аксесуари > Система приводу для Quad > Напівосі для квадроциклів ATV > Напівосі Gorilla,8001,Двигун та трансмісія,,Квадроцикли та UTV > Частини квадроцикла > Двигун та трансмісія,0.8,Напівосі є частиною трансмісії квадроциклів,semantic
1909,Карданні вали до квадроциклів,,Квади - частини і аксесуари > Система приводу для Quad > Карданні вали до квадроциклів,8001,Двигун та трансмісія,,Квадроцикли та UTV > Частини квадроцикла > Двигун та трансмісія,0.8,Карданні вали є частиною трансмісії квадроциклів,semantic
1912,Пружини зчеплення для квадроциклів,,Квади - частини і аксесуари > Система приводу для Quad > Пружини зчеплення для квадроциклів,8001,Двигун та трансмісія,,Квадроцикли та UTV > Частини квадроцикла > Двигун та трансмісія,0.8,Пружини зчеплення є частиною трансмісії квадроциклів,semantic
1910,Тунінгові комплекти зчеплення,,Квади - частини і аксесуари > Система приводу для Quad > Тунінгові комплекти зчеплення,8001,Двигун та трансмісія,,Квадроцикли та UTV > Частини квадроцикла > Двигун та трансмісія,0.8,Тунінгові комплекти зчеплення є частиною трансмісії квадроциклів,semantic
1911,Ремонтні комплекти шарнірів,,Квади - частини і аксесуари > Система приводу для Quad > Ремонтні комплекти шарнірів,8001,Двигун та трансмісія,,Квадроцикли та UTV > Частини квадроцикла > Двигун та трансмісія,0.8,Ремонтні комплекти шарнірів є частиною трансмісії квадроциклів,semantic
1991,Відеореєстратор,,Квади - частини і аксесуари > Відеореєстратор,9003,Камери,,Електроніка та комунікації > Навігація > Камери,0.7,Часткове семантичне співпадіння в електронних пристроях,semantic
1953,Вихлопи BIG GUN,,Квади - частини і аксесуари > Вихлопи BIG GUN,2004,Система випуску,,Мотоциклетні аксесуари та частини > Частини мотоцикла > Система випуску,0.9,Точне семантичне співпадіння системи випуску,semantic
1873,Захисне обладнання для Quadów,,Квади - частини і аксесуари > Захисне обладнання для Quadów,8011,Алюмінієві захисні кришки,,Квадроцикли та UTV > Захист для квадроциклів > Алюмінієві захисні кришки,0.9,Точне семантичне співпадіння захисного обладнання для квадроциклів,exact
1878,Кермові тяги для квадроциклів,,Квади - частини і аксесуари > Підвіска / Кермова система Quad > Кермові тяги для квадроциклів,8004,Підвіска,,Квадроцикли та UTV > Частини квадроцикла > Підвіска,0.8,Семантичне співпадіння з підвіскою квадроцикла,semantic
1877,Кермо ATV,,Квади - частини і аксесуари > Підвіска / Кермова система Quad > Кермо ATV,8004,Підвіска,,Квадроцикли та UTV > Частини квадроцикла > Підвіска,0.7,Часткове семантичне співпадіння з підвіскою та керуванням,semantic
1882,Кінцівки кермових тяг,,Квади - частини і аксесуари > Підвіска / Кермова система Quad > Кінцівки кермових тяг > Кінцівки кермових тяг,8004,Підвіска,,Квадроцикли та UTV > Частини квадроцикла > Підвіска,0.8,Семантичне співпадіння з підвіскою квадроцикла,semantic
1883,Кінцівки Allballs,,Квади - частини і аксесуари > Підвіска / Кермова система Quad > Кінцівки кермових тяг > Кінцівки Allballs,8004,Підвіска,,Квадроцикли та UTV > Частини квадроцикла > Підвіска,0.8,Семантичне співпадіння з підвіскою квадроцикла,semantic
1881,Кінцівки виробника,,Квади - частини і аксесуари > Підвіска / Кермова система Quad > Кінцівки кермових тяг > Кінцівки виробника,8004,Підвіска,,Квадроцикли та UTV > Частини квадроцикла > Підвіска,0.8,Семантичне співпадіння з підвіскою квадроцикла,semantic
1896,Дзеркала для квадроцикла,,Квади - частини і аксесуари > Підвіска / Кермова система Quad > Дзеркала для квадроцикла,8022,Плуги та обладнання,,Квадроцикли та UTV > Аксесуари для квадроциклів > Плуги та обладнання,0.5,"Частково збігається тематика квадроциклів, але точної категорії для дзеркал не знайдено",general
1895,Сполучники стабілізатора,,Квади - частини і аксесуари > Підвіска / Кермова система Quad > Сполучники стабілізатора,8004,Підвіска,,Квадроцикли та UTV > Частини квадроцикла > Підвіска,0.8,Відповідає категорії підвіски для квадроциклів,semantic
1893,Підшипники нижні керування,,Квади - частини і аксесуари > Підвіска / Кермова система Quad > Підшипники нижні керування,8004,Підвіска,,Квадроцикли та UTV > Частини квадроцикла > Підвіска,0.7,Пов'язано з підвіскою та керуванням квадроцикла,semantic
1879,Підшипники кермової колонки ATV,,Квади - частини і аксесуари > Підвіска / Кермова система Quad > Підшипники кермової колонки ATV,8004,Підвіска,,Квадроцикли та UTV > Частини квадроцикла > Підвіска,0.7,Пов'язано з підвіскою та керуванням квадроцикла,semantic
1887,Підшипники коліс,,Квади - частини і аксесуари > Підвіска / Кермова система Quad > Підшипники коліс,8001,Двигун та трансмісія,,Квадроцикли та UTV > Частини квадроцикла > Двигун та трансмісія,0.6,Частково відповідає категорії частин квадроцикла,general
1876,Ручки ATV,,Квади - частини і аксесуари > Підвіска / Кермова система Quad > Ручки ATV,8004,Підвіска,,Квадроцикли та UTV > Частини квадроцикла > Підвіска,0.7,Пов'язано з керуванням та підвіскою квадроцикла,semantic
1886,Незалежна задня підвіска - ремонтні комплекти,,Квади - частини і аксесуари > Підвіска / Кермова система Quad > Незалежна задня підвіска - ремонтні комплекти,8004,Підвіска,,Квадроцикли та UTV > Частини квадроцикла > Підвіска,0.9,Точно відповідає категорії підвіски квадроциклів,exact
1892,Вісь важіль задній,,Квади - частини і аксесуари > Підвіска / Кермова система Quad > Вісь важіль задній,8004,Підвіска,,Квадроцикли та UTV > Частини квадроцикла > Підвіска,0.8,Відповідає категорії підвіски квадроциклів,semantic
1889,Пружини High Lifter,,Квади - частини і аксесуари > Підвіска / Кермова система Quad > Пружини підвіски ATV Quad > Пружини High Lifter,8004,Підвіска,,Квадроцикли та UTV > Частини квадроцикла > Підвіска,0.9,Точно відповідає категорії підвіски квадроциклів,exact
1890,Пружини підвіски,,Квади - частини і аксесуари > Підвіска / Кермова система Quad > Пружини підвіски ATV Quad > Пружини підвіски,5002,Пружини,,Підвіска та трансмісія > Система підвіски > Пружини,0.9,Точне семантичне співпадіння для пружин підвіски,semantic
1884,Осі - Кінцівки важелів,,Квади - частини і аксесуари > Підвіска / Кермова система Quad > Осі - Кінцівки важелів,5004,Важелі,,Підвіска та трансмісія > Система підвіски > Важелі,0.85,Семантичне співпадіння для важелів підвіски,semantic
1891,Втулки заднього маточини / поворотного кулака,,Квади - частини і аксесуари > Підвіска / Кермова система Quad > Втулки заднього маточини / поворотного кулака,8004,Підвіска,,Квадроцикли та UTV > Частини квадроцикла > Підвіска,0.9,Точне семантичне співпадіння для підвіски квадроциклів,semantic
1885,Ремонтний комплект важелів,,Квади - частини і аксесуари > Підвіска / Кермова система Quad > Ремонтний комплект важелів,8004,Підвіска,,Квадроцикли та UTV > Частини квадроцикла > Підвіска,0.85,Семантичне співпадіння для підвіски квадроциклів,semantic
1945,Бампери для квадроциклів,,Квади - частини і аксесуари > Бампери для квадроциклів,8012,Бампери,,Квадроцикли та UTV > Захист для квадроциклів > Бампери,1.0,Точне співпадіння категорії бамперів для квадроциклів,exact
1758,Скрині та сумки для Quad,,Скрині та похідні сумки > Скрині та сумки для Quad,8021,Кофри та сумки,,Квадроцикли та UTV > Аксесуари для квадроциклів > Кофри та сумки,0.95,Точне семантичне співпадіння для сумок квадроциклів,semantic
1763,Органайзери для багажу,,Скрині та похідні сумки > Органайзери для багажу,4034,Органайзери,,Позашляхові аксесуари та обладнання > Багажні системи > Органайзери,0.9,Точне семантичне співпадіння для органайзерів,semantic
1764,Алюмінієві ящики,,Скрині та похідні сумки > Алюмінієві ящики,4032,Експедиційні кофри,,Позашляхові аксесуари та обладнання > Багажні системи > Експедиційні кофри,0.9,Алюмінієві ящики семантично близькі до експедиційних кофрів для позашляхового обладнання,semantic
1756,Nomad FOX похідні скрині,,Скрині та похідні сумки > Nomad FOX похідні скрині,4032,Експедиційні кофри,,Позашляхові аксесуари та обладнання > Багажні системи > Експедиційні кофри,0.9,Похідні скрині відповідають експедиційним кофрам для позашляхового обладнання,semantic
1761,Сумки для велосипеда,,Скрині та похідні сумки > Сумки для велосипеда,1002,Засоби догляду,,Хімія та мастила > Засоби догляду,0.8,Сумки для велосипеда відповідають аксесуарам для велосипедів,semantic
1759,Сумки WARN,,Скрині та похідні сумки > Сумки WARN,8021,Кофри та сумки,,Квадроцикли та UTV > Аксесуари для квадроциклів > Кофри та сумки,0.9,Сумки WARN підходять до аксесуарів для позашляхової техніки,semantic
1762,Похідні водонепроникні сумки,,Скрині та похідні сумки > Похідні водонепроникні сумки,7024,Термоси та посуд,,Кемпінг та туризм > Спорядження для виживання > Термоси та посуд,0.7,Водонепроникні сумки близькі до туристичного спорядження,semantic
1755,Транспортні ящики,,Скрині та похідні сумки > Транспортні ящики,4032,Експедиційні кофри,,Позашляхові аксесуари та обладнання > Багажні системи > Експедиційні кофри,0.9,Транспортні ящики відповідають експедиційним кофрам,semantic
1757,торби вантажні,,Скрині та похідні сумки > торби вантажні,4033,Кріплення для каністр,,Позашляхові аксесуари та обладнання > Багажні системи > Кріплення для каністр,0.8,Вантажні торби близькі до систем кріплення для багажу,semantic
1715,"Гальмівна система | колодки, диски, супорти",,"Гальмівна система | колодки, диски, супорти",5021,Гальмівні колодки,,Підвіска та трансмісія > Гальмівна система > Гальмівні колодки,0.9,Точное соответствие категории гальмівної системи,exact
1668,Аксесуари до блокад,,"Система приводу > Блокування мосту, диференціали і передачі > Аксесуари до блокад",5012,Блокування мостів,,Підвіска та трансмісія > Привідна система > Блокування мостів,0.8,Семантическое соответствие категории блокировки мостов,semantic
1665,блокади,,"Система приводу > Блокування мосту, диференціали і передачі > блокади",5012,Блокування мостів,,Підвіска та трансмісія > Привідна система > Блокування мостів,0.9,Точное соответствие категории блокировки мостов,exact
1663,Блокади антирозривних механізмів,,"Система приводу > Блокування мосту, диференціали і передачі > Блокади антирозривних механізмів",5012,Блокування мостів,,Підвіска та трансмісія > Привідна система > Блокування мостів,0.8,Семантическое соответствие категории блокировки мостов,semantic
1667,Повітряні Блокування,,"Система приводу > Блокування мосту, диференціали і передачі > Повітряні Блокування",5012,Блокування мостів,,Підвіска та трансмісія > Привідна система > Блокування мостів,0.8,Семантическое соответствие категории блокировки мостов,semantic
1666,Передачі,,"Система приводу > Блокування мосту, диференціали і передачі > Передачі",5011,Диференціали,,Підвіска та трансмісія > Привідна система > Диференціали,0.7,Частичное семантическое соответствие для передач и дифференциалов,semantic
1662,Блокування 4x4,,"Система приводу > Блокування мосту, диференціали і передачі > Блокування 4x4",5012,Блокування мостів,,Підвіска та трансмісія > Привідна система > Блокування мостів,0.9,Точное соответствие категории блокировки мостов,exact
1659,Відстані на приводний вал,,Система приводу > Відстані на приводний вал,5013,Карданні вали,,Підвіска та трансмісія > Привідна система > Карданні вали,0.8,Семантическое соответствие для приводных валов,semantic
1677,хрестоносці,,Система приводу > хрестоносці,5013,Карданні вали,,Підвіска та трансмісія > Привідна система > Карданні вали,0.7,Семантическое соответствие для карданных валов,semantic
1672,Мости,,Система приводу > Мости,5011,Диференціали,,Підвіска та трансмісія > Привідна система > Диференціали,0.7,"Близька семантика приводної системи, но не точное совпадение",semantic
1675,Захисні кожухи диференціала,,Система приводу > Захисні кожухи диференціала,5011,Диференціали,,Підвіска та трансмісія > Привідна система > Диференціали,0.9,Прямое соответствие категории диференціалів,exact
1673,Напівосі,,Система приводу > Напівосі,5014,Півосі,,Підвіска та трансмісія > Привідна система > Півосі,1.0,Точное соответствие категории півосей,exact
1660,Шарніри,,Система приводу > Шарніри,5013,Карданні вали,,Підвіска та трансмісія > Привідна система > Карданні вали,0.8,Семантическая близость с карданними валами,semantic
1670,з'єднувач,,Система приводу > з'єднувач,5013,Карданні вали,,Підвіска та трансмісія > Привідна система > Карданні вали,0.7,Семантическая близость с карданними валами,semantic
1671,Вали приводні,,Система приводу > Вали приводні,5013,Карданні вали,,Підвіска та трансмісія > Привідна система > Карданні вали,0.9,Прямое соответствие карданним валам,exact
1754,Охолоджувач наддуву,,Система випуску та впуску > Охолоджувач наддуву,2004,Система випуску,,Мотоциклетні аксесуари та частини > Частини мотоцикла > Система випуску,0.7,Частково збігається тематика системи випуску,semantic
1753,Система впуску,,Система випуску та впуску > Система впуску,2001,Частини двигуна,,Мотоциклетні аксесуари та частини > Частини мотоцикла > Частини двигуна,0.8,Семантично близька категорія частин двигуна,semantic
1752,Система випуску відпрацьованих газів,,Система випуску та впуску > Система випуску відпрацьованих газів,2004,Система випуску,,Мотоциклетні аксесуари та частини > Частини мотоцикла > Система випуску,1.0,Точне семантичне співпадіння,exact
1731,Діагностичний інтерфейс,,"Інтер'єр - організація багажу, забудова, столики > Діагностичний інтерфейс",11021,Сканери OBD,,Інструменти та обладнання > Діагностичне обладнання > Сканери OBD,0.9,Точное семантическое соответствие диагностическому оборудованию,semantic
1729,Організація багажу | Забудови,,"Інтер'єр - організація багажу, забудова, столики > Організація багажу | Забудови",4031,Дахові багажники,,Позашляхові аксесуари та обладнання > Багажні системи > Дахові багажники,0.8,Близкое соответствие по организации багажа,general
1737,Автомобільні радіо,,"Інтер'єр - організація багажу, забудова, столики > Автомобільні радіо",9011,Радіостанції CB,,Електроніка та комунікації > Зв'язок > Радіостанції CB,0.7,Частичное соответствие по радиосвязи,general
1749,Скрині та сумки,,"Інтер'єр - організація багажу, забудова, столики > Скрині та сумки",4032,Експедиційні кофри,,Позашляхові аксесуари та обладнання > Багажні системи > Експедиційні кофри,0.8,Близкое соответствие по багажным системам,general
1741,Кріплення тримачі,,"Інтер'єр - організація багажу, забудова, столики > Тримачі та кріплення для смартфонів та інших пристроїв > Кріплення тримачі",9002,Тримачі для телефонів,,Електроніка та комунікації > Навігація > Тримачі для телефонів,0.9,Точное соответствие держателям для телефонов,exact
1742,Блокувальний тримач,,"Інтер'єр - організація багажу, забудова, столики > Тримачі та кріплення для смартфонів та інших пристроїв > Блокувальний тримач",9002,Тримачі для телефонів,,Електроніка та комунікації > Навігація > Тримачі для телефонів,0.9,Точне семантичне співпадіння для тримачів телефонів,semantic
1739,Тримач Wrangler JL для телефону,,"Інтер'єр - організація багажу, забудова, столики > Тримачі та кріплення для смартфонів та інших пристроїв > Тримач Wrangler JL для телефону",9002,Тримачі для телефонів,,Електроніка та комунікації > Навігація > Тримачі для телефонів,0.9,Точне семантичне співпадіння для тримачів телефонів,semantic
1567,Деталі до лебідок,,Підйомники > Деталі до лебідок,4013,Троси та ремені,,Позашляхові аксесуари та обладнання > Лебідки та рятувальне обладнання > Троси та ремені,0.8,Часткове семантичне співпадіння для деталей лебідок,semantic
1569,Синтетичні кінетичні лінії та стропи для дерев,,Підйомники > Синтетичні кінетичні лінії та стропи для дерев,4013,Троси та ремені,,Позашляхові аксесуари та обладнання > Лебідки та рятувальне обладнання > Троси та ремені,0.9,Семантично близька категорія тросів та ременів,semantic
1561,Пульти до підіймачів,,Підйомники > Пульти до підіймачів,4015,Піднімачі,,Позашляхові аксесуари та обладнання > Лебідки та рятувальне обладнання > Піднімачі,0.8,Пов'язано з категорією піднімачів,semantic
1564,Пластини до витягачів для Quad,,Підйомники > Пластини до витягачів для Quad,8023,Лебідки для квадроциклів,,Квадроцикли та UTV > Аксесуари для квадроциклів > Лебідки для квадроциклів,0.9,Точне співпадіння для квадроциклів,exact
1563,Пластини до витяжок для автомобілів,,Підйомники > Пластини до витяжок для автомобілів,4014,Шакли та блоки,,Позашляхові аксесуари та обладнання > Лебідки та рятувальне обладнання > Шакли та блоки,0.7,Часткове семантичне співпадіння з аксесуарами для лебідок,semantic
1568,Підіймачі бездоріжжя Farm Jack,,Підйомники > Підіймачі бездоріжжя Farm Jack,4015,Піднімачі,,Позашляхові аксесуари та обладнання > Лебідки та рятувальне обладнання > Піднімачі,0.9,Точне співпадіння з категорією піднімачів,exact
1592,Чохли на лебідки,,Підйомники > Чохли на лебідки,4011,Електричні лебідки,,Позашляхові аксесуари та обладнання > Лебідки та рятувальне обладнання > Електричні лебідки,0.7,Часткове семантичне співпадіння з лебідками,semantic
1588,Інші аксесуари до лебідок,,Підйомники > Інші аксесуари до лебідок,4013,Троси та ремені,,Позашляхові аксесуари та обладнання > Лебідки та рятувальне обладнання > Троси та ремені,0.8,Семантично близька категорія аксесуарів для лебідок,semantic
1565,Реле для лебідок,,Підйомники > Реле для лебідок,4011,Електричні лебідки,,Позашляхові аксесуари та обладнання > Лебідки та рятувальне обладнання > Електричні лебідки,0.9,Пов'язано з електричними лебідками,semantic
1559,Пересувні лебідки,,Підйомники > Пересувні лебідки,4011,Електричні лебідки,,Позашляхові аксесуари та обладнання > Лебідки та рятувальне обладнання > Електричні лебідки,0.9,Точне співпадіння з електричними лебідками,exact
1566,Ковзанки і Ролики Напрямні для підйомника,,Підйомники > Ковзанки і Ролики Напрямні для підйомника,4014,Шакли та блоки,,Позашляхові аксесуари та обладнання > Лебідки та рятувальне обладнання > Шакли та блоки,0.8,Семантично близька категорія допоміжних аксесуарів,semantic
1587,гаки тримачі,,Підйомники > гаки тримачі,4014,Шакли та блоки,,Позашляхові аксесуари та обладнання > Лебідки та рятувальне обладнання > Шакли та блоки,0.9,Семантическое сходство с категорией блоков и такелажных принадлежностей,semantic
1606,Лебідка 12000 фунтів,,Підйомники > тяга > Лебідка 12000 фунтів,4011,Електричні лебідки,,Позашляхові аксесуари та обладнання > Лебідки та рятувальне обладнання > Електричні лебідки,0.9,Точное соответствие типу лебідки,semantic
1607,Лебідка 13000 фунтів,,Підйомники > тяга > Лебідка 13000 фунтів,4011,Електричні лебідки,,Позашляхові аксесуари та обладнання > Лебідки та рятувальне обладнання > Електричні лебідки,0.9,Точное соответствие типу лебідки,semantic
1608,Лебідка 13500 фунтів,,Підйомники > тяга > Лебідка 13500 фунтів,4011,Електричні лебідки,,Позашляхові аксесуари та обладнання > Лебідки та рятувальне обладнання > Електричні лебідки,0.9,Точное соответствие типу лебідки,semantic
1609,Лебідка 15000 фунтів,,Підйомники > тяга > Лебідка 15000 фунтів,4011,Електричні лебідки,,Позашляхові аксесуари та обладнання > Лебідки та рятувальне обладнання > Електричні лебідки,0.9,Точное соответствие типу лебідки,semantic
1610,Лебідка 18000 фунтів,,Підйомники > тяга > Лебідка 18000 фунтів,4011,Електричні лебідки,,Позашляхові аксесуари та обладнання > Лебідки та рятувальне обладнання > Електричні лебідки,0.9,Точное соответствие типу лебідки,semantic
1603,Лебідка 2500 фунтів,,Підйомники > тяга > Лебідка 2500 фунтів,4011,Електричні лебідки,,Позашляхові аксесуари та обладнання > Лебідки та рятувальне обладнання > Електричні лебідки,0.9,Точное соответствие типу лебідки,semantic
1602,Лебідка 3500 фунтів,,Підйомники > тяга > Лебідка 3500 фунтів,4011,Електричні лебідки,,Позашляхові аксесуари та обладнання > Лебідки та рятувальне обладнання > Електричні лебідки,0.9,Точное соответствие типу лебідки,semantic
1611,Лебідка 5T,,Підйомники > тяга > Лебідка 5T,4011,Електричні лебідки,,Позашляхові аксесуари та обладнання > Лебідки та рятувальне обладнання > Електричні лебідки,0.9,Точное соответствие типу лебідки,semantic
1604,Лебідка 6000 фунтів,,Підйомники > тяга > Лебідка 6000 фунтів,4011,Електричні лебідки,,Позашляхові аксесуари та обладнання > Лебідки та рятувальне обладнання > Електричні лебідки,0.9,Точне семантичне співпадіння для лебідки,semantic
1605,Лебідка 8000 фунтів,,Підйомники > тяга > Лебідка 8000 фунтів,4011,Електричні лебідки,,Позашляхові аксесуари та обладнання > Лебідки та рятувальне обладнання > Електричні лебідки,0.9,Точне семантичне співпадіння для лебідки,semantic
1596,Лебідка для позашляховика,,Підйомники > Лебідка для позашляховика,4011,Електричні лебідки,,Позашляхові аксесуари та обладнання > Лебідки та рятувальне обладнання > Електричні лебідки,0.9,Точне семантичне співпадіння для лебідки позашляховика,semantic
1595,Електрична лебідка 12В,,Підйомники > Електрична лебідка 12В,4011,Електричні лебідки,,Позашляхові аксесуари та обладнання > Лебідки та рятувальне обладнання > Електричні лебідки,1.0,Точне співпадіння для електричної лебідки,exact
1556,Гідравлічний підйомник,,Підйомники > Гідравлічний підйомник,4012,Гідравлічні лебідки,,Позашляхові аксесуари та обладнання > Лебідки та рятувальне обладнання > Гідравлічні лебідки,0.9,Семантичне співпадіння з гідравлічними лебідками,semantic
1598,Лебідка на гак,,Підйомники > Лебідка на гак,4011,Електричні лебідки,,Позашляхові аксесуари та обладнання > Лебідки та рятувальне обладнання > Електричні лебідки,0.8,Часткове семантичне співпадіння,semantic
1600,Лебідка зі сталевим тросом,,Підйомники > Лебідка зі сталевим тросом,4013,Троси та ремені,,Позашляхові аксесуари та обладнання > Лебідки та рятувальне обладнання > Троси та ремені,0.9,Точне співпадіння з категорією тросів,semantic
1599,Лебідка з синтетичним тросом,,Підйомники > Лебідка з синтетичним тросом,4013,Троси та ремені,,Позашляхові аксесуари та обладнання > Лебідки та рятувальне обладнання > Троси та ремені,0.9,Точне співпадіння з категорією тросів,semantic
1552,Витяжні пристрої 24В,,Підйомники > Витяжні пристрої 24В,4011,Електричні лебідки,,Позашляхові аксесуари та обладнання > Лебідки та рятувальне обладнання > Електричні лебідки,0.8,Часткове семантичне співпадіння з електричними лебідками,semantic
1555,Лебідки для мисливця | для витягування здобичі,,Підйомники > Лебідки для мисливця | для витягування здобичі,4011,Електричні лебідки,,Позашляхові аксесуари та обладнання > Лебідки та рятувальне обладнання > Електричні лебідки,0.9,Семантичне співпадіння з електричними лебідками,semantic
1551,Електричні лебідки,,Підйомники > Електричні лебідки,4011,Електричні лебідки,,Позашляхові аксесуари та обладнання > Лебідки та рятувальне обладнання > Електричні лебідки,0.95,Точне семантичне співпадіння електричних лебідок,exact
1594,Електричні лебідки 220В,,Підйомники > Електричні лебідки 220В,4011,Електричні лебідки,,Позашляхові аксесуари та обладнання > Лебідки та рятувальне обладнання > Електричні лебідки,0.9,"Семантичне співпадіння електричних лебідок, незначні відмінності в напрузі",semantic
1560,Електричні лебідки 230В,,Підйомники > Електричні лебідки 230В,4011,Електричні лебідки,,Позашляхові аксесуари та обладнання > Лебідки та рятувальне обладнання > Електричні лебідки,0.9,"Семантичне співпадіння електричних лебідок, незначні відмінності в напрузі",semantic
1994,Наклейки Бездоріжжя - смішні,,іграшки - купони - наклейки подарунки > Наклейки Бездоріжжя - смішні,9023,Інвертори,,Електроніка та комунікації > Акумулятори та живлення > Інвертори,0.5,Частичное семантическое совпадение с наклейками и антенами,semantic
1639,Амортизатори,,"підвіски, амортизатори, пружини, підйомники > Амортизатори",5001,Амортизатори,,Підвіска та трансмісія > Система підвіски > Амортизатори,1.0,Точное семантическое и структурное совпадение,exact
1638,Амортизатори повороту,,"підвіски, амортизатори, пружини, підйомники > Амортизатори повороту",5001,Амортизатори,,Підвіска та трансмісія > Система підвіски > Амортизатори,0.8,Семантическое совпадение с амортизаторами,semantic
1640,Котушкові підвіски,,"підвіски, амортизатори, пружини, підйомники > Котушкові підвіски",5001,Амортизатори,,Підвіска та трансмісія > Система підвіски > Амортизатори,0.7,Частичное семантическое совпадение с подвеской,semantic
1648,Кермові тяги,,"підвіски, амортизатори, пружини, підйомники > Кермові тяги",5004,Важелі,,Підвіска та трансмісія > Система підвіски > Важелі,0.8,Семантическое совпадение с элементами подвески,semantic
1644,Тяги Панхарда,,"підвіски, амортизатори, пружини, підйомники > Тяги Панхарда",5004,Важелі,,Підвіска та трансмісія > Система підвіски > Важелі,0.8,Семантическое совпадение с элементами подвески,semantic
1649,Скручені / кручені / скрутні прути,,"підвіски, амортизатори, пружини, підйомники > Скручені / кручені / скрутні прути",5004,Важелі,,Підвіска та трансмісія > Система підвіски > Важелі,0.7,Часткове семантичне співпадіння в контексті підвіски,semantic
1650,Інші елементи підвіски,,"підвіски, амортизатори, пружини, підйомники > Інші елементи підвіски",5001,Амортизатори,,Підвіска та трансмісія > Система підвіски > Амортизатори,0.6,Загальна категорія підвіски,general
1636,Підйомники - набори,,"підвіски, амортизатори, пружини, підйомники > Підйомники - набори",5003,Підйомники (ліфти),,Підвіска та трансмісія > Система підвіски > Підйомники (ліфти),1.0,Точне співпадіння за назвою та семантикою,exact
1655,Кріплення амортизаторів повороту,,"підвіски, амортизатори, пружини, підйомники > Кріплення амортизаторів повороту",5001,Амортизатори,,Підвіска та трансмісія > Система підвіски > Амортизатори,0.8,Пов'язано з амортизаторами,semantic
1654,Кріплення тяг Panhard,,"підвіски, амортизатори, пружини, підйомники > Кріплення тяг Panhard",5004,Важелі,,Підвіска та трансмісія > Система підвіски > Важелі,0.7,Пов'язано з елементами підвіски,semantic
1653,Відбійні пристрої,,"підвіски, амортизатори, пружини, підйомники > Відбійні пристрої",5001,Амортизатори,,Підвіска та трансмісія > Система підвіски > Амортизатори,0.6,Часткова семантична близькість з амортизаторами,semantic
1642,Обмежувальні ремені підвіски,,"підвіски, амортизатори, пружини, підйомники > Обмежувальні ремені підвіски",5004,Важелі,,Підвіска та трансмісія > Система підвіски > Важелі,0.7,Пов'язано з елементами підвіски,semantic
1656,Підкладки під пружини,,"підвіски, амортизатори, пружини, підйомники > Підкладки під пружини",5002,Пружини,,Підвіска та трансмісія > Система підвіски > Пружини,1.0,Точне співпадіння за семантикою,exact
1641,Поліуретани,,"підвіски, амортизатори, пружини, підйомники > Поліуретани",5004,Важелі,,Підвіска та трансмісія > Система підвіски > Важелі,0.6,Часткова семантична близькість з елементами підвіски,semantic
1657,Кермові передачі,,"підвіски, амортизатори, пружини, підйомники > Кермові передачі",5004,Важелі,,Підвіска та трансмісія > Система підвіски > Важелі,0.7,Пов'язано з елементами підвіски та керування,semantic
1647,Ресори,,"підвіски, амортизатори, пружини, підйомники > Ресори",5003,Підйомники (ліфти),,Підвіска та трансмісія > Система підвіски > Підйомники (ліфти),0.6,"Часткове семантичне співпадіння з підйомниками, але не точне",semantic
1643,Пружини,,"підвіски, амортизатори, пружини, підйомники > Пружини",5002,Пружини,,Підвіска та трансмісія > Система підвіски > Пружини,1.0,Точне семантичне співпадіння,exact
1645,важелі,,"підвіски, амортизатори, пружини, підйомники > важелі",5004,Важелі,,Підвіска та трансмісія > Система підвіски > Важелі,1.0,Точне семантичне співпадіння,exact
1724,Продуктивність Baxter,,Продуктивність Baxter,Не найдено,Не найдено,,Не найдено,0.0,"Недостаточно информации для сопоставления, нет семантической привязки к существующим категориям",unmatched
1723,Частини MOPAR,,Частини MOPAR,Не найдено,Не найдено,,Не найдено,0.0,"Недостаточно информации для сопоставления, нет семантической привязки к существующим категориям",unmatched
1689,Дахи,,"Елементи кузова і шасі | Багажники, бампери, захисні кришки > Дахи",Не найдено,Не найдено,,Не найдено,0.0,Нет точной категории для крыш в предоставленной структуре,unmatched
1701,Кришка заливної горловини,,"Елементи кузова і шасі | Багажники, бампери, захисні кришки > Кришка заливної горловини",Не найдено,Не найдено,,Не найдено,0.0,Немає точної відповідності в наданій структурі категорій,unmatched
1690,Маски і ґрилі,,"Елементи кузова і шасі | Багажники, бампери, захисні кришки > Маски і ґрилі",Не найдено,Не найдено,,Не найдено,0.0,Немає точної відповідності в наданій структурі категорій,unmatched
1684,"Кріплення до Автомобілів - тримачі до скоб для буксирування, гаки для буксирування",,"Елементи кузова і шасі | Багажники, бампери, захисні кришки > Кріплення до Автомобілів - тримачі до скоб для буксирування, гаки для буксирування",Не найдено,Не найдено,,Не найдено,0.0,Немає точної відповідності в наданій структурі категорій,unmatched
1695,Чохли на автомобіль,,"Елементи кузова і шасі | Багажники, бампери, захисні кришки > Чохли на автомобіль",Не найдено,Не найдено,,Не найдено,0.0,Немає точної відповідності в наданій структурі категорій,unmatched
1698,Кришки багажника | Ролети,,"Елементи кузова і шасі | Багажники, бампери, захисні кришки > Кришки багажника | Ролети",Не найдено,Не найдено,,Не найдено,0.0,Немає точної відповідності в наданій структурі категорій,unmatched
1693,Переміщення табличок,,"Елементи кузова і шасі | Багажники, бампери, захисні кришки > Переміщення табличок",Не найдено,Не найдено,,Не найдено,0.0,Немає відповідної категорії,unmatched
1692,"Запонки, Гвинтики",,"Елементи кузова і шасі | Багажники, бампери, захисні кришки > Запонки, Гвинтики",Не найдено,Не найдено,,Не найдено,0.0,Немає відповідної категорії,unmatched
1696,Корпуси кузова | Твердотільні корпуси,,"Елементи кузова і шасі | Багажники, бампери, захисні кришки > Корпуси кузова | Твердотільні корпуси",Не найдено,Не найдено,,Не найдено,0.0,Немає відповідної категорії,unmatched
1772,Чохли на колеса,,"Диски, Розпірки, Шини > Чохли на колеса",Не найдено,Не найдено,,Не найдено,0.3,Нет точного соответствия в новой структуре,unmatched
1771,Ремонтні комплекти,,"Диски, Розпірки, Шини > Ремонтні комплекти",Не найдено,Не найдено,,Не найдено,0.3,Нет точного соответствия в новой структуре,unmatched
1801,Вільне підключення,,радіостанції - короткохвильові радіо > Вільне підключення,Не найдено,Не найдено,,Не найдено,0.3,Нет точного соответствия в новой структуре,unmatched
1719,Моделі RC,,Моделі RC,Не найдено,Не найдено,,Не найдено,0.0,Немає відповідної категорії в новій структурі. Потребує додаткового уточнення типу товару.,unmatched
1549,Вбивця бруду,,Вбивця бруду,Не найдено,Не найдено,,Не найдено,0.0,Немає чіткого семантичного зв'язку з наявними категоріями,unmatched
1623,Аксесуари для наметів,,"Наметні дахи, Ролети та Аксесуари > Аксесуари для наметів",Не найдено,Не найдено,,Не найдено,0.0,Немає спеціальної категорії для аксесуарів наметів у новій структурі,unmatched
1627,Додатки - Тамбури до наметів,,"Наметні дахи, Ролети та Аксесуари > Додатки - Тамбури до наметів",Не найдено,Не найдено,,Не найдено,0.0,Немає спеціальної категорії для тамбурів наметів,unmatched
1631,Душові кабіни,,"Наметні дахи, Ролети та Аксесуари > Душові кабіни",Не найдено,Не найдено,,Не найдено,0.0,Немає категорії для душових кабін у кемпінговому розділі,unmatched
1628,Москітна сітка,,"Наметні дахи, Ролети та Аксесуари > Москітна сітка",Не найдено,Не найдено,,Не найдено,0.0,Немає спеціальної категорії для москітних сіток,unmatched
1630,Стоянкове опалення,,"Наметні дахи, Ролети та Аксесуари > Стоянкове опалення",Не найдено,Не найдено,,Не найдено,0.0,Немає відповідної категорії в новій структурі,unmatched
1634,Душі,,"Наметні дахи, Ролети та Аксесуари > Душі",Не найдено,Не найдено,,Не найдено,0.0,Немає відповідної категорії в новій структурі,unmatched
1629,"Спальні мішки, матраци, подушки, карімати",,"Наметні дахи, Ролети та Аксесуари > Спальні мішки, матраци, подушки, карімати",Не найдено,Не найдено,,Не найдено,0.3,Немає точної категорії для спальних аксесуарів у наданій структурі,unmatched
1632,Туалети пересувні,,"Наметні дахи, Ролети та Аксесуари > Туалети пересувні",Не найдено,Не найдено,,Не найдено,0.2,Немає відповідної категорії для пересувних туалетів,unmatched
1816,Худі та футболки,,Одяг > Худі та футболки,Не найдено,Не найдено,,Не найдено,0.4,Немає точної категорії для худі та футболок,unmatched
1815,Центральний легкий позашляховик,,Одяг > Центральний легкий позашляховик,Не найдено,Не найдено,,Не найдено,0.2,"Незрозуміла категорія, яка не відповідає наданій структурі",unmatched
1817,Головні убори,,Одяг > Головні убори,Не найдено,Не найдено,,Не найдено,0.3,Немає відповідної категорії для головних уборів,unmatched
1813,Finntrail - вейдерси та водонепроникний одяг,,Одяг > Finntrail - вейдерси та водонепроникний одяг,Не найдено,Не найдено,,Не найдено,0.4,Специфічна категорія водонепроникного одягу без точного відповідника,unmatched
1820,Форма,,Одяг > Форма,Не найдено,Не найдено,,Не найдено,0.3,Немає відповідної категорії для форменого одягу,unmatched
1807,Гаджети Шекла4x4,,Одяг > Гаджети Шекла4x4,Не найдено,Не найдено,,Не найдено,0.0,"Неясна семантика категории, не соответствует стандартным типам одежды",unmatched
1808,Окуляри,,Одяг > Окуляри,Не найдено,Не найдено,,Не найдено,0.0,Окуляри не являются категорией одежды в предоставленной структуре,unmatched
1810,Автомобільні шоломи,,Одяг > Автомобільні шоломи,Не найдено,Не найдено,,Не найдено,0.0,Нет специфической категории для автомобильных шлемов,unmatched
1811,Балаклави,,Одяг > Балаклави,Не найдено,Не найдено,,Не найдено,0.0,Нет точной категории для балаклав в предоставленной структуре,unmatched
1536,Покажчики повороту та підсвітка номерного знака,,Освітлення | LED лампи > Покажчики повороту та підсвітка номерного знака,Не найдено,Не найдено,,Не найдено,0.3,"Специфическая категория указателей поворота, нет точного соответствия",unmatched
1530,Світлодіодні лампи - Круглі,,Освітлення | LED лампи > Світлодіодні лампи - Круглі,Не найдено,Не найдено,,Не найдено,0.3,"Специфическая категория круглых LED-ламп, нет точного соответствия",unmatched
1540,Світильники майстерні,,Освітлення | LED лампи > Світильники майстерні,Не найдено,Не найдено,,Не найдено,0.3,"Специфическая категория светильников для мастерской, нет точного соответствия",unmatched
1538,Освітлення інтер'єру,,Освітлення | LED лампи > Освітлення інтер'єру,Не найдено,Не найдено,,Не найдено,0.3,"Специфическая категория интерьерного освещения, нет точного соответствия",unmatched
1539,Звукові сигнали,,Освітлення | LED лампи > Звукові сигнали,Не найдено,Не найдено,,Не найдено,0.3,Нет точной категории для звуковых сигналов,unmatched
1548,Задні ліхтарі,,Освітлення | LED лампи > Задні ліхтарі,Не найдено,Не найдено,,Не найдено,0.4,Нет специфической категории для задних фонарей,unmatched
1534,Кріплення освітлення,,Освітлення | LED лампи > Кріплення освітлення,Не найдено,Не найдено,,Не найдено,0.3,Нет точной категории для креплений освещения,unmatched
1533,Вимикачі кабелі реле аксесуари,,Освітлення | LED лампи > Вимикачі кабелі реле аксесуари,Не найдено,Не найдено,,Не найдено,0.3,Нет специфической категории для электрических аксессуаров,unmatched
1535,Автомобільні лампочки,,Освітлення | LED лампи > Автомобільні лампочки,Не найдено,Не найдено,,Не найдено,0.3,Нет точной категории для автомобильных лампочек,unmatched
1728,Комплекти LED-ламп присвячених для автомобілів,,Освітлення | LED лампи > Комплекти LED-ламп присвячених для автомобілів,Не найдено,Не найдено,,Не найдено,0.3,Нет специфической категории для LED-комплектов для автомобилей,unmatched
1791,Гамаки - Квиток до місяця,,Зовнішній - Туристичні та кемпінгові аксесуари > Гамаки - Квиток до місяця,Не найдено,Не найдено,,Не найдено,0.0,Нет точного соответствия для гамаков в новой структуре категорий,unmatched
1785,Кресива і запальнички,,Зовнішній - Туристичні та кемпінгові аксесуари > Кресива і запальнички,Не найдено,Не найдено,,Не найдено,0.0,Нет точного соответствия для зажигалок и спичек в новой структуре,unmatched
1783,Точилки,,Зовнішній - Туристичні та кемпінгові аксесуари > Точилки,Не найдено,Не найдено,,Не найдено,0.5,Нет точной категории для точилок,unmatched
1789,Пили,,Зовнішній - Туристичні та кемпінгові аксесуари > Пили,Не найдено,Не найдено,,Не найдено,0.5,Нет точной категории для пил,unmatched
1796,Душ туристичний,,Зовнішній - Туристичні та кемпінгові аксесуари > Душ туристичний,Не найдено,Не найдено,,Не найдено,0.5,Нет точной категории для туристического душа,unmatched
1777,Срібна Стрічка - стрічки McGyver,,Зовнішній - Туристичні та кемпінгові аксесуари > Срібна Стрічка - стрічки McGyver,Не знайдено,Не найдено,,Не найдено,0.2,Немає точної відповідності в новій структурі,unmatched
1797,Спальні мішки і килимки,,Зовнішній - Туристичні та кемпінгові аксесуари > Спальні мішки і килимки,Не знайдено,Не найдено,,Не найдено,0.5,Немає точної категорії для спальних мішків та килимків,unmatched
1794,Засоби від комах,,Зовнішній - Туристичні та кемпінгові аксесуари > Засоби від комах,Не знайдено,Не найдено,,Не найдено,0.3,Немає відповідної категорії для засобів від комах,unmatched
1798,Туалети для кемпінгу,,Зовнішній - Туристичні та кемпінгові аксесуари > Туалети для кемпінгу,Не знайдено,Не найдено,,Не найдено,0.2,Немає категорії для кемпінгових туалетів,unmatched
1726,Рекомендовані,,Рекомендовані,Не знайдено,Не найдено,,Не найдено,0.0,"Технічна категорія, яка не має відповідника в структурі товарів",unmatched
1934,Доступ до частин,,Квади - частини і аксесуари > Доступ до частин,Не знайдено,Не найдено,,Не найдено,0.3,Немає чіткої відповідності в категоріях квадроциклів,unmatched
1923,Динаміки для Quadów та UTV,,"Квади - частини і аксесуари > Додаткові аксесуари, що підходять лише до UTV > Динаміки для Quadów та UTV",Не знайдено,Не найдено,,Не найдено,0.3,Немає точної категорії для аудіоаксесуарів для квадроциклів,unmatched
1924,Повітронагрівачі для UTV,,"Квади - частини і аксесуари > Додаткові аксесуари, що підходять лише до UTV > Повітронагрівачі для UTV",Не знайдено,Не найдено,,Не найдено,0.4,Специфічний аксесуар без точної відповідності,unmatched
1823,Зимові аксесуари з підігрівом,,Квади - частини і аксесуари > Зимові аксесуари з підігрівом,Не знайдено,Не найдено,,Не найдено,0.3,Немає спеціалізованої категорії для зимових аксесуарів з підігрівом,unmatched
1957,Бульдог,,Квади - частини і аксесуари > Бульдог,Не знайдено,Не найдено,,Не найдено,0.2,Неоднозначна категорія без чіткого семантичного зв'язку,unmatched
1962,Німецький фондовий індекс,,Квади - частини і аксесуари > Німецький фондовий індекс,Не найдено,Не найдено,,Не найдено,0.0,Не относится к категории квадроциклов или их аксессуаров,unmatched
1964,Гнучкий Fasst,,Квади - частини і аксесуари > Гнучкий Fasst,Не найдено,Не найдено,,Не найдено,0.3,Недостаточно информации для точного сопоставления,unmatched
1966,Розсіювач,,Квади - частини і аксесуари > Розсіювач,Не найдено,Не найдено,,Не найдено,0.2,Нет точного соответствия в новой структуре,unmatched
1950,Лисиця,,Квади - частини і аксесуари > Лисиця,Не найдено,Не найдено,,Не найдено,0.1,"Неясная категория, нет соответствия",unmatched
1939,Звільнене з'єднання,,Квади - частини і аксесуари > Звільнене з'єднання,Не найдено,Не найдено,,Не найдено,0.2,Нет точного технического соответствия,unmatched
1854,Гусениці до Quadów,,Квади - частини і аксесуари > Гусениці до Quadów,Не найдено,Не найдено,,Не найдено,0.3,"Специфичный компонент, не представленный в основной структуре",unmatched
1968,Вогнегасник,,Квади - частини і аксесуари > Вогнегасник,Не найдено,Не найдено,,Не найдено,0.2,"Специальное оборудование безопасности, отсутствует в категориях",unmatched
1963,Графіка Segway,,Квади - частини і аксесуари > Графіка Segway,Не найдено,Не найдено,,Не найдено,0.1,"Декоративный элемент, не имеющий технической категории",unmatched
1988,Гумові вироби,,Квади - частини і аксесуари > Гумові вироби,Не найдено,Не найдено,,Не найдено,0.3,Общая категория резиновых изделий без точного технического соответствия,unmatched
1960,Кабіни UTV,,Квади - частини і аксесуари > Кабіни UTV,Не найдено,Не найдено,,Не найдено,0.0,Немає точної відповідності в наданій структурі категорій,unmatched
1990,Комбінезони для снігоходу,,Квади - частини і аксесуари > Комбінезони для снігоходу,Не найдено,Не найдено,,Не найдено,0.0,Нет соответствующей категории для комбинезонов для снегохода в предоставленной структуре,unmatched
1921,Газонокосарки для Quadów ATV,,Квади - частини і аксесуари > Газонокосарки для Quadów ATV,Не найдено,Не найдено,,Не найдено,0.0,Нет соответствующей категории для газонокосилок в структуре,unmatched
1866,Музичні інструменти та обладнання,,Квади - частини і аксесуари > Оригінальне обладнання виробника > Музичні інструменти та обладнання,Не найдено,Не найдено,,Не найдено,0.0,Немає відповідної категорії для музичних інструментів у наданій структурі,unmatched
1847,Додатковий бак палива ATV,,"Квади - частини і аксесуари > Захисні кожухи, підлоги, бампери, монтажні плити лебідки > Додатковий бак палива ATV",Не найдено,Не найдено,,Не найдено,0.0,Немає спеціальної категорії для паливних баків квадроциклів,unmatched
1849,Кулі гака та кріплення,,"Квади - частини і аксесуари > Захисні кожухи, підлоги, бампери, монтажні плити лебідки > Кулі гака та кріплення",Не найдено,Не найдено,,Не найдено,0.0,Немає відповідної категорії для куль гака та кріплень,unmatched
1842,Труби до квадроциклів,,"Квади - частини і аксесуари > Захисні кожухи, підлоги, бампери, монтажні плити лебідки > Труби до квадроциклів",Не найдено,Не найдено,,Не найдено,0.0,Немає спеціальної категорії для труб квадроциклів,unmatched
1848,Захисні ковпаки ламп,,"Квади - частини і аксесуари > Захисні кожухи, підлоги, бампери, монтажні плити лебідки > Захисні ковпаки ламп",Не найдено,Не найдено,,Не найдено,0.3,"Специфічний елемент захисту, який не має точної відповідності в новій структурі",unmatched
1985,Дефлектори,,Квади - частини і аксесуари > Дефлектори,Не найдено,Не найдено,,Не найдено,0.3,Немає точної відповідності в наданій структурі категорій,unmatched
1973,Оберти Домінатор,,Квади - частини і аксесуари > Оберти Домінатор,Не знайдено,Не найдено,,Не найдено,0.2,Недостатньо інформації для точного зіставлення,unmatched
1938,Segway частини,,Квади - частини і аксесуари > Segway частини,Не знайдено,Не найдено,,Не найдено,0.3,Немає відповідної категорії для Segway,unmatched
1919,автомобільні запчастини,,Квади - частини і аксесуари > Двигун і обладнання > автомобільні запчастини,Не знайдено,Не найдено,,Не найдено,0.2,"Занадто загальна категорія, немає точного збігу",unmatched
1983,Скло LS2,,Квади - частини і аксесуари > Скло LS2,Не найдено,Не найдено,,Не найдено,0.3,Нет точной категории для стекол,unmatched
1928,Водолазні квадроцикли,,Квади - частини і аксесуари > Тюнінг і модифікації > Водолазні квадроцикли,Не найдено,Не найдено,,Не найдено,0.2,Специфическая модификация без точной категории,unmatched
1927,Тюнінг Can-am,,Квади - частини і аксесуари > Тюнінг і модифікації > Тюнінг Can-am,Не найдено,Не найдено,,Не найдено,0.3,Нет точного соответствия для тюнинга Can-am в новой структуре,unmatched
1931,Велика гармата,,Квади - частини і аксесуари > Тюнінг і модифікації > Вихідні системи для квадроциклів Паливні тюнери EFI > Велика гармата,Не найдено,Не найдено,,Не найдено,0.3,Нет точного соответствия для топливных тюнеров в новой структуре,unmatched
1899,Захисні чохли для карданних валів квадроцикла,,Квади - частини і аксесуари > Система приводу для Quad > Захисні чохли для карданних валів квадроцикла,Не найдено,Не найдено,,Не найдено,0.4,Нет точной категории для защитных чехлов карданных валов,unmatched
1901,Пасики приводні,,Квади - частини і аксесуари > Система приводу для Quad > Ремені приводні для квадроциклів > Пасики приводні,Не найдено,Не найдено,,Не найдено,0.3,Нет точной категории для приводных ремней,unmatched
1903,Брами,,Квади - частини і аксесуари > Система приводу для Quad > Ремені приводні для квадроциклів > Брами,Не найдено,Не найдено,,Не найдено,0.3,"Специфічна підкатегорія приводних ременів, яка не має прямого збігу в новій структурі",unmatched
1902,Оригінальні Приводні Ремені,,Квади - частини і аксесуари > Система приводу для Quad > Ремені приводні для квадроциклів > Оригінальні Приводні Ремені,Не найдено,Не найдено,,Не найдено,0.3,"Специфічна підкатегорія приводних ременів, яка не має прямого збігу в новій структурі",unmatched
1904,Пас TGB,,Квади - частини і аксесуари > Система приводу для Quad > Ремені приводні для квадроциклів > Пас TGB,Не найдено,Не найдено,,Не найдено,0.3,"Специфічна підкатегорія приводних ременів, яка не має прямого збігу в новій структурі",unmatched
1948,Усі продукти,,Квади - частини і аксесуари > Усі продукти,Не знайдено,Не найдено,,Не найдено,0.0,Загальна категорія без конкретного технічного призначення,unmatched
1982,Підмітальні машини,,Квади - частини і аксесуари > Підмітальні машини,Не знайдено,Не найдено,,Не найдено,0.0,"Специфічне обладнання, яке не входить до наявних категорій",unmatched
1894,Підігріті манекени,,Квади - частини і аксесуари > Підвіска / Кермова система Quad > Підігріті манекени,Не знайдено,Не найдено,,Не найдено,0.0,Немає відповідної категорії в новій структурі,unmatched
1703,Рами до автомобілів 4x4 і Ремонтні комплекти,,Рами до автомобілів 4x4 і Ремонтні комплекти,Не найдено,Не найдено,,Не найдено,0.2,Немає точної відповідної категорії в новій структурі,unmatched
1720,Турбо двигун заміна,,Турбо двигун заміна,Не найдено,Не найдено,,Не найдено,0.3,Немає точної відповідної категорії в новій структурі,unmatched
1760,"Torby - сумки
i - і
akcesoria - аксесуари

Переклад: сумки і аксесуари MOLLE",,"Скрині та похідні сумки > Torby - сумки
i - і
akcesoria - аксесуари

Переклад: сумки і аксесуари MOLLE",Не найдено,Не найдено,,Не найдено,0.4,Немає точної відповідної категорії в новій структурі,unmatched
1717,"Машини для внесення рідких добрив, Сівалки, Розкидачі добрив",,"Машини для внесення рідких добрив, Сівалки, Розкидачі добрив",Не найдено,Не найдено,,Не найдено,0.0,Немає відповідної категорії в наданій структурі,unmatched
1708,Трапи та Наїзди,,Трапи та Наїзди,Не найдено,Не найдено,,Не найдено,0.0,Немає відповідної категорії в наданій структурі,unmatched
1678,Система охолодження,,Система охолодження,Не найдено,Не найдено,,Не найдено,0.0,Немає відповідної категорії в наданій структурі,unmatched
1664,Компресори для блокувань,,"Система приводу > Блокування мосту, диференціали і передачі > Компресори для блокувань",Не найдено,Не найдено,,Не найдено,0.5,Нет точного соответствия для компрессоров блокировок,unmatched
1669,Зчеплення Тюнінгові Посилені,,Система приводу > Зчеплення Тюнінгові Посилені,Не найдено,Не найдено,,Не найдено,0.3,Нет точного соответствия в новой структуре,unmatched
1674,Монтажні комплекти,,Система приводу > Монтажні комплекти,Не найдено,Не найдено,,Не найдено,0.2,Нет точного соответствия в новой структуре,unmatched
1676,Ремонтні комплекти трансмісії,,Система приводу > Ремонтні комплекти трансмісії,Не найдено,Не найдено,,Не найдено,0.3,Нет точного соответствия в новой структуре,unmatched
1750,аксесуари для снорклінгу - фільтри тощо,,Система випуску та впуску > аксесуари для снорклінгу - фільтри тощо,Не найдено,Не найдено,,Не найдено,0.1,Нет семантического соответствия в новой структуре,unmatched
1751,Трубка для плавання,,Система випуску та впуску > Трубка для плавання,Не знайдено,Не найдено,,Не найдено,0.0,Немає відповідної категорії в новій структурі,unmatched
1736,Аксесуари інтер'єру,,"Інтер'єр - організація багажу, забудова, столики > Аксесуари інтер'єру",Не знайдено,Не найдено,,Не найдено,0.0,Немає відповідної категорії в новій структурі,unmatched
1733,Килимки і покриття,,"Інтер'єр - організація багажу, забудова, столики > Килимки і покриття",Не знайдено,Не найдено,,Не найдено,0.0,Немає відповідної категорії в новій структурі,unmatched
1734,Крісла і чохли,,"Інтер'єр - організація багажу, забудова, столики > Крісла і чохли",Не знайдено,Не найдено,,Не найдено,0.0,Немає відповідної категорії в новій структурі,unmatched
1743,Автокрісла Sparco для дітей,,"Інтер'єр - організація багажу, забудова, столики > Автокрісла Sparco для дітей",Не знайдено,Не найдено,,Не найдено,0.0,Немає відповідної категорії в новій структурі,unmatched
1748,та інші,,"Інтер'єр - організація багажу, забудова, столики > та інші",Не знайдено,Не найдено,,Не найдено,0.0,Немає відповідної категорії в новій структурі,unmatched
1747,Підвісні та інші камери,,"Інтер'єр - організація багажу, забудова, столики > Підвісні та інші камери",Не знайдено,Не найдено,,Не найдено,0.0,Немає відповідної категорії в новій структурі,unmatched
1735,Консоль даху,,"Інтер'єр - організація багажу, забудова, столики > Консоль даху",Не найдено,Не найдено,,Не найдено,0.2,Нет точного соответствия в новой структуре категорий,unmatched
1745,Педальний командир,,"Інтер'єр - організація багажу, забудова, столики > Педальний командир",Не найдено,Не найдено,,Не найдено,0.2,Нет точного соответствия в новой структуре категорий,unmatched
1744,Нахиломіри,,"Інтер'єр - організація багажу, забудова, столики > Нахиломіри",Не найдено,Не найдено,,Не найдено,0.2,Нет точного соответствия в новой структуре категорий,unmatched
1732,Столики на двері,,"Інтер'єр - організація багажу, забудова, столики > Столики на двері",Не найдено,Не найдено,,Не найдено,0.2,Нет точного соответствия в новой структуре категорий,unmatched
1740,Популярні ручки,,"Інтер'єр - організація багажу, забудова, столики > Тримачі та кріплення для смартфонів та інших пристроїв > Популярні ручки",Не найдено,Не найдено,,Не найдено,0.2,Нет точного соответствия в новой структуре категорий,unmatched
1730,Ручки і тримачі,,"Інтер'єр - організація багажу, забудова, столики > Ручки і тримачі",Не знайдено,Не найдено,,Не найдено,0.3,Немає точної відповідності в новій структурі,unmatched
1746,Забудова,,"Інтер'єр - організація багажу, забудова, столики > Забудова",Не знайдено,Не найдено,,Не найдено,0.2,Немає точної відповідності в новій структурі,unmatched
1553,До дорожньої допомоги | Евакуатори,,Підйомники > До дорожньої допомоги | Евакуатори,Не знайдено,Не найдено,,Не найдено,0.3,Немає точної відповідності в новій структурі,unmatched
1557,позашляховики,,Підйомники > позашляховики,Не знайдено,Не найдено,,Не найдено,0.2,Немає точної відповідності в новій структурі,unmatched
1562,Виключники струму,,Підйомники > Виключники струму,Не знайдено,Не найдено,,Не найдено,0.2,Немає точної відповідності в новій структурі,unmatched
1593,Буксирування,,Підйомники > Буксирування,Не знайдено,Не найдено,,Не найдено,0.2,Немає точної відповідності в новій структурі,unmatched
1590,Якорі,,Підйомники > Якорі,Не знайдено,Не найдено,,Не найдено,0.2,Немає точної відповідності в новій структурі,unmatched
1589,Щітки для пилососів,,Підйомники > Щітки для пилососів,Не найдено,Не найдено,,Не найдено,0.0,Категория не связана с существующими категориями в новой структуре,unmatched
1554,Витяжні пристрої для вантажівок,,Підйомники > Витяжні пристрої для вантажівок,Не найдено,Не найдено,,Не найдено,0.2,Специфічна категорія без прямого відповідника в новій структурі,unmatched
1558,Ручні лебідки,,Підйомники > Ручні лебідки,Не найдено,Не найдено,,Не найдено,0.3,Немає прямого відповідника для ручних лебідок,unmatched
1597,Майстерні лебідки,,Підйомники > Майстерні лебідки,Не найдено,Не найдено,,Не найдено,0.2,Специфічна категорія без прямого відповідника,unmatched
1591,Журавлі,,Підйомники > Журавлі,Не найдено,Не найдено,,Не найдено,0.1,Немає відповідної категорії в новій структурі,unmatched
1725,Розпродаж / Акції / Набори,,Розпродаж / Акції / Набори,Не найдено,Не найдено,,Не найдено,0.1,Службова категорія розпродажу без технічного призначення,unmatched
1996,Кепки,,іграшки - купони - наклейки подарунки > Кепки,Не найдено,Не найдено,,Не найдено,0.2,Немає відповідної категорії для кепок в новій структурі,unmatched
1995,Футболки Толстовки,,іграшки - купони - наклейки подарунки > Футболки Толстовки,Не найдено,Не найдено,,Не найдено,0.2,Немає відповідної категорії для футболок і толстовок в новій структурі,unmatched
1993,Подарункові купони,,іграшки - купони - наклейки подарунки > Подарункові купони,Не найдено,Не найдено,,Не найдено,0.0,Нет соответствующей категории в новой структуре для подарочных купонов,unmatched
1998,М'які іграшки та Іграшки і Ігри,,іграшки - купони - наклейки подарунки > М'які іграшки та Іграшки і Ігри,Не найдено,Не найдено,,Не найдено,0.0,Нет соответствующей категории для мягких игрушек,unmatched
1997,Вішак і Брелоки - Jeep,,іграшки - купони - наклейки подарунки > Вішак і Брелоки - Jeep,Не найдено,Не найдено,,Не найдено,0.0,Нет соответствующей категории для брелоков,unmatched
1651,Сервісні частини,,"підвіски, амортизатори, пружини, підйомники > Сервісні частини",Не найдено,Не найдено,,Не найдено,0.0,Слишком общая категория без точного соответствия,unmatched
1646,Стабілізатори та з'єднувачі стабілізатора,,"підвіски, амортизатори, пружини, підйомники > Стабілізатори та з'єднувачі стабілізатора",Не знайдено,Не найдено,,Не найдено,0.3,Немає точної відповідності в новій структурі,unmatched
1652,Вуса передачі,,"підвіски, амортизатори, пружини, підйомники > Вуса передачі",Не знайдено,Не найдено,,Не найдено,0.2,Немає точної відповідності в новій структурі,unmatched
1637,Ремонтні комплекти амортизаторів,,"підвіски, амортизатори, пружини, підйомники > Ремонтні комплекти амортизаторів",Не знайдено,Не найдено,,Не найдено,0.4,"Часткове семантичне співпадіння з амортизаторами, але немає точної категорії",unmatched
